update,step,lr,sps,success,ret,len,n_eps,pg_loss,v_loss,entropy,approx_kl,clipfrac,ev,phi_r2,ev_resid,h_dir_car,h_dir_off,h_spd_car,h_spd_off,h_ball_car,h_ball_off,c_slow,c_team,speed,n_succ
1,768,0.0003,419.2,0.0,0.74018,49.8,5,-0.00603,0.019814,3.306857,0.004087,0.037109,0.590416,0.076729,0.606331,2.193079,2.191999,1.097809,1.097328,2.291527,0.0,0.961458,1.0,0.940366,0.0
5,3840,0.00029815668202764974,437.0,0.028571,0.770126,95.514286,35,-0.004764,0.012757,3.275459,0.003403,0.032684,0.719213,0.433663,0.546727,2.173259,2.16725,1.092392,1.091227,2.254549,0.0,0.957031,1.0,0.953184,0.0
10,7680,0.0002958525345622119,411.9,0.037975,0.83977,90.037975,79,-0.005936,0.005344,3.245616,0.004143,0.041687,0.763011,0.773474,0.186748,2.147541,2.138787,1.091563,1.091742,2.162915,0.0,0.955078,1.0,0.967864,0.0
15,11520,0.00029354838709677415,404.7,0.06,0.878521,91.2,120,-0.004942,0.007366,3.187869,0.004018,0.040558,0.694119,0.666148,0.293454,2.117034,2.088279,1.087368,1.085771,2.100912,0.0,0.914062,1.0,1.108095,0.0
20,15360,0.0002912442396313364,395.1,0.03,0.875293,91.43,165,-0.005045,0.005935,3.173825,0.003683,0.034485,0.75339,0.763666,0.208324,2.111667,2.071986,1.086764,1.080213,2.060599,0.0,0.897786,1.0,1.110049,0.0
25,19200,0.0002889400921658986,393.9,0.03,0.91861,81.95,216,-0.004543,0.010602,3.182495,0.003561,0.031219,0.64761,0.790588,-0.573733,2.122482,2.093706,1.077172,1.07608,2.054947,0.0,0.90599,1.0,1.090717,1.0
30,23040,0.0002866359447004608,394.8,0.03,0.899664,75.34,268,-0.007418,0.004787,3.150469,0.005217,0.059418,0.884329,0.81525,0.397077,2.083832,2.069016,1.070144,1.069363,1.946865,0.0,0.891406,1.0,1.127244,0.0
35,26880,0.00028433179723502303,390.5,0.0,0.843821,73.84,318,-0.00706,0.004153,3.155229,0.005069,0.060577,0.796166,0.848599,-0.008719,2.089147,2.076751,1.067923,1.064642,1.895541,0.0,0.890365,1.0,1.118346,0.0
40,30720,0.00028202764976958527,388.8,0.0,0.835417,85.33,359,-0.006689,0.002972,3.191262,0.004588,0.053986,0.875324,0.935049,-0.861952,2.115273,2.096248,1.082173,1.078262,1.881575,0.0,0.923828,1.0,1.040144,0.0
45,34560,0.00027972350230414745,389.5,0.01,0.847857,83.44,412,-0.005268,0.002543,3.142424,0.004232,0.042419,0.928723,0.846303,0.548277,2.049239,2.045498,1.079423,1.073121,1.711148,0.0,0.905859,1.0,1.061616,0.0
50,38400,0.0002774193548387096,389.4,0.06,0.866132,72.34,468,-0.006965,0.003752,3.132542,0.004588,0.051849,0.847582,0.877361,-0.214977,2.083079,2.052037,1.068847,1.070044,1.761512,0.0,0.917708,0.998698,1.062309,0.0
55,42240,0.00027511520737327186,389.6,0.05,0.861342,75.91,511,-0.006655,0.002101,3.082769,0.004829,0.05777,0.945683,0.938985,0.113692,2.048479,2.012928,1.046492,1.047525,1.815952,0.0,0.905078,1.0,1.100154,0.0
60,46080,0.0002728110599078341,391.1,0.02,0.888155,76.55,564,-0.00702,0.004427,3.077664,0.005056,0.064911,0.902135,0.930565,-0.402582,2.035487,2.021718,1.035538,1.041561,1.769349,0.0,0.909375,1.0,1.102709,0.0
65,49920,0.0002705069124423963,392.0,0.03,0.906196,79.13,609,-0.007759,0.006888,3.079723,0.00566,0.073883,0.641662,0.6682,0.010681,2.074566,2.047276,1.020713,1.025669,1.77673,0.0,0.93737,1.0,1.019653,1.0
70,53760,0.0002682027649769585,392.8,0.02,0.861464,86.09,656,-0.006186,0.002743,3.066571,0.004067,0.038879,0.885809,0.720827,0.640893,2.07861,2.057183,0.990445,0.999306,1.772136,0.0,0.926432,1.0,1.040697,0.0
75,57600,0.0002658986175115207,392.7,0.03,0.849595,72.45,713,-0.007506,0.003513,3.081818,0.004997,0.05542,0.860469,0.90148,-0.409781,2.092758,2.06721,1.017853,1.012288,1.725268,0.0,0.944922,1.0,0.981216,0.0
80,61440,0.0002635944700460829,393.7,0.03,0.868578,70.67,762,-0.008076,0.002378,3.053003,0.005375,0.067474,0.930955,0.955737,0.032615,2.051314,2.037957,1.008975,1.003339,1.671152,0.0,0.930078,1.0,1.033316,0.0
85,65280,0.00026129032258064515,394.1,0.0,0.851375,72.28,823,-0.006639,0.00174,3.060751,0.004519,0.047974,0.946487,0.906163,0.440076,2.042073,2.035828,1.008119,1.000134,1.498506,0.0,0.925391,1.0,1.020165,0.0
90,69120,0.00025898617511520733,394.4,0.02,0.886723,68.65,876,-0.00592,0.00867,3.072276,0.004655,0.051788,0.676692,0.736381,-0.207363,2.053283,2.044747,1.042362,1.024803,1.336829,0.0,0.940885,1.0,0.974194,1.0
95,72960,0.00025668202764976957,393.4,0.02,0.879475,72.45,929,-0.005873,0.001751,3.014174,0.005053,0.067993,0.951535,0.942667,0.166412,2.05444,2.0295,0.976157,0.976884,1.379598,0.0,0.944661,1.0,0.970117,0.0
100,76800,0.0002543778801843318,391.6,0.03,0.895104,75.45,981,-0.008374,0.003091,2.994457,0.005353,0.06723,0.919502,0.907919,0.143004,2.032657,2.032834,0.948045,0.956667,1.206699,0.0,0.939453,1.0,0.993541,0.0
105,80640,0.000252073732718894,388.9,0.03,0.922671,72.66,1030,-0.006579,0.002104,3.027524,0.004623,0.052124,0.945772,0.968228,-0.706368,2.049995,2.042334,0.973348,0.975784,1.22074,0.0,0.930729,1.0,1.011541,0.0
110,84480,0.0002497695852534562,386.8,0.03,0.88641,57.86,1107,-0.006784,0.010244,3.032465,0.00557,0.072205,0.714785,0.768363,-0.073667,2.035192,2.010326,1.023152,1.00922,1.340149,0.0,0.914714,1.0,1.043638,1.0
115,88320,0.0002474654377880184,386.0,0.02,0.88471,60.0,1175,-0.007751,0.001999,3.020582,0.004936,0.054443,0.921085,0.954546,-0.50143,2.042827,2.033817,0.992496,0.977195,1.196684,0.0,0.910156,1.0,1.081946,0.0
120,92160,0.0002451612903225806,386.2,0.02,0.887489,58.37,1237,-0.008012,0.002364,2.999309,0.005068,0.059265,0.921248,0.913654,0.126634,1.996963,2.020018,0.989125,0.971006,1.197373,0.0,0.902734,1.0,1.110536,0.0
125,96000,0.00024285714285714283,386.7,0.03,0.917069,57.89,1301,-0.005991,0.003028,2.983565,0.004909,0.052002,0.916827,0.943261,-0.464028,1.974243,2.004509,0.982063,0.979245,1.101401,0.0,0.904557,0.988281,1.082669,0.0
130,99840,0.00024055299539170504,387.1,0.04,0.915795,64.21,1351,-0.006045,0.003076,3.024759,0.004444,0.053406,0.881882,0.870742,0.092032,1.992156,2.02134,0.997738,1.000909,1.261145,0.0,0.909375,1.0,1.093387,0.0
135,103680,0.00023824884792626727,387.3,0.03,0.866693,60.3,1419,-0.006578,0.002612,2.93994,0.004316,0.042694,0.923149,0.887236,0.319595,1.93285,1.955829,1.003852,0.977757,1.016378,0.0,0.864714,0.994792,1.182472,0.0
140,107520,0.00023594470046082948,387.3,0.05,0.914281,59.34,1486,-0.006433,0.009942,2.950476,0.006379,0.082733,0.721807,0.639235,0.254959,1.949748,1.981169,0.96345,0.965023,1.182302,0.0,0.872005,0.971354,1.149325,2.0
145,111360,0.00023364055299539169,387.2,0.04,0.898221,60.7,1551,-0.007271,0.002255,2.9792,0.004777,0.054535,0.938088,0.950757,-0.216984,1.964374,1.962357,1.002096,0.994749,1.407598,0.0,0.898698,0.998698,1.090019,0.0
150,115200,0.0002313364055299539,387.1,0.0,0.837953,57.26,1614,-0.00746,0.001255,2.94311,0.005239,0.061005,0.964618,0.968364,-0.05294,1.916555,1.952128,0.982947,0.987617,1.242971,0.0,0.888021,0.986979,1.063871,0.0
155,119040,0.0002290322580645161,387.3,0.0,0.807117,63.55,1674,-0.006149,0.002803,2.901085,0.00454,0.047363,0.924084,0.953264,-0.617228,1.857489,1.90124,0.977452,0.979478,1.197534,0.0,0.83138,0.976562,1.262361,0.0
160,122880,0.00022672811059907833,387.9,0.03,0.860016,61.14,1734,-0.005788,0.008415,2.894081,0.004912,0.060028,0.782053,0.776473,0.030166,1.821124,1.900199,1.014522,0.998747,1.175536,0.0,0.860417,0.983073,1.174052,1.0
165,126720,0.00022442396313364054,388.1,0.08,0.978571,58.41,1803,-0.006146,0.009864,2.889181,0.00557,0.069946,0.708223,0.741428,-0.125549,1.858394,1.893779,1.012684,0.975597,1.382935,0.0,0.821745,0.976562,1.278254,1.0
170,130560,0.00022211981566820275,388.2,0.04,0.939094,62.55,1856,-0.006718,0.002476,2.889846,0.004819,0.055237,0.935603,0.947039,-0.15523,1.845719,1.889601,1.016367,0.99412,1.273699,0.0,0.795313,0.970052,1.348447,0.0
175,134400,0.00021981566820276498,388.4,0.02,0.922242,56.79,1928,-0.00715,0.00206,2.857752,0.005389,0.061859,0.934844,0.929586,0.099589,1.842704,1.83384,1.029202,1.011116,1.373091,0.0,0.785547,0.960938,1.375236,0.0
180,138240,0.00021751152073732716,387.4,0.02,0.892977,65.84,1976,-0.006227,0.002127,2.838238,0.004563,0.047913,0.941962,0.946203,-0.070789,1.901065,1.850405,1.011328,0.991272,1.256739,0.0,0.745833,0.964844,1.441413,0.0
185,142080,0.00021520737327188936,387.3,0.03,0.846259,74.0,2033,-0.005368,0.006674,2.886781,0.004016,0.043945,0.841733,0.824234,0.101673,1.883454,1.868188,1.001313,1.00747,1.081066,0.0,0.803646,0.971354,1.316527,1.0
190,145920,0.0002129032258064516,386.2,0.03,0.87929,63.67,2103,-0.007448,0.001661,2.876325,0.004027,0.046539,0.951957,0.944775,0.152204,1.863562,1.856754,1.016335,1.009291,0.944054,0.0,0.788021,0.964844,1.349132,0.0
195,149760,0.0002105990783410138,385.7,0.02,0.853491,65.7,2152,-0.004722,0.008769,2.81705,0.005386,0.062927,0.826676,0.756524,0.288852,1.887836,1.814772,1.017613,0.996199,0.898533,0.0,0.823698,0.972656,1.25446,1.0
200,153600,0.000208294930875576,385.2,0.03,0.891719,74.8,2203,-0.004981,0.001244,2.774244,0.004317,0.045929,0.953692,0.918457,0.45818,1.881373,1.778205,1.017758,1.002142,0.907143,0.0,0.748568,0.936198,1.430195,0.0
205,157440,0.00020599078341013825,384.8,0.03,0.896214,61.92,2272,-0.005629,0.001949,2.83035,0.004632,0.048279,0.948633,0.947994,0.021601,1.861612,1.834554,0.995886,0.991257,1.110091,0.0,0.815365,0.97526,1.291708,0.0
210,161280,0.00020368663594470042,384.5,0.02,0.89081,65.51,2326,-0.007397,0.007391,2.798358,0.005064,0.061005,0.852861,0.880291,-0.2257,1.867813,1.811293,0.99826,0.975942,1.170229,0.0,0.796484,0.93099,1.309017,1.0
215,165120,0.00020138248847926263,384.1,0.03,0.906135,69.32,2385,-0.006512,0.001312,2.813727,0.004405,0.044952,0.960569,0.954593,0.145967,1.849505,1.80619,0.995116,0.983883,1.250864,0.0,0.789583,0.911458,1.335358,0.0
220,168960,0.00019907834101382487,383.4,0.05,0.924278,63.01,2450,-0.005629,0.008939,2.763356,0.00396,0.039337,0.819701,0.81658,0.03923,1.768206,1.807727,0.990704,0.953478,1.107262,0.0,0.821484,0.947917,1.261026,1.0
225,172800,0.00019677419354838707,383.3,0.02,0.862377,63.58,2514,-0.0074,0.002157,2.747889,0.00535,0.059753,0.941079,0.973569,-1.140984,1.778003,1.790043,0.991143,0.950435,1.192701,0.0,0.815234,0.936198,1.27162,0.0
230,176640,0.00019447004608294928,383.2,0.03,0.857988,64.5,2575,-0.00718,0.002041,2.795689,0.004863,0.052979,0.945119,0.924242,0.288175,1.790966,1.785717,0.99573,0.98037,1.192315,0.0,0.875,0.986979,1.122702,0.0
235,180480,0.0001921658986175115,383.1,0.04,0.877993,73.68,2622,-0.006552,0.003108,2.790816,0.004719,0.047272,0.914899,0.906307,0.166756,1.791351,1.795155,1.012971,0.990232,1.241391,0.0,0.894922,1.0,1.05021,0.0
240,184320,0.00018986175115207375,383.0,0.03,0.877408,83.68,2663,-0.005968,0.002691,2.754566,0.004503,0.041473,0.93169,0.92946,0.04423,1.837201,1.76545,1.014137,0.98388,1.029932,0.0,0.861849,1.0,1.141081,0.0
245,188160,0.0001875576036866359,382.9,0.02,0.889945,84.6,2712,-0.006468,0.001863,2.759539,0.004367,0.050232,0.957349,0.962798,-0.104842,1.811239,1.774565,1.013465,0.974992,1.111461,0.0,0.907812,1.0,1.044925,0.0
250,192000,0.00018525345622119813,382.9,0.02,0.882188,70.46,2771,-0.006178,0.002367,2.713031,0.004295,0.044952,0.93301,0.946303,-0.247561,1.754631,1.772041,0.981979,0.938203,1.18708,0.0,0.879427,0.998698,1.090564,0.0
255,195840,0.00018294930875576037,382.5,0.07,0.906616,62.18,2835,-0.005404,0.007754,2.704408,0.004718,0.055817,0.856625,0.782021,0.343345,1.678988,1.747364,0.998427,0.941613,1.152981,0.0,0.916016,1.0,0.982025,1.0
260,199680,0.00018064516129032257,382.7,0.06,0.914782,62.87,2891,-0.007921,0.003276,2.67735,0.005473,0.070618,0.920656,0.907608,0.152848,1.739288,1.720478,0.98076,0.950753,1.263686,0.0,0.897526,0.996094,1.02871,0.0
265,203520,0.00017834101382488478,382.8,0.03,0.91307,71.1,2943,-0.006136,0.006201,2.757461,0.005169,0.067108,0.844138,0.745404,0.393731,1.742677,1.792823,0.991938,0.964474,1.258587,0.0,0.902604,0.967448,1.026551,1.0
270,207360,0.000176036866359447,382.8,0.05,0.931656,72.74,2998,-0.004954,0.010006,2.700838,0.0036,0.033417,0.731894,0.613058,0.326159,1.695122,1.738939,1.014838,0.948422,1.19918,0.0,0.874609,0.984375,1.100146,2.0
275,211200,0.0001737327188940092,383.0,0.03,0.89355,58.82,3062,-0.006521,0.002432,2.728108,0.004024,0.046753,0.932196,0.931568,0.018691,1.766421,1.74721,0.983248,0.967081,1.26559,0.0,0.884375,0.997396,1.120748,0.0
280,215040,0.0001714285714285714,383.1,0.03,0.888233,58.47,3129,-0.00588,0.010293,2.722335,0.005041,0.062347,0.754266,0.766587,-0.051032,1.738982,1.762469,0.991208,0.953684,1.302877,0.0,0.86276,0.973958,1.193203,1.0
285,218880,0.00016912442396313363,383.2,0.07,0.8839,62.98,3183,-0.005674,0.003096,2.711996,0.003856,0.041138,0.918611,0.935377,-0.229449,1.70293,1.714575,1.006905,0.972506,1.343796,0.0,0.901172,0.99349,1.02158,0.0
290,222720,0.00016682027649769584,383.3,0.06,0.929715,66.03,3245,-0.006499,0.002879,2.685869,0.004414,0.046051,0.934778,0.914263,0.239717,1.726164,1.719177,0.990589,0.953901,1.226253,0.0,0.840495,0.972656,1.240903,0.0
295,226560,0.00016451612903225804,383.3,0.01,0.894529,53.75,3316,-0.006787,0.001337,2.74453,0.004685,0.051819,0.969521,0.960953,0.222297,1.773939,1.775893,1.008245,0.969567,1.356722,0.0,0.900391,0.989583,1.064094,0.0
300,230400,0.00016221198156682028,383.3,0.04,0.920976,63.01,3374,-0.007398,0.008284,2.751401,0.004795,0.048676,0.816431,0.806433,0.052178,1.674826,1.749184,1.035398,0.986517,1.275528,0.0,0.916797,0.992188,1.006992,1.0
305,234240,0.00015990783410138246,383.4,0.03,0.923031,62.87,3437,-0.005287,0.002263,2.769647,0.003751,0.03714,0.937002,0.96702,-0.90393,1.807368,1.785818,0.986923,0.986864,1.195791,0.0,0.921354,1.0,1.012008,0.0
310,238080,0.00015760368663594466,383.8,0.02,0.891992,64.0,3496,-0.006731,0.0023,2.78989,0.00534,0.063843,0.939841,0.939383,0.084226,1.796314,1.798137,0.983394,0.992025,1.134767,0.0,0.919271,0.996094,1.067916,0.0
315,241920,0.0001552995391705069,383.9,0.02,0.876683,66.32,3557,-0.005282,0.001455,2.769528,0.003367,0.031891,0.97181,0.973227,-0.018332,1.757647,1.759955,1.023834,1.014261,1.08118,0.0,0.961068,1.0,0.812753,0.0
320,245760,0.0001529953917050691,384.1,0.02,0.874763,56.29,3626,-0.004099,0.006116,2.873217,0.00286,0.024139,0.852349,0.809315,0.228374,1.819742,1.857486,0.995809,1.011083,1.089118,0.0,0.963151,1.0,0.878856,1.0
325,249600,0.0001506912442396313,384.2,0.01,0.847514,65.26,3682,-0.006193,0.001169,2.887786,0.003707,0.035889,0.969991,0.977565,-0.328298,1.840025,1.858473,0.992151,1.009298,1.139956,0.0,0.96901,1.0,0.845468,0.0
330,253440,0.00014838709677419355,384.2,0.03,0.928817,51.38,3759,-0.00442,0.016948,2.852389,0.003639,0.034912,0.678555,0.603516,0.189268,1.805193,1.845133,0.980196,0.99371,1.014835,0.0,0.94362,1.0,1.00473,2.0
335,257280,0.00014608294930875572,384.3,0.1,1.010166,59.74,3819,-0.005355,0.019897,2.850848,0.004113,0.040375,0.640457,0.377813,0.438141,1.806366,1.85133,0.998377,0.990353,0.953462,0.0,0.926302,1.0,1.004532,4.0
340,261120,0.00014377880184331796,383.9,0.1,0.995298,63.44,3877,-0.005108,0.003031,2.843634,0.003532,0.032806,0.936903,0.945293,0.012632,1.905962,1.86427,0.955338,0.971145,1.146243,0.0,0.907943,1.0,1.113334,0.0
345,264960,0.00014147465437788016,383.9,0.06,0.955859,64.82,3939,-0.005669,0.001705,2.86288,0.003817,0.041595,0.952157,0.944691,0.14149,1.869149,1.877633,0.950803,0.984527,1.046368,0.0,0.925391,1.0,1.099482,0.0
350,268800,0.00013917050691244237,384.1,0.03,0.932338,68.72,3986,-0.004579,0.001142,2.890004,0.004012,0.039276,0.96656,0.967098,0.075225,1.95123,1.89567,0.959471,0.995578,1.119238,0.0,0.930469,1.0,1.092825,0.0
355,272640,0.0001368663594470046,384.1,0.0,0.890077,73.13,4045,-0.005619,0.002069,2.894261,0.003365,0.034088,0.942261,0.940632,0.030525,1.939563,1.877265,0.951179,1.004969,1.100894,0.0,0.946094,1.0,1.021548,0.0
360,276480,0.0001345622119815668,384.1,0.02,0.874671,76.2,4091,-0.006029,0.010924,2.827284,0.004372,0.046356,0.788323,0.758997,0.134813,1.896578,1.845598,0.901856,0.975919,0.987672,0.0,0.899609,0.960938,1.156756,1.0
365,280320,0.00013225806451612905,384.2,0.03,0.883795,71.77,4151,-0.005352,0.001415,2.86755,0.00418,0.039886,0.964064,0.979368,-0.733349,1.888348,1.861079,0.949187,0.992966,0.985155,0.0,0.907943,0.985677,1.132319,0.0
370,284160,0.00012995391705069122,384.3,0.04,0.883393,59.49,4220,-0.004366,0.006139,2.901811,0.002947,0.021332,0.8287,0.709923,0.413053,1.938332,1.883877,0.958811,1.013068,1.050281,0.0,0.933594,1.0,1.055797,1.0
375,288000,0.00012764976958525343,384.4,0.09,0.979831,65.57,4273,-0.004447,0.010071,2.92591,0.003651,0.035309,0.767069,0.623064,0.390454,1.925936,1.918478,0.984921,1.003309,1.235986,0.0,0.925651,1.0,1.078481,1.0
380,291840,0.00012534562211981566,384.4,0.1,1.011625,59.5,4339,-0.00597,0.002705,2.915862,0.004785,0.051208,0.924966,0.927025,-0.01206,1.94134,1.883037,0.981861,1.013658,1.135789,0.0,0.9125,0.99349,1.071775,0.0
385,295680,0.00012304147465437787,384.3,0.08,0.957516,59.17,4404,-0.00445,0.008055,2.943471,0.003264,0.030762,0.809959,0.682502,0.422376,1.895087,1.911005,1.015425,1.030789,1.139303,0.0,0.938932,1.0,0.981798,1.0
390,299520,0.00012073732718894006,384.5,0.05,0.925304,59.94,4464,-0.004213,0.006599,2.935682,0.002433,0.019775,0.82836,0.700814,0.427328,1.921453,1.88443,1.009575,1.03556,1.174456,0.0,0.949609,1.0,0.966124,1.0
395,303360,0.0001184331797235023,384.6,0.04,0.898166,63.67,4524,-0.004,0.008439,2.951301,0.001906,0.011871,0.717184,0.652002,0.195816,1.947266,1.911155,1.004173,1.02689,1.174324,0.0,0.969792,1.0,0.890825,1.0
400,307200,0.0001161290322580645,384.7,0.03,0.862273,59.14,4591,-0.005416,0.005672,2.960002,0.003779,0.038818,0.837752,0.656599,0.543969,1.934165,1.907823,1.017215,1.03954,1.12706,0.0,0.946224,1.0,1.018985,1.0
405,311040,0.0001138248847926267,384.7,0.04,0.848794,67.15,4643,-0.004824,0.010834,2.959729,0.002936,0.024841,0.780435,0.72034,0.237877,1.973847,1.888301,1.049553,1.0492,0.993197,0.0,0.96263,1.0,0.948611,1.0
410,314880,0.00011152073732718893,384.8,0.03,0.885341,76.82,4692,-0.005,0.001709,2.903323,0.002898,0.023163,0.958754,0.948602,0.222909,1.871436,1.844295,1.028014,1.047557,0.969283,0.0,0.942187,1.0,0.968412,0.0
415,318720,0.00010921658986175114,384.8,0.02,0.884826,72.56,4747,-0.004683,0.001367,2.877783,0.003396,0.031342,0.965928,0.947793,0.385816,1.862868,1.828841,1.03078,1.038187,0.947195,0.0,0.950521,1.0,0.997882,0.0
420,322560,0.00010691244239631337,384.8,0.01,0.853325,71.32,4800,-0.005152,0.001467,2.908785,0.002566,0.020691,0.961839,0.967499,-0.158528,1.8533,1.855374,1.044096,1.036654,1.10598,0.0,0.949219,1.0,0.903243,0.0
425,326400,0.00010460829493087556,384.8,0.04,0.909183,75.16,4847,-0.004826,0.001535,2.896986,0.003945,0.033997,0.951556,0.924405,0.424726,1.868904,1.856886,1.039509,1.033483,1.016548,0.0,0.952995,1.0,0.950706,0.0
430,330240,0.00010230414746543777,384.8,0.05,0.905758,80.26,4893,-0.00444,0.001149,2.886398,0.002425,0.017273,0.971315,0.944905,0.47942,1.850185,1.846925,1.040213,1.028425,1.058261,0.0,0.929167,0.998698,1.020184,0.0
435,334080,0.0001,384.9,0.04,0.890709,84.79,4937,-0.00506,0.001473,2.909044,0.003772,0.039368,0.94618,0.955774,-0.149554,1.884893,1.878186,1.038144,1.039325,0.970566,0.0,0.941797,1.0,0.967455,0.0
440,337920,9.76958525345622e-05,385.0,0.07,0.917737,69.72,5000,-0.004052,0.00254,2.883984,0.001918,0.011383,0.923624,0.892534,0.32408,1.829399,1.842107,1.011503,1.027724,1.109311,0.0,0.922656,1.0,0.985026,0.0
445,341760,9.53917050691244e-05,385.0,0.1,0.934955,66.22,5050,-0.003797,0.001853,2.88656,0.001894,0.018097,0.949524,0.842321,0.68036,1.821414,1.849084,1.031509,1.02783,1.04152,0.0,0.945052,1.0,0.907705,0.0
450,345600,9.308755760368664e-05,385.2,0.08,0.918357,79.14,5097,-0.003615,0.009505,2.925866,0.001827,0.007538,0.783333,0.67741,0.328435,1.885944,1.884482,1.033899,1.026515,0.992727,0.0,0.93737,1.0,0.916924,1.0
455,349440,9.078341013824883e-05,385.3,0.06,0.926496,67.43,5162,-0.004904,0.001962,2.872571,0.003239,0.031128,0.946105,0.971225,-0.87197,1.841437,1.832997,1.018983,1.020944,0.977051,0.0,0.941667,0.998698,0.828625,0.0
460,353280,8.847926267281106e-05,385.3,0.08,0.975108,60.41,5223,-0.004069,0.005392,2.871256,0.002745,0.018188,0.837019,0.843013,0.065888,1.807001,1.836205,1.034378,1.027097,0.825035,0.0,0.93112,0.996094,0.946109,0.0
465,357120,8.617511520737327e-05,385.0,0.12,1.028558,59.55,5287,-0.004293,0.004583,2.899975,0.002859,0.023895,0.920276,0.940473,-0.231195,1.868715,1.846997,1.034682,1.029428,0.873632,0.0,0.945703,0.998698,0.906711,0.0
470,360960,8.387096774193546e-05,385.0,0.09,0.962176,68.15,5332,-0.003479,0.002575,2.915581,0.002023,0.013336,0.937415,0.926596,0.155618,1.885492,1.877645,1.042538,1.038235,0.987072,0.0,0.948177,1.0,0.922042,0.0
475,364800,8.15668202764977e-05,385.1,0.13,1.040582,72.07,5394,-0.003579,0.012662,2.883187,0.002193,0.018646,0.778093,0.743366,0.145608,1.827613,1.840121,1.040024,1.037391,0.882345,0.0,0.914193,1.0,1.04738,1.0
480,368640,7.92626728110599e-05,385.1,0.16,1.067922,53.84,5463,-0.003846,0.005986,2.888445,0.002076,0.0159,0.876815,0.846863,0.261439,1.835479,1.845402,1.047634,1.032356,0.743818,0.0,0.865755,0.994792,1.195501,1.0
485,372480,7.69585253456221e-05,385.0,0.18,1.066387,55.52,5527,-0.003289,0.018945,2.889403,0.001532,0.005554,0.738434,0.511625,0.465838,1.876207,1.858506,1.052165,1.016714,0.70372,0.0,0.89974,0.986979,1.122677,4.0
490,376320,7.465437788018433e-05,385.0,0.17,1.054151,62.4,5583,-0.003978,0.003953,2.943746,0.00234,0.019806,0.929487,0.93553,-0.083007,1.881461,1.900977,1.045743,1.049256,0.803451,0.0,0.900651,0.99349,1.14402,0.0
495,380160,7.235023041474654e-05,385.1,0.15,1.061992,60.0,5651,-0.00296,0.011364,2.940618,0.001946,0.008636,0.774207,0.542313,0.5544,1.858161,1.881559,1.052639,1.051921,0.775962,0.0,0.911068,1.0,1.112067,2.0
500,384000,7.004608294930873e-05,385.1,0.15,1.023094,57.26,5709,-0.003709,0.012956,2.959359,0.001859,0.00708,0.787142,0.490517,0.590334,1.868231,1.893015,1.043384,1.056074,0.67651,0.0,0.911198,0.997396,1.091448,3.0
505,387840,6.774193548387096e-05,385.0,0.11,0.977489,66.15,5764,-0.003172,0.009966,2.960969,0.001376,0.003479,0.864843,0.744746,0.478068,1.962337,1.894537,1.04918,1.056415,0.817658,0.0,0.913411,1.0,1.10773,1.0
510,391680,6.543778801843317e-05,385.1,0.12,0.982347,68.0,5822,-0.00252,0.022076,2.919215,0.001554,0.003571,0.526815,0.419884,0.285068,1.885983,1.871083,1.052979,1.036467,0.796294,0.0,0.908203,0.998698,1.124867,3.0
515,395520,6.31336405529954e-05,385.1,0.21,1.124962,54.81,5890,-0.002069,0.013859,2.940898,0.001436,0.004883,0.607786,0.551106,0.200109,1.938037,1.895827,1.050983,1.043023,0.589755,0.0,0.904427,0.994792,1.172935,1.0
520,399360,6.0829493087557604e-05,385.0,0.21,1.131393,64.96,5941,-0.00414,0.011696,2.982466,0.002493,0.016296,0.782071,0.719399,0.26244,1.909822,1.917548,1.050866,1.053973,0.566139,0.0,0.898568,0.998698,1.174802,1.0
525,403200,5.8525345622119804e-05,384.9,0.16,1.054171,68.13,6001,-0.004185,0.012662,2.964908,0.001908,0.011841,0.543033,0.522707,0.507938,1.925814,1.914139,1.0374,1.039081,0.598374,0.0,0.916927,0.984375,1.11854,1.0
530,407040,5.622119815668204e-05,384.9,0.13,1.002052,55.13,6070,-0.002547,0.01344,2.895626,0.000993,0.00177,0.773477,0.655395,0.373125,1.878416,1.872665,1.015069,1.02642,0.663534,0.0,0.869922,0.977865,1.259729,2.0
535,410880,5.391705069124424e-05,384.9,0.16,1.053311,60.17,6129,-0.003107,0.022578,2.962765,0.001375,0.00647,0.583632,0.526869,0.16606,1.874336,1.932725,1.017274,1.026535,0.698209,0.0,0.923437,1.0,1.062802,3.0
540,414720,5.161290322580644e-05,384.6,0.14,1.037923,69.73,6186,-0.002845,0.00988,2.96344,0.002127,0.012451,0.835644,0.80695,0.15291,1.877699,1.920746,1.003264,1.025911,0.654755,0.0,0.916667,1.0,1.103048,1.0
545,418560,4.930875576036867e-05,384.7,0.1,0.957493,66.94,6241,-0.003091,0.011417,2.958885,0.001799,0.005981,0.780808,0.783984,0.047313,1.874307,1.933554,1.044538,1.025448,0.718081,0.0,0.909245,1.0,1.131546,1.0
550,422400,4.700460829493087e-05,384.6,0.08,0.905155,69.19,6297,-0.002506,0.009591,2.99038,0.000841,0.001007,0.766835,0.675503,0.352048,1.894929,1.967425,1.026758,1.014227,0.625029,0.0,0.921354,1.0,1.090824,1.0
555,426240,4.470046082949307e-05,384.3,0.1,0.918127,66.21,6361,-0.002115,0.018172,2.978767,0.000813,0.000702,0.711882,0.617399,0.294456,1.865989,1.957519,1.021518,1.013924,0.597923,0.0,0.914844,1.0,1.093143,2.0
560,430080,4.23963133640553e-05,384.1,0.16,1.018253,66.5,6415,-0.002215,0.023343,3.003654,0.000703,6.1e-05,0.619183,0.387918,0.462086,1.900817,1.953535,1.043198,1.039075,0.64948,0.0,0.924479,0.996094,1.069473,4.0
565,433920,4.0092165898617504e-05,383.9,0.17,1.029811,67.49,6472,-0.002171,0.006081,3.002962,0.000721,0.000763,0.844267,0.86062,-0.073624,1.901797,1.938379,1.054815,1.053413,0.692896,0.0,0.942839,1.0,1.022247,0.0
570,437760,3.778801843317973e-05,383.8,0.16,1.055084,58.83,6540,-0.001576,0.015861,2.997436,0.000611,9.2e-05,0.74307,0.53868,0.47551,1.910331,1.941169,1.042879,1.050336,0.799288,0.0,0.926302,1.0,1.031643,2.0
575,441600,3.548387096774193e-05,383.8,0.17,1.075348,60.75,6602,-0.002043,0.033317,2.994032,0.000737,0.000275,0.57464,0.361612,0.380284,1.913545,1.943916,1.044313,1.045276,0.650136,0.0,0.914974,1.0,1.062661,6.0
580,445440,3.317972350230414e-05,383.8,0.18,1.098917,68.1,6657,-0.001804,0.015553,2.97348,0.000639,0.000519,0.769621,0.672445,0.29839,1.880598,1.926064,1.058231,1.043906,0.640858,0.0,0.899609,1.0,1.124809,2.0
585,449280,3.0875576036866364e-05,383.7,0.18,1.090891,74.1,6706,-0.001266,0.014765,2.974652,0.000285,0.0,0.656156,0.388556,0.536374,1.898304,1.921637,1.050998,1.044586,0.670407,0.0,0.894141,0.997396,1.133109,2.0
590,453120,2.8571428571428567e-05,383.7,0.19,1.077732,65.33,6776,-0.001278,0.030325,2.973474,0.000307,0.0,0.49923,0.443583,0.180502,1.867295,1.925256,1.055648,1.043333,0.669955,0.0,0.886328,0.989583,1.170828,4.0
595,456960,2.6267281105990767e-05,383.6,0.22,1.106289,65.71,6825,-0.001327,0.018422,3.009439,0.000309,0.0,0.521395,0.376839,0.345323,1.894295,1.950429,1.061262,1.054056,0.580461,0.0,0.922396,1.0,1.088758,3.0
600,460800,2.3963133640553e-05,383.1,0.24,1.145784,72.35,6879,-0.001125,0.021556,2.983212,0.000251,0.0,0.586743,0.567033,0.140503,1.877777,1.933347,1.051527,1.042805,0.681313,0.0,0.911979,1.0,1.110178,3.0
605,464640,2.16589861751152e-05,382.7,0.22,1.170136,65.42,6942,-0.001578,0.019394,2.97529,0.000267,0.0,0.666707,0.47559,0.36518,1.907169,1.921106,1.06037,1.051476,0.588076,0.0,0.881771,0.992188,1.214208,3.0
610,468480,1.9354838709677434e-05,382.8,0.22,1.152062,65.09,6996,-0.000666,0.009976,2.993622,9e-05,0.0,0.799084,0.699015,0.358332,1.883229,1.935473,1.06587,1.053616,0.560253,0.0,0.915885,0.998698,1.165328,1.0
615,472320,1.7050691244239634e-05,382.9,0.15,1.064834,70.82,7051,-0.000516,0.010197,2.980899,6.3e-05,0.0,0.806668,0.651701,0.474097,1.890924,1.928328,1.049324,1.04417,0.676394,0.0,0.901563,0.988281,1.125906,1.0
620,476160,1.4746543778801834e-05,383.0,0.17,1.129741,77.94,7096,-0.000985,0.01494,2.984024,0.000187,0.0,0.777284,0.644157,0.380064,1.878139,1.93687,1.016985,1.045196,0.607436,0.0,0.933073,1.0,1.085383,2.0
625,480000,1.2442396313364068e-05,383.0,0.21,1.144762,84.44,7141,-0.000447,0.013476,2.99416,4e-05,0.0,0.76026,0.571028,0.467453,1.877922,1.941073,1.052112,1.046174,0.726382,0.0,0.928646,1.0,1.068636,2.0
630,483840,1.0138248847926267e-05,383.1,0.2,1.109557,73.74,7200,-0.000659,0.011883,2.990568,5.7e-05,0.0,0.771419,0.598155,0.522535,1.851065,1.94408,1.05064,1.041386,0.650733,0.0,0.92526,1.0,1.052773,2.0
635,487680,7.834101382488467e-06,383.1,0.14,1.034443,71.7,7246,-0.000646,0.003787,2.981026,4.8e-05,0.0,0.916087,0.940348,-0.400936,1.860906,1.930979,1.06322,1.045554,0.558244,0.0,0.910156,0.996094,1.124053,0.0
640,491520,5.5299539170507e-06,383.1,0.21,1.128649,81.39,7289,-0.000205,0.017543,3.030869,1.3e-05,0.0,0.616713,0.672182,-0.093229,1.881101,1.959615,1.052613,1.064786,0.578915,0.0,0.926432,1.0,1.089636,1.0
645,495360,3.2258064516129002e-06,383.2,0.23,1.124506,77.92,7345,-0.000164,0.009159,2.986919,6e-06,0.0,0.76087,0.565903,0.546475,1.886085,1.935769,1.050371,1.045774,0.623673,0.0,0.90651,1.0,1.163937,1.0
650,499200,9.216589861751e-07,383.2,0.25,1.126179,68.99,7403,-3.2e-05,0.026612,3.001362,0.0,0.0,0.62203,0.385377,0.403923,1.891147,1.942171,1.047141,1.05223,0.598785,0.0,0.922266,1.0,1.115978,4.0
