update,step,lr,sps,success,ret,len,n_eps,pg_loss,v_loss,entropy,approx_kl,clipfrac,ev,phi_r2,ev_resid
1,768,0.0003,144.6,0.428571,1.099017,33.857143,7,-0.006324,0.029983,3.306607,0.004688,0.046112,0.17458,0.013573,0.503858
10,7680,0.0002995852534562212,136.1,0.1875,0.934061,77.5,96,-0.004332,0.019629,3.261846,0.003346,0.030579,0.618478,0.086074,0.643048
20,15360,0.00029912442396313365,133.5,0.15,0.962247,85.36,178,-0.005321,0.009879,3.20417,0.00393,0.042389,0.711145,0.738473,0.045384
30,23040,0.00029866359447004606,136.2,0.17,0.95633,107.87,251,-0.00513,0.005065,3.153365,0.004466,0.044159,0.836347,0.648024,0.557702
40,30720,0.0002982027649769585,136.7,0.19,0.916565,92.76,335,-0.006652,0.010972,3.04976,0.005565,0.065887,0.652442,0.42346,0.455013
50,38400,0.00029774193548387094,137.3,0.15,0.860207,107.6,406,-0.006441,0.0084,3.086649,0.005433,0.063599,0.755251,0.290921,0.725006
60,46080,0.0002972811059907834,137.6,0.19,0.913981,108.39,482,-0.006687,0.010736,3.0821,0.004655,0.052856,0.677154,0.371186,0.543204
70,53760,0.0002968202764976958,137.3,0.37,1.191634,95.8,562,-0.007445,0.01793,3.006291,0.005505,0.063232,0.678479,0.295499,0.562195
80,61440,0.00029635944700460824,137.2,0.37,1.195757,77.9,661,-0.007634,0.011808,2.969827,0.005814,0.068665,0.732247,0.356748,0.600533
90,69120,0.0002958986175115207,137.5,0.36,1.175871,91.99,741,-0.007811,0.01321,2.988667,0.005191,0.062622,0.762597,0.180731,0.726105
100,76800,0.0002954377880184332,137.5,0.39,1.234069,99.17,820,-0.006215,0.015094,2.968097,0.006064,0.072662,0.71867,0.377365,0.551404
110,84480,0.0002949769585253456,137.3,0.34,1.22012,83.86,912,-0.005963,0.018403,2.896579,0.005214,0.054413,0.659631,0.437103,0.39803
120,92160,0.000294516129032258,136.9,0.52,1.425358,78.17,1011,-0.007655,0.015087,2.95886,0.006291,0.081482,0.528188,0.260692,0.410414
130,99840,0.0002940552995391705,136.8,0.55,1.484842,69.12,1118,-0.00541,0.020952,2.889964,0.004617,0.051697,0.477628,0.476336,0.091662
140,107520,0.00029359447004608294,136.5,0.54,1.451926,64.42,1236,-0.008057,0.027954,2.939653,0.005608,0.068146,0.563879,0.229108,0.43601
150,115200,0.00029313364055299536,136.2,0.66,1.627031,73.52,1343,-0.007072,0.015922,2.934477,0.006198,0.078491,0.590025,0.270658,0.475133
160,122880,0.00029267281105990777,136.0,0.63,1.548774,73.4,1449,-0.007659,0.02136,2.935,0.005325,0.06662,0.519018,0.191605,0.442937
170,130560,0.00029221198156682024,136.0,0.66,1.569954,76.38,1548,-0.007442,0.007767,2.928393,0.005716,0.067566,0.845426,0.051302,0.867983
180,138240,0.0002917511520737327,135.1,0.56,1.477195,72.45,1654,-0.00771,0.027968,2.879986,0.005556,0.068787,0.229201,0.311109,-0.097048
190,145920,0.0002912903225806451,134.5,0.7,1.664028,75.48,1753,-0.007795,0.015528,2.916875,0.005022,0.057617,0.475421,0.198451,0.434067
200,153600,0.00029082949308755754,134.4,0.64,1.583812,89.0,1835,-0.007852,0.011179,2.995607,0.006167,0.075409,0.770391,0.254448,0.695241
210,161280,0.00029036866359447,134.5,0.5,1.390435,106.31,1909,-0.008081,0.020112,2.907824,0.005486,0.060883,0.687323,0.188306,0.636862
220,168960,0.0002899078341013825,134.7,0.5,1.390056,92.72,1990,-0.006634,0.007532,2.892804,0.005115,0.057068,0.785014,0.07223,0.807039
230,176640,0.0002894470046082949,134.7,0.62,1.552629,88.74,2080,-0.00658,0.015111,2.891169,0.005946,0.075287,0.637862,0.084707,0.658198
240,184320,0.00028898617511520736,134.6,0.69,1.623307,75.73,2181,-0.006497,0.013472,2.935885,0.005289,0.071472,0.424021,0.239646,0.343206
250,192000,0.00028852534562211977,134.5,0.75,1.724169,86.16,2271,-0.006253,0.015816,2.927288,0.00548,0.068817,0.569784,0.159736,0.542898
260,199680,0.00028806451612903224,134.6,0.64,1.534649,88.12,2354,-0.008397,0.014257,2.885462,0.006854,0.097595,0.357639,0.088657,0.552885
270,207360,0.00028760368663594465,134.5,0.71,1.71233,82.74,2449,-0.008993,0.029467,2.87221,0.005766,0.070007,0.324454,0.197814,0.24268
280,215040,0.0002871428571428571,134.5,0.65,1.60557,77.4,2543,-0.007222,0.014166,2.853906,0.005586,0.063629,0.528957,0.267826,0.47226
290,222720,0.0002866820276497696,134.5,0.67,1.584886,67.37,2657,-0.008809,0.012176,2.876228,0.00568,0.078278,0.533401,0.092373,0.634107
300,230400,0.000286221198156682,134.5,0.66,1.592383,84.78,2748,-0.007928,0.012678,2.877541,0.006443,0.088989,0.454543,0.33653,0.361869
310,238080,0.0002857603686635944,134.5,0.69,1.671726,86.87,2840,-0.007486,0.017597,2.797742,0.005202,0.065765,0.390373,0.154086,0.3978
320,245760,0.0002852995391705069,134.5,0.81,1.792457,64.98,2960,-0.008276,0.016919,2.821492,0.006715,0.087555,0.518225,0.233375,0.477901
330,253440,0.00028483870967741936,134.5,0.67,1.585034,78.1,3056,-0.006571,0.017182,2.852689,0.005799,0.072815,0.540457,0.287617,0.368291
340,261120,0.00028437788018433177,134.5,0.64,1.577215,90.67,3136,-0.008648,0.015561,2.858052,0.006679,0.08963,0.489501,0.281427,0.32274
350,268800,0.00028391705069124424,134.6,0.69,1.646768,83.21,3230,-0.005949,0.013865,2.86479,0.005755,0.070679,0.48493,0.084717,0.593346
360,276480,0.00028345622119815665,134.9,0.65,1.613996,98.51,3305,-0.005659,0.017664,2.860161,0.005408,0.062805,0.786866,0.068448,0.774827
370,284160,0.0002829953917050691,135.1,0.71,1.653352,99.17,3382,-0.007154,0.009384,2.884057,0.005915,0.072998,0.583112,0.042342,0.751721
380,291840,0.00028253456221198153,135.4,0.74,1.65632,81.36,3474,-0.007905,0.00663,2.90253,0.006878,0.091675,0.752944,0.302598,0.675185
390,299520,0.000282073732718894,135.7,0.79,1.76217,94.86,3554,-0.005781,0.021296,2.8838,0.004656,0.048889,0.671055,0.419353,0.446132
400,307200,0.0002816129032258064,135.9,0.72,1.674048,105.48,3622,-0.007633,0.015858,2.853516,0.005735,0.066406,0.66741,0.538617,0.30467
410,314880,0.0002811520737327189,136.1,0.54,1.426512,102.34,3695,-0.007264,0.004662,2.871141,0.005722,0.070709,0.915003,0.002398,0.925723
420,322560,0.0002806912442396313,136.3,0.54,1.419922,107.62,3766,-0.007397,0.010635,2.85675,0.006269,0.076538,0.666237,0.00172,0.824718
430,330240,0.00028023041474654377,136.5,0.6,1.522662,102.63,3839,-0.006387,0.018958,2.819086,0.005573,0.062256,0.822961,0.356148,0.740856
440,337920,0.0002797695852534562,136.6,0.51,1.351181,97.3,3919,-0.008321,0.012683,2.779591,0.005854,0.076111,0.799134,0.052419,0.80703
450,345600,0.00027930875576036865,136.8,0.6,1.489257,93.73,4002,-0.007626,0.016333,2.780482,0.00641,0.080475,0.635053,0.090946,0.667406
460,353280,0.0002788479262672811,136.9,0.72,1.70314,92.63,4086,-0.007255,0.007643,2.828717,0.005889,0.072021,0.661337,0.39898,0.480506
470,360960,0.00027838709677419353,137.1,0.7,1.724379,84.42,4178,-0.007368,0.016193,2.904893,0.006727,0.092804,0.513859,0.108186,0.581135
480,368640,0.00027792626728110595,137.2,0.68,1.629013,88.06,4263,-0.006141,0.025458,2.889297,0.004661,0.048584,0.396771,0.234652,0.247076
490,376320,0.0002774654377880184,137.4,0.65,1.587947,80.97,4358,-0.008413,0.019017,2.903444,0.005569,0.06778,0.647684,0.062427,0.656709
500,384000,0.0002770046082949309,137.5,0.67,1.640715,94.36,4435,-0.006225,0.012952,2.914379,0.006406,0.079407,0.729704,0.015776,0.782468
510,391680,0.0002765437788018433,137.7,0.65,1.587118,90.13,4523,-0.006395,0.030575,2.888474,0.005082,0.055298,0.471778,0.137458,0.448495
520,399360,0.0002760829493087557,137.8,0.72,1.655202,80.27,4614,-0.008121,0.007446,2.856213,0.004789,0.052704,0.560221,0.215737,0.610318
530,407040,0.0002756221198156682,138.0,0.75,1.746924,85.23,4704,-0.00729,0.003968,2.856784,0.005889,0.071198,0.514436,0.377206,0.591828
540,414720,0.00027516129032258065,138.0,0.64,1.557533,101.31,4771,-0.006946,0.015512,2.933121,0.005976,0.072449,0.735415,0.355311,0.592425
550,422400,0.00027470046082949306,138.2,0.62,1.556039,99.06,4852,-0.010259,0.021796,2.903835,0.007628,0.108032,0.344527,0.247774,0.292327
560,430080,0.0002742396313364055,138.4,0.64,1.590264,95.06,4929,-0.00734,0.01405,2.924655,0.00595,0.064117,0.715181,0.17856,0.712112
570,437760,0.00027377880184331795,138.5,0.71,1.684708,97.43,5008,-0.008624,0.02357,2.982275,0.005166,0.059235,0.529052,0.526553,0.00533
580,445440,0.0002733179723502304,138.6,0.66,1.612015,76.75,5111,-0.00739,0.031575,2.921041,0.005039,0.052673,0.490058,0.357388,0.214932
590,453120,0.00027285714285714283,138.8,0.74,1.707625,73.45,5215,-0.009315,0.018462,2.896942,0.006052,0.080536,0.587803,0.185104,0.537276
600,460800,0.00027239631336405524,138.9,0.7,1.662024,75.25,5319,-0.007617,0.012771,2.937187,0.006184,0.077667,0.50231,0.384428,0.295025
610,468480,0.0002719354838709677,139.0,0.68,1.660163,80.51,5413,-0.008634,0.016461,2.953008,0.006374,0.080841,0.418075,0.269068,0.306318
620,476160,0.0002714746543778802,139.2,0.69,1.620653,74.56,5511,-0.008222,0.007624,2.855979,0.005568,0.069916,0.840737,0.539446,0.688919
630,483840,0.0002710138248847926,139.3,0.62,1.574205,83.21,5605,-0.008456,0.021775,2.897467,0.006419,0.086639,0.585571,0.398254,0.327483
640,491520,0.000270552995391705,139.3,0.66,1.629188,75.7,5706,-0.008226,0.018531,2.916666,0.006081,0.076935,0.53294,0.341361,0.325294
650,499200,0.0002700921658986175,139.5,0.64,1.589137,98.4,5778,-0.008239,0.016287,2.923637,0.00668,0.089355,0.827457,0.445257,0.708355
660,506880,0.00026963133640552995,139.6,0.65,1.575043,100.84,5860,-0.008997,0.011169,2.939742,0.006458,0.093506,0.481665,0.081025,0.582558
670,514560,0.00026917050691244236,139.7,0.73,1.649378,88.93,5947,-0.006541,0.013051,2.924286,0.005308,0.062286,0.554069,0.322055,0.39143
680,522240,0.00026870967741935483,139.8,0.69,1.635918,87.21,6036,-0.007281,0.011048,2.996572,0.005637,0.064453,0.486471,0.396484,0.269744
690,529920,0.00026824884792626724,139.9,0.53,1.440031,86.61,6129,-0.008037,0.033628,2.934869,0.005463,0.062561,0.254856,0.199068,0.129847
700,537600,0.0002677880184331797,140.0,0.56,1.460896,98.31,6205,-0.007926,0.015096,2.972039,0.005971,0.077271,0.679182,0.084382,0.687561
710,545280,0.0002673271889400921,140.1,0.59,1.462942,96.7,6291,-0.008928,0.018883,2.928473,0.005601,0.067871,0.635826,0.163821,0.583607
720,552960,0.0002668663594470046,140.2,0.72,1.670888,80.16,6384,-0.007232,0.02102,2.969379,0.006616,0.087646,0.459027,0.208223,0.366668
730,560640,0.000266405529953917,140.3,0.67,1.580397,73.86,6486,-0.009116,0.026917,2.957503,0.005919,0.077576,0.480808,0.124868,0.492508
740,568320,0.0002659447004608295,140.4,0.75,1.733603,76.1,6588,-0.008737,0.016659,2.95594,0.006068,0.076202,0.426396,0.258841,0.332228
750,576000,0.00026548387096774194,140.5,0.78,1.744245,73.3,6690,-0.007885,0.007149,2.971368,0.006273,0.079987,0.69838,0.179244,0.741953
760,583680,0.00026502304147465436,140.6,0.77,1.726072,81.42,6785,-0.007419,0.017721,2.928332,0.00564,0.069885,0.539954,0.235465,0.41537
770,591360,0.0002645622119815668,140.6,0.72,1.680815,73.74,6888,-0.008159,0.019563,2.988282,0.005589,0.07135,0.487627,0.208929,0.373286
780,599040,0.00026410138248847924,140.6,0.63,1.563706,81.06,6985,-0.007352,0.015795,2.957999,0.005582,0.06427,0.654226,0.123807,0.627515
790,606720,0.0002636405529953917,140.7,0.72,1.675748,86.4,7072,-0.009123,0.01043,2.897682,0.006174,0.076385,0.804128,0.147843,0.77935
800,614400,0.0002631797235023041,140.8,0.67,1.649948,76.17,7171,-0.008534,0.00594,2.926295,0.007258,0.095856,0.867853,0.134187,0.853399
810,622080,0.00026271889400921654,140.8,0.74,1.752961,89.59,7259,-0.0083,0.022785,2.912451,0.00522,0.057159,0.644157,0.208765,0.557307
820,629760,0.000262258064516129,140.9,0.75,1.750076,90.6,7340,-0.007855,0.011184,2.955483,0.006134,0.077637,0.637039,0.257197,0.526584
830,637440,0.0002617972350230415,141.0,0.68,1.624507,78.76,7440,-0.00863,0.01961,2.908065,0.006128,0.078186,0.513581,0.431524,0.245113
840,645120,0.0002613364055299539,141.1,0.71,1.689757,74.27,7543,-0.006125,0.012649,2.935702,0.004442,0.042267,0.7012,0.267118,0.633831
850,652800,0.0002608755760368663,141.2,0.71,1.629549,72.27,7650,-0.007939,0.016111,2.868261,0.006031,0.078705,0.617106,0.233552,0.563006
860,660480,0.00026041474654377877,141.1,0.66,1.601737,70.13,7758,-0.009451,0.018564,2.897985,0.006534,0.085419,0.571453,0.28553,0.500333
870,668160,0.00025995391705069124,141.2,0.75,1.681124,50.9,7899,-0.010695,0.017602,2.864373,0.006638,0.090027,0.536552,0.371818,0.356337
880,675840,0.00025949308755760365,141.2,0.76,1.703759,58.7,8025,-0.00912,0.017616,2.959454,0.005949,0.0737,0.619522,0.375894,0.418299
890,683520,0.0002590322580645161,141.3,0.71,1.658911,65.69,8140,-0.008255,0.018319,2.909023,0.006319,0.082123,0.369707,0.399182,0.056887
900,691200,0.00025857142857142854,141.3,0.65,1.61133,65.64,8257,-0.008638,0.020047,2.907839,0.005732,0.071533,0.62803,0.344626,0.475043
910,698880,0.000258110599078341,141.4,0.79,1.77953,76.46,8358,-0.008629,0.025337,2.899067,0.005466,0.06601,0.577803,0.554904,0.058147
920,706560,0.0002576497695852534,141.5,0.64,1.561817,86.66,8449,-0.00763,0.014243,2.917731,0.005353,0.060242,0.525384,0.368965,0.409479
930,714240,0.0002571889400921659,141.6,0.76,1.74594,95.97,8525,-0.006596,0.003687,2.899862,0.004852,0.046844,0.893996,0.707636,0.751094
940,721920,0.0002567281105990783,141.6,0.66,1.597923,106.55,8595,-0.007561,0.016385,2.942304,0.005576,0.06604,0.633498,0.528451,0.285992
950,729600,0.00025626728110599077,141.7,0.69,1.638031,101.36,8671,-0.007603,0.017423,2.948563,0.005565,0.069824,0.768827,0.452741,0.578634
960,737280,0.0002558064516129032,141.8,0.8,1.808854,99.27,8751,-0.008832,0.022071,2.829839,0.005913,0.075745,0.474368,0.454744,0.072527
970,744960,0.00025534562211981565,141.8,0.83,1.821391,86.34,8837,-0.007469,0.010226,2.969863,0.005435,0.064331,0.666682,0.386621,0.553056
980,752640,0.0002548847926267281,141.8,0.7,1.616266,95.9,8916,-0.009323,0.016559,2.953886,0.006906,0.099579,0.666544,0.475518,0.424461
990,760320,0.00025442396313364054,141.9,0.72,1.678485,81.83,9008,-0.00678,0.025407,2.934801,0.00554,0.06546,0.547633,0.389478,0.267598
1000,768000,0.00025396313364055295,141.9,0.69,1.626138,87.25,9097,-0.008893,0.020086,2.922672,0.005474,0.071198,0.580365,0.563355,0.164043
1010,775680,0.0002535023041474654,142.0,0.79,1.785555,76.69,9198,-0.007359,0.035927,2.916433,0.005355,0.065247,0.310767,0.240149,0.14789
1020,783360,0.0002530414746543779,142.0,0.65,1.611368,58.42,9326,-0.008316,0.021997,2.878602,0.005707,0.066742,0.654376,0.333868,0.499059
1030,791040,0.0002525806451612903,142.0,0.69,1.68172,74.41,9426,-0.008613,0.015719,2.868074,0.005323,0.062225,0.771688,0.248128,0.699976
1040,798720,0.00025211981566820277,142.1,0.71,1.642954,86.19,9514,-0.007508,0.009041,2.913205,0.005671,0.06546,0.839394,0.208882,0.802637
1050,806400,0.0002516589861751152,142.1,0.7,1.670467,86.83,9606,-0.007756,0.028901,2.907353,0.00618,0.080627,0.38962,0.31286,0.197731
1060,814080,0.00025119815668202765,142.2,0.62,1.528361,107.46,9666,-0.00775,0.012455,2.923219,0.005676,0.067566,0.79419,0.315139,0.722768
1070,821760,0.00025073732718894007,142.3,0.59,1.477597,118.93,9737,-0.009871,0.014173,2.924507,0.007118,0.09668,0.760591,0.47636,0.546887
1080,829440,0.0002502764976958525,142.3,0.74,1.70381,95.62,9818,-0.007684,0.009173,2.89326,0.005876,0.068176,0.737237,0.49239,0.519395
1090,837120,0.00024981566820276495,142.3,0.77,1.769459,82.53,9915,-0.009331,0.014106,2.87562,0.006438,0.085297,0.545304,0.387139,0.324289
1100,844800,0.0002493548387096774,142.3,0.9,1.898119,80.85,10002,-0.008954,0.002064,2.867928,0.006527,0.08374,0.922293,0.717237,0.743356
1110,852480,0.00024889400921658983,142.4,0.65,1.596302,78.24,10103,-0.008291,0.026259,2.846358,0.005797,0.068909,0.527777,0.482966,0.086847
1120,860160,0.0002484331797235023,142.4,0.82,1.802336,73.66,10205,-0.010307,0.004521,2.926404,0.006439,0.085175,0.825808,0.509472,0.679495
1130,867840,0.0002479723502304147,142.4,0.67,1.605553,66.34,10320,-0.009285,0.026552,2.842379,0.00565,0.070099,0.593771,0.307963,0.418926
1140,875520,0.0002475115207373272,142.5,0.65,1.598208,73.41,10424,-0.00756,0.014987,2.897634,0.00448,0.046204,0.458539,0.434859,0.229741
1150,883200,0.0002470506912442396,142.5,0.75,1.70083,74.01,10528,-0.008516,0.029844,2.892543,0.005294,0.05899,0.319826,0.39664,0.000637
1160,890880,0.00024658986175115207,142.5,0.78,1.787526,75.25,10631,-0.007782,0.009129,2.851234,0.005335,0.064117,0.644622,0.69151,0.22681
1170,898560,0.0002461290322580645,142.6,0.82,1.792994,74.86,10731,-0.006369,0.012449,2.960815,0.005321,0.063354,0.740681,0.721411,0.091696
1180,906240,0.00024566820276497695,142.6,0.75,1.697974,75.08,10834,-0.008795,0.026399,2.877374,0.005589,0.072113,0.499849,0.336169,0.291919
1190,913920,0.0002452073732718894,142.7,0.77,1.781291,84.69,10922,-0.008395,0.013253,2.897706,0.006053,0.075195,0.669749,0.583058,0.259221
1200,921600,0.00024474654377880183,142.7,0.75,1.710767,95.24,11001,-0.008479,0.013885,2.902492,0.005221,0.052002,0.622057,0.432286,0.336598
1210,929280,0.00024428571428571424,142.7,0.74,1.736654,102.64,11080,-0.008082,0.021551,2.94687,0.005707,0.069275,0.612029,0.303036,0.453871
1220,936960,0.00024382488479262669,142.8,0.78,1.770568,91.83,11165,-0.00978,0.018174,2.86592,0.005761,0.072723,0.658344,0.317516,0.530511
1230,944640,0.00024336405529953913,142.9,0.82,1.835158,82.27,11253,-0.007833,0.012618,2.821071,0.005146,0.057678,0.462915,0.406214,0.441188
1240,952320,0.0002429032258064516,142.9,0.78,1.818474,90.43,11339,-0.008543,0.006601,2.871055,0.005787,0.071228,0.762318,0.683147,0.478405
1250,960000,0.00024244239631336404,142.9,0.85,1.880999,75.41,11438,-0.006797,0.007899,2.863677,0.00489,0.056091,0.632686,0.521462,0.334985
1260,967680,0.0002419815668202765,142.9,0.77,1.738099,77.6,11537,-0.010192,0.017821,2.825347,0.006362,0.089294,0.472026,0.30797,0.264548
1270,975360,0.00024152073732718892,143.0,0.69,1.635987,96.4,11620,-0.008564,0.014016,2.868223,0.006122,0.077972,0.503145,0.21586,0.539379
1280,983040,0.00024105990783410136,143.0,0.73,1.703,88.67,11708,-0.009011,0.022786,2.832327,0.006277,0.081543,0.594313,0.466497,0.290953
1290,990720,0.0002405990783410138,142.9,0.74,1.738268,95.53,11787,-0.007253,0.013861,2.874291,0.005714,0.068817,0.684166,0.614548,0.182739
1300,998400,0.00024013824884792622,142.9,0.79,1.78889,87.9,11877,-0.009742,0.017802,2.84436,0.006282,0.080841,0.470931,0.353614,0.231505
1310,1006080,0.00023967741935483869,143.0,0.68,1.582023,87.04,11964,-0.008356,0.010505,2.875003,0.006075,0.074371,0.731388,0.444768,0.542285
1320,1013760,0.00023921658986175113,143.0,0.66,1.651422,87.67,12055,-0.008018,0.007713,2.859551,0.005055,0.060974,0.779173,0.398743,0.723428
1330,1021440,0.00023875576036866357,143.0,0.67,1.637042,83.93,12147,-0.006962,0.013755,2.858428,0.00534,0.061707,0.432868,0.280571,0.323652
1340,1029120,0.00023829493087557604,143.1,0.74,1.708406,81.14,12241,-0.007882,0.01691,2.94144,0.005475,0.070221,0.464156,0.348446,0.2227
1350,1036800,0.00023783410138248845,143.1,0.74,1.693434,82.83,12333,-0.008352,0.020969,2.974863,0.006549,0.088165,0.462444,0.270636,0.415813
1360,1044480,0.0002373732718894009,143.1,0.72,1.685643,96.58,12410,-0.006438,0.02194,2.954261,0.005002,0.052124,0.45193,0.381213,0.115712
1370,1052160,0.00023691244239631333,143.2,0.57,1.484442,90.35,12497,-0.009528,0.014625,2.92195,0.006191,0.0802,0.78067,0.301223,0.690185
1380,1059840,0.0002364516129032258,143.2,0.74,1.714442,85.27,12588,-0.007433,0.026197,2.894615,0.004196,0.042389,0.291057,0.150805,0.279701
1390,1067520,0.00023599078341013822,143.2,0.75,1.712355,71.07,12698,-0.008301,0.004458,2.856792,0.005438,0.065155,0.764873,0.38159,0.824046
1400,1075200,0.00023552995391705066,143.3,0.81,1.825984,78.86,12797,-0.010326,0.003574,2.864382,0.005651,0.068939,0.860986,0.76153,0.652529
1410,1082880,0.00023506912442396313,143.3,0.8,1.809876,75.95,12896,-0.007548,0.025593,2.8939,0.005224,0.05835,0.29394,0.324769,0.007359
1420,1090560,0.00023460829493087557,143.3,0.67,1.606495,75.09,12996,-0.009001,0.02478,2.912651,0.005725,0.069977,0.275281,0.189077,0.229239
1430,1098240,0.000234147465437788,143.3,0.71,1.670759,69.64,13107,-0.008767,0.027704,2.926853,0.00571,0.067261,0.363407,0.237969,0.235699
1440,1105920,0.00023368663594470042,143.3,0.82,1.798903,74.16,13212,-0.008074,0.009466,2.931279,0.004496,0.049622,0.56175,0.395347,0.431826
1450,1113600,0.00023322580645161286,143.3,0.71,1.688759,82.87,13303,-0.010378,0.012204,2.911064,0.007147,0.104218,0.481217,0.465139,0.240391
1460,1121280,0.00023276497695852533,143.2,0.74,1.696189,92.81,13384,-0.007196,0.015971,2.875423,0.005447,0.060822,0.522942,0.304739,0.37211
1470,1128960,0.00023230414746543777,143.2,0.73,1.709153,75.74,13488,-0.007759,0.021421,2.852471,0.004614,0.050507,0.605932,0.464946,0.27927
1480,1136640,0.00023184331797235024,143.2,0.63,1.572292,73.74,13591,-0.007616,0.031902,2.854731,0.004757,0.053772,0.581262,0.326272,0.378513
1490,1144320,0.00023138248847926266,143.2,0.8,1.779421,76.59,13691,-0.007605,0.013274,2.912142,0.005397,0.061859,0.521463,0.222535,0.46527
1500,1152000,0.0002309216589861751,143.2,0.76,1.703838,71.63,13794,-0.009332,0.007748,2.921922,0.005566,0.071442,0.623333,0.527821,0.271909
1510,1159680,0.00023046082949308754,143.2,0.72,1.680298,91.24,13875,-0.00964,0.020217,2.896976,0.005975,0.078552,0.573677,0.29025,0.445757
1520,1167360,0.00022999999999999995,143.3,0.73,1.688758,75.04,13972,-0.010957,0.010155,2.886928,0.00648,0.086578,0.576921,0.450781,0.507142
1530,1175040,0.00022953917050691242,143.3,0.74,1.693727,85.71,14059,-0.009607,0.016232,2.904722,0.005383,0.061462,0.727171,0.212268,0.672312
1540,1182720,0.00022907834101382486,143.3,0.73,1.714161,91.74,14142,-0.008204,0.019716,2.840498,0.005165,0.055145,0.594725,0.239915,0.510421
1550,1190400,0.0002286175115207373,143.3,0.74,1.701953,69.45,14253,-0.008264,0.005572,2.861367,0.005664,0.064789,0.742734,0.642005,0.579975
1560,1198080,0.00022815668202764977,143.3,0.74,1.71877,74.14,14355,-0.009157,0.007948,2.92364,0.005476,0.062408,0.505737,0.079117,0.6287
1570,1205760,0.00022769585253456219,143.4,0.67,1.581005,76.95,14455,-0.008757,0.006641,2.913847,0.004662,0.048065,0.57888,0.409578,0.685694
1580,1213440,0.00022723502304147463,143.4,0.79,1.772752,67.79,14566,-0.009685,0.030599,2.873715,0.005414,0.059296,0.611679,0.416073,0.354074
1590,1221120,0.00022677419354838707,143.4,0.74,1.713883,69.64,14672,-0.008172,0.012301,2.932286,0.005531,0.064911,0.628905,0.400055,0.482136
1600,1228800,0.00022631336405529954,143.4,0.76,1.742777,74.36,14775,-0.008207,0.010762,2.911486,0.004953,0.057281,0.683538,0.332442,0.534418
1610,1236480,0.00022585253456221195,143.4,0.72,1.684441,70.43,14886,-0.008812,0.02299,2.892976,0.005306,0.066193,0.688741,0.189199,0.620857
1620,1244160,0.0002253917050691244,143.4,0.76,1.700668,82.08,14978,-0.007018,0.019753,2.977371,0.005476,0.062714,0.403325,0.328232,0.147932
1630,1251840,0.00022493087557603686,143.5,0.71,1.629158,81.57,15072,-0.008364,0.011112,2.974632,0.005489,0.066742,0.668426,0.167359,0.647244
1640,1259520,0.0002244700460829493,143.5,0.67,1.597755,90.19,15155,-0.00837,0.029536,2.993144,0.006067,0.076904,0.357589,0.189761,0.353093
1650,1267200,0.00022400921658986172,143.6,0.69,1.664108,92.49,15234,-0.009961,0.022175,2.969413,0.0057,0.069977,0.501452,0.152788,0.501194
1660,1274880,0.00022354838709677416,143.6,0.75,1.741726,75.35,15336,-0.008354,0.016947,2.971238,0.00564,0.072845,0.528559,0.251889,0.472712
1670,1282560,0.0002230875576036866,143.6,0.8,1.79973,71.65,15448,-0.008412,0.016164,2.916802,0.005834,0.068329,0.693834,0.485967,0.408748
1680,1290240,0.00022262672811059907,143.6,0.83,1.823792,70.66,15555,-0.007453,0.009996,2.899269,0.005325,0.070129,0.670385,0.574338,0.349578
1690,1297920,0.00022216589861751148,143.6,0.77,1.729846,68.03,15663,-0.00816,0.003436,2.968184,0.005318,0.065002,0.743605,0.610303,0.624159
1700,1305600,0.00022170506912442395,143.6,0.73,1.691591,76.45,15764,-0.00818,0.024505,2.914069,0.00492,0.060394,0.498714,0.2789,0.352163
1710,1313280,0.0002212442396313364,143.7,0.66,1.569609,87.8,15845,-0.008469,0.018091,2.910578,0.006001,0.073181,0.605835,0.463474,0.329281
1720,1320960,0.00022078341013824883,143.7,0.67,1.601905,93.9,15923,-0.007572,0.007637,2.918984,0.004595,0.049133,0.776297,0.332483,0.689508
1730,1328640,0.00022032258064516127,143.7,0.66,1.612722,98.22,16000,-0.008434,0.01693,2.9152,0.004998,0.04715,0.754495,0.537153,0.480159
1740,1336320,0.0002198617511520737,143.7,0.76,1.688128,71.13,16112,-0.008497,0.037107,2.827745,0.006119,0.078217,0.42236,0.368356,0.121748
1750,1344000,0.00021940092165898616,143.8,0.81,1.780996,68.1,16223,-0.008997,0.005722,2.802321,0.005217,0.063385,0.834622,0.474505,0.724364
1760,1351680,0.0002189400921658986,143.8,0.79,1.800598,78.87,16318,-0.008333,0.021714,2.858627,0.006115,0.079132,0.6375,0.49936,0.280808
1770,1359360,0.00021847926267281107,143.8,0.69,1.655294,94.23,16399,-0.008367,0.019329,2.869394,0.004762,0.057251,0.518886,0.257858,0.432076
1780,1367040,0.0002180184331797235,143.8,0.71,1.670449,75.91,16501,-0.008242,0.030862,2.834203,0.005576,0.074127,0.556262,0.161736,0.503373
1790,1374720,0.00021755760368663592,143.9,0.67,1.64781,82.68,16590,-0.00816,0.007423,2.834924,0.005072,0.060608,0.689896,0.432629,0.629189
1800,1382400,0.00021709677419354836,143.9,0.71,1.676238,85.49,16677,-0.009299,0.0079,2.894934,0.006547,0.090607,0.814166,0.561401,0.588757
1810,1390080,0.0002166359447004608,143.9,0.77,1.774979,94.67,16757,-0.008476,0.004766,2.845575,0.004879,0.052002,0.775954,0.32234,0.795712
1820,1397760,0.00021617511520737322,143.9,0.75,1.778443,84.15,16852,-0.007329,0.004668,2.875105,0.004288,0.044037,0.826087,0.405481,0.778351
1830,1405440,0.0002157142857142857,144.0,0.78,1.786617,80.02,16949,-0.008101,0.018377,2.812397,0.004744,0.052307,0.424106,0.324698,0.244565
1840,1413120,0.00021525345622119816,144.0,0.74,1.720597,78.06,17049,-0.009195,0.012267,2.86515,0.006354,0.078827,0.596849,0.326421,0.502762
1850,1420800,0.0002147926267281106,144.0,0.8,1.758795,74.32,17152,-0.007748,0.010648,2.854182,0.005408,0.061523,0.683858,0.622461,0.19639
1860,1428480,0.00021433179723502304,144.1,0.73,1.702439,72.88,17255,-0.00794,0.020012,2.78835,0.004858,0.054535,0.560395,0.483052,0.162635
1870,1436160,0.00021387096774193545,144.1,0.73,1.673801,65.84,17373,-0.00958,0.018036,2.866167,0.005073,0.057617,0.684993,0.15319,0.673544
1880,1443840,0.0002134101382488479,144.1,0.63,1.564571,78.03,17474,-0.00917,0.039504,2.873038,0.005407,0.068085,0.430681,0.366018,0.126732
1890,1451520,0.00021294930875576034,144.1,0.71,1.681974,90.84,17553,-0.007904,0.017054,2.901989,0.004588,0.044373,0.61104,0.353064,0.505323
1900,1459200,0.0002124884792626728,144.1,0.67,1.654171,89.66,17642,-0.007652,0.014573,2.922081,0.005028,0.052185,0.796018,0.240834,0.740492
1910,1466880,0.00021202764976958522,144.2,0.67,1.632123,101.38,17717,-0.007858,0.022783,2.883492,0.005661,0.069794,0.490202,0.250688,0.414628
1920,1474560,0.0002115668202764977,144.2,0.62,1.545955,90.94,17802,-0.009941,0.019902,2.921886,0.006187,0.077667,0.505206,0.22944,0.426921
1930,1482240,0.00021110599078341013,144.2,0.59,1.508889,90.9,17885,-0.010865,0.023608,2.882684,0.005394,0.066956,0.575512,0.270451,0.477241
1940,1489920,0.00021064516129032257,144.2,0.69,1.688711,85.29,17976,-0.009301,0.013861,2.855685,0.005903,0.069519,0.802909,0.394476,0.675895
1950,1497600,0.00021018433179723498,144.2,0.76,1.721575,85.3,18067,-0.01077,0.01869,2.860369,0.006869,0.098297,0.466826,0.358853,0.320494
1960,1505280,0.00020972350230414742,144.2,0.69,1.639069,77.8,18167,-0.00957,0.02568,2.895584,0.005622,0.073486,0.540302,0.45803,0.20649
1970,1512960,0.0002092626728110599,144.3,0.62,1.595708,87.51,18252,-0.009775,0.012745,2.918188,0.006079,0.075897,0.572318,0.434147,0.359634
1980,1520640,0.00020880184331797233,144.3,0.64,1.583369,80.75,18346,-0.00818,0.02108,2.896166,0.005279,0.063354,0.649293,0.362787,0.462511
1990,1528320,0.0002083410138248848,144.3,0.52,1.439164,93.0,18427,-0.00797,0.035896,2.867514,0.00476,0.047363,0.388114,0.381527,0.030972
2000,1536000,0.00020788018433179722,144.3,0.6,1.515631,89.59,18515,-0.008586,0.017897,2.840053,0.004647,0.052765,0.736359,0.166725,0.698983
2010,1543680,0.00020741935483870966,144.4,0.62,1.55367,84.39,18603,-0.00962,0.0102,2.81541,0.005723,0.070038,0.835393,0.05708,0.847899
2020,1551360,0.0002069585253456221,144.4,0.72,1.68059,71.77,18712,-0.007835,0.02737,2.883949,0.004627,0.049683,0.4364,0.216177,0.350615
2030,1559040,0.00020649769585253454,144.4,0.7,1.627068,78.36,18808,-0.00817,0.020374,2.823819,0.005476,0.069397,0.813114,0.153512,0.782945
2040,1566720,0.00020603686635944698,144.4,0.63,1.579416,79.86,18903,-0.009962,0.016959,2.875375,0.00619,0.07782,0.447409,0.178971,0.44125
2050,1574400,0.00020557603686635942,144.5,0.58,1.502428,84.05,18995,-0.008264,0.019919,2.864011,0.005166,0.054077,0.726152,0.258008,0.631791
2060,1582080,0.0002051152073732719,144.5,0.54,1.446433,89.87,19080,-0.008305,0.022253,2.872245,0.005412,0.069031,0.744443,0.182544,0.697696
2070,1589760,0.00020465437788018433,144.5,0.58,1.48495,72.42,19184,-0.00859,0.017104,2.877652,0.003893,0.038696,0.768822,0.178306,0.736606
2080,1597440,0.00020419354838709677,144.5,0.65,1.58407,70.18,19296,-0.009526,0.014046,2.837174,0.004693,0.053802,0.665625,0.15051,0.667451
2090,1605120,0.0002037327188940092,144.6,0.6,1.518533,79.33,19391,-0.009043,0.018123,2.914126,0.005559,0.059448,0.707233,0.230393,0.637671
2100,1612800,0.00020327188940092163,144.6,0.5,1.386663,85.22,19482,-0.008788,0.028009,2.93677,0.005687,0.068634,0.640753,0.205173,0.573961
2110,1620480,0.00020281105990783407,144.6,0.53,1.365682,91.51,19560,-0.00943,0.01766,2.96282,0.006216,0.080536,0.661049,0.374574,0.47635
2120,1628160,0.00020235023041474654,144.6,0.66,1.626404,83.24,19654,-0.007766,0.010829,2.982208,0.004152,0.040222,0.416804,0.25384,0.32703
2130,1635840,0.00020188940092165895,144.7,0.75,1.720137,77.14,19753,-0.007784,0.010093,2.987038,0.005514,0.061096,0.490866,0.426008,0.223384
2140,1643520,0.00020142857142857142,144.7,0.68,1.626527,84.44,19841,-0.006659,0.015283,2.884795,0.005353,0.059448,0.331564,0.13092,0.420755
2150,1651200,0.00020096774193548386,144.7,0.76,1.727791,77.19,19944,-0.009439,0.015792,2.88303,0.00577,0.070557,0.581478,0.331419,0.405561
2160,1658880,0.0002005069124423963,144.7,0.65,1.567754,66.68,20054,-0.008392,0.01537,2.841929,0.005009,0.05368,0.429162,0.349464,0.314207
2170,1666560,0.00020004608294930872,144.7,0.76,1.731333,70.06,20165,-0.009138,0.009681,2.899228,0.005131,0.058594,0.683837,0.405305,0.489324
2180,1674240,0.00019958525345622116,144.7,0.67,1.644525,84.88,20254,-0.006957,0.023175,2.965876,0.004948,0.056885,0.538808,0.364971,0.349384
2190,1681920,0.00019912442396313363,144.7,0.56,1.449078,81.71,20346,-0.008208,0.021945,2.951737,0.004328,0.044464,0.448851,0.077687,0.512597
2200,1689600,0.00019866359447004607,144.7,0.51,1.447238,81.6,20437,-0.008504,0.01475,2.957118,0.006046,0.074036,0.515439,0.23294,0.413845
2210,1697280,0.00019820276497695854,144.7,0.66,1.593618,83.78,20529,-0.008173,0.011292,2.965982,0.005532,0.063965,0.684671,0.268162,0.587579
2220,1704960,0.00019774193548387095,144.8,0.72,1.691555,79.96,20626,-0.007712,0.011399,2.934897,0.004301,0.04303,0.679724,0.242269,0.648605
2230,1712640,0.0001972811059907834,144.8,0.66,1.563775,61.82,20748,-0.008274,0.023615,2.948802,0.004983,0.056885,0.444923,0.134876,0.441732
2240,1720320,0.00019682027649769584,144.8,0.74,1.734298,72.45,20857,-0.00938,0.022572,2.936054,0.005263,0.059326,0.535775,0.361424,0.30041
2250,1728000,0.00019635944700460825,144.8,0.73,1.714267,64.95,20974,-0.00737,0.011988,2.849593,0.004418,0.042175,0.414546,0.114125,0.557685
2260,1735680,0.00019589861751152072,144.8,0.71,1.669657,74.52,21079,-0.007433,0.038354,2.916067,0.004363,0.041138,0.472963,0.390289,0.137958
2270,1743360,0.00019543778801843316,144.8,0.76,1.745557,70.9,21188,-0.009354,0.018543,2.908691,0.006921,0.089508,0.521706,0.40241,0.265843
2280,1751040,0.00019497695852534563,144.8,0.72,1.702903,63.79,21309,-0.00702,0.017629,2.924603,0.004621,0.050476,0.635029,0.380566,0.482063
2290,1758720,0.00019451612903225807,144.8,0.75,1.774725,81.04,21402,-0.007999,0.021509,2.989608,0.005439,0.059723,0.411174,0.134621,0.457999
2300,1766400,0.00019405529953917048,144.8,0.78,1.736169,64.26,21521,-0.008827,0.02149,2.982539,0.006488,0.078674,0.377668,0.146081,0.397067
2310,1774080,0.00019359447004608292,144.8,0.72,1.694919,81.35,21612,-0.0121,0.019016,2.981556,0.007611,0.113037,0.478943,0.41162,0.166809
2320,1781760,0.00019313364055299537,144.8,0.73,1.720679,69.04,21724,-0.009924,0.02136,2.979073,0.006093,0.079865,0.379521,0.11378,0.39388
2330,1789440,0.0001926728110599078,144.8,0.73,1.709485,68.75,21832,-0.00908,0.016443,2.970844,0.005576,0.071228,0.62998,0.338282,0.459636
2340,1797120,0.00019221198156682025,144.8,0.64,1.577008,80.93,21928,-0.008002,0.01219,2.960236,0.005654,0.066498,0.654854,0.326742,0.503389
2350,1804800,0.0001917511520737327,144.8,0.62,1.526537,74.4,22034,-0.008455,0.028899,2.942545,0.004504,0.052582,0.514,0.344779,0.263319
2360,1812480,0.00019129032258064516,144.8,0.64,1.581188,75.55,22133,-0.007549,0.023509,2.894249,0.004626,0.044006,0.52958,0.176575,0.440348
2370,1820160,0.0001908294930875576,144.9,0.63,1.539363,76.11,22236,-0.008472,0.015464,2.901717,0.004644,0.043671,0.569439,0.44067,0.331837
2380,1827840,0.00019036866359447004,144.9,0.69,1.614497,64.65,22349,-0.008578,0.019796,2.950502,0.005807,0.077576,0.505487,0.455757,0.277151
2390,1835520,0.00018990783410138246,144.9,0.72,1.722775,84.62,22437,-0.009561,0.014927,2.928189,0.006387,0.084106,0.631482,0.231626,0.544021
2400,1843200,0.0001894470046082949,144.9,0.77,1.731497,82.32,22533,-0.008777,0.00566,2.984253,0.005435,0.07132,0.784116,0.378733,0.700849
2410,1850880,0.00018898617511520737,144.9,0.72,1.652885,71.87,22638,-0.009458,0.015649,2.99687,0.004507,0.056244,0.46338,0.452238,0.196261
2420,1858560,0.0001885253456221198,144.9,0.76,1.727239,88.1,22726,-0.008281,0.01953,2.996132,0.005634,0.070282,0.548233,0.384296,0.288525
2430,1866240,0.00018806451612903225,144.9,0.71,1.679523,88.87,22810,-0.008623,0.020764,2.967226,0.004978,0.052216,0.778874,0.507232,0.565956
2440,1873920,0.0001876036866359447,145.0,0.65,1.595699,84.16,22899,-0.008804,0.025773,2.982526,0.005068,0.060242,0.458023,0.443968,0.030419
2450,1881600,0.00018714285714285713,145.0,0.69,1.647493,79.95,22994,-0.009964,0.020958,2.938426,0.006393,0.082214,0.592308,0.265423,0.480623
2460,1889280,0.00018668202764976957,145.0,0.63,1.577619,94.47,23074,-0.007829,0.008224,2.980384,0.005293,0.059326,0.756529,0.246369,0.730857
2470,1896960,0.00018622119815668199,145.0,0.56,1.487981,110.47,23143,-0.007952,0.014067,2.942983,0.005387,0.052124,0.6257,0.500683,0.253113
2480,1904640,0.00018576036866359445,145.0,0.62,1.558581,72.53,23252,-0.008683,0.035882,2.884172,0.004898,0.053009,0.453781,0.163784,0.394958
2490,1912320,0.0001852995391705069,145.1,0.65,1.618019,72.52,23354,-0.008757,0.02144,2.935852,0.004851,0.052521,0.734122,0.559809,0.402394
2500,1920000,0.00018483870967741936,145.1,0.67,1.600976,69.62,23461,-0.008671,0.017402,2.911713,0.00459,0.055145,0.635026,0.485777,0.361633
2510,1927680,0.0001843778801843318,145.1,0.71,1.671963,75.05,23562,-0.008375,0.019546,2.966037,0.005184,0.05481,0.60621,0.576888,0.118697
2520,1935360,0.00018391705069124422,145.1,0.64,1.572877,69.2,23673,-0.010489,0.02148,2.969122,0.006272,0.08017,0.504627,0.474249,0.214356
2530,1943040,0.00018345622119815666,145.1,0.74,1.67786,76.28,23772,-0.009094,0.019992,2.95882,0.004528,0.051666,0.716872,0.558844,0.359888
2540,1950720,0.0001829953917050691,145.1,0.68,1.677851,86.33,23861,-0.007454,0.018721,2.968279,0.003702,0.037476,0.703549,0.434632,0.508119
2550,1958400,0.00018253456221198152,145.1,0.71,1.670967,89.41,23943,-0.00905,0.016918,2.929353,0.004636,0.052246,0.659347,0.330423,0.559968
2560,1966080,0.00018207373271889398,145.1,0.71,1.662089,72.21,24049,-0.008326,0.02001,2.92126,0.004609,0.051758,0.50833,0.302875,0.318591
2570,1973760,0.00018161290322580643,145.1,0.79,1.745922,80.58,24143,-0.008543,0.014759,2.938303,0.004618,0.052673,0.806566,0.436734,0.656945
2580,1981440,0.0001811520737327189,145.1,0.65,1.608413,95.69,24222,-0.007494,0.020814,2.937474,0.004855,0.048218,0.750903,0.255355,0.67221
2590,1989120,0.00018069124423963134,145.1,0.69,1.632454,98.0,24301,-0.008597,0.025637,2.941494,0.004798,0.059418,0.264357,0.390421,-0.002898
2600,1996800,0.00018023041474654375,145.1,0.71,1.681298,92.46,24384,-0.009545,0.002963,2.908701,0.004628,0.051514,0.907636,0.735588,0.778915
2610,2004480,0.0001797695852534562,145.2,0.72,1.689554,93.02,24470,-0.008946,0.014377,2.931728,0.00446,0.048431,0.53885,0.395998,0.384992
2620,2012160,0.00017930875576036863,145.2,0.73,1.701592,88.91,24552,-0.007698,0.023513,2.877349,0.004457,0.047272,0.628574,0.501939,0.268275
2630,2019840,0.0001788479262672811,145.2,0.75,1.731553,88.16,24639,-0.008464,0.027942,2.902868,0.005799,0.070007,0.567884,0.402255,0.280116
2640,2027520,0.00017838709677419352,145.2,0.75,1.695674,75.28,24743,-0.008024,0.031976,2.919507,0.004267,0.047974,0.376164,0.33691,0.080774
2650,2035200,0.00017792626728110598,145.2,0.74,1.701153,77.65,24840,-0.00815,0.003966,2.920031,0.004487,0.050598,0.833234,0.650325,0.762663
2660,2042880,0.00017746543778801843,145.2,0.77,1.793628,93.05,24922,-0.008747,0.002233,2.929206,0.005118,0.056488,0.936702,0.547115,0.887613
2670,2050560,0.00017700460829493087,145.2,0.67,1.611487,98.74,25004,-0.009635,0.011823,2.91466,0.005356,0.063721,0.748359,0.423209,0.578494
2680,2058240,0.0001765437788018433,145.2,0.77,1.724669,91.04,25094,-0.009234,0.020992,2.930417,0.005333,0.067383,0.543429,0.36838,0.294427
2690,2065920,0.00017608294930875572,145.2,0.62,1.567524,79.82,25189,-0.010222,0.01463,2.879841,0.005252,0.063812,0.753309,0.462706,0.552103
2700,2073600,0.0001756221198156682,145.2,0.75,1.704733,81.53,25281,-0.008403,0.003634,2.914089,0.004882,0.054443,0.865924,0.490169,0.795225
2710,2081280,0.00017516129032258063,145.2,0.71,1.690451,88.11,25369,-0.009485,0.006712,2.94318,0.005059,0.060181,0.874334,0.074446,0.876676
2720,2088960,0.0001747004608294931,145.2,0.75,1.68069,77.11,25470,-0.008954,0.020008,2.956644,0.00502,0.058136,0.485983,0.029507,0.642025
2730,2096640,0.00017423963133640551,145.2,0.63,1.547682,82.7,25558,-0.010441,0.014502,2.898653,0.006024,0.079224,0.68187,0.302345,0.551785
2740,2104320,0.00017377880184331796,145.2,0.81,1.785824,84.81,25647,-0.007211,0.008002,2.919828,0.004702,0.051941,0.80372,0.37143,0.712158
2750,2112000,0.0001733179723502304,145.2,0.71,1.654386,73.55,25752,-0.008078,0.021156,2.939603,0.004147,0.046051,0.466287,0.174013,0.489526
2760,2119680,0.00017285714285714284,145.2,0.72,1.719167,75.91,25852,-0.008248,0.011208,2.952816,0.004466,0.049744,0.612846,0.290094,0.507197
2770,2127360,0.00017239631336405525,145.2,0.75,1.751898,83.29,25942,-0.008622,0.029782,2.978608,0.004712,0.055023,0.454644,0.349475,0.180117
2780,2135040,0.00017193548387096772,145.3,0.64,1.570354,78.26,26044,-0.008234,0.023941,2.98982,0.005536,0.075226,0.49117,0.335256,0.299738
2790,2142720,0.0001714746543778802,145.2,0.68,1.633533,71.02,26151,-0.008762,0.010619,2.951604,0.004992,0.060944,0.610151,0.253793,0.715475
2800,2150400,0.00017101382488479263,145.3,0.66,1.618286,60.9,26268,-0.010942,0.010132,2.957025,0.006203,0.081757,0.629501,0.206635,0.683508
2810,2158080,0.00017055299539170507,145.3,0.71,1.682293,68.41,26381,-0.008339,0.01842,2.953041,0.004723,0.047638,0.409401,0.273729,0.302873
2820,2165760,0.00017009216589861749,145.3,0.77,1.768897,73.74,26486,-0.009572,0.017228,2.925364,0.005348,0.06958,0.595317,0.415278,0.391769
2830,2173440,0.00016963133640552993,145.3,0.69,1.646605,73.4,26590,-0.00865,0.017652,2.971104,0.004336,0.047485,0.527191,0.133056,0.644228
2840,2181120,0.00016917050691244237,145.3,0.69,1.684516,84.72,26680,-0.008207,0.023034,2.944304,0.004448,0.051971,0.205839,0.062305,0.291193
2850,2188800,0.00016870967741935484,145.3,0.73,1.668593,84.3,26772,-0.008334,0.007843,2.936384,0.004335,0.043488,0.845269,0.246631,0.801896
2860,2196480,0.00016824884792626725,145.3,0.55,1.49597,83.61,26864,-0.00878,0.014547,2.908812,0.004375,0.050903,0.804438,0.050352,0.816916
2870,2204160,0.00016778801843317972,145.3,0.64,1.552619,83.16,26959,-0.008287,0.022204,2.843456,0.00426,0.04953,0.692845,0.436276,0.478712
2880,2211840,0.00016732718894009216,145.3,0.54,1.470933,78.34,27057,-0.008897,0.02143,2.824867,0.004278,0.049408,0.538586,0.153862,0.505519
2890,2219520,0.0001668663594470046,145.3,0.66,1.597131,70.41,27166,-0.007666,0.018247,2.88253,0.005064,0.063812,0.555246,0.213222,0.496753
2900,2227200,0.00016640552995391702,145.3,0.69,1.626755,63.42,27290,-0.009246,0.014737,2.898219,0.004408,0.049469,0.75371,0.218816,0.698531
2910,2234880,0.00016594470046082946,145.3,0.69,1.633221,75.54,27389,-0.007512,0.02087,2.901434,0.004683,0.052368,0.456525,0.126964,0.476428
2920,2242560,0.00016548387096774193,145.3,0.57,1.516388,70.97,27495,-0.008989,0.018718,2.903748,0.005291,0.062531,0.648277,0.160101,0.634592
2930,2250240,0.00016502304147465437,145.3,0.68,1.628253,75.81,27598,-0.007969,0.016237,2.9112,0.004585,0.05191,0.55445,0.103901,0.634742
2940,2257920,0.00016456221198156684,145.3,0.73,1.730836,66.59,27710,-0.007922,0.01692,2.868409,0.004989,0.054047,0.496307,0.44549,0.220539
2950,2265600,0.00016410138248847925,145.3,0.73,1.737576,75.2,27812,-0.008931,0.007469,2.931677,0.004156,0.046173,0.788414,0.39677,0.684326
2960,2273280,0.0001636405529953917,145.3,0.68,1.594023,74.11,27918,-0.008419,0.027333,2.950405,0.004425,0.046692,0.465241,0.260215,0.308817
2970,2280960,0.00016317972350230413,145.3,0.67,1.570967,68.66,28026,-0.009179,0.021216,2.924325,0.005697,0.069733,0.661109,0.259806,0.542946
2980,2288640,0.00016271889400921655,145.3,0.67,1.626237,84.0,28121,-0.0078,0.014897,2.95352,0.004575,0.050934,0.563072,0.175474,0.560111
2990,2296320,0.000162258064516129,145.3,0.74,1.69922,61.32,28245,-0.00976,0.020676,2.933201,0.00522,0.067535,0.530379,0.309721,0.414282
3000,2304000,0.00016179723502304146,145.3,0.71,1.702917,71.25,28355,-0.008501,0.026134,2.893403,0.005092,0.063721,0.497506,0.468251,0.055532
3010,2311680,0.00016133640552995393,145.3,0.79,1.79791,68.75,28467,-0.008269,0.0174,2.93422,0.004883,0.057526,0.375952,0.346346,0.193475
3020,2319360,0.00016087557603686637,145.3,0.76,1.726421,70.11,28577,-0.009049,0.010628,2.892614,0.005253,0.068024,0.601327,0.474163,0.378234
3030,2327040,0.00016041474654377878,145.4,0.64,1.625516,81.67,28671,-0.009395,0.016528,2.893982,0.005328,0.066559,0.590094,0.204253,0.554109
3040,2334720,0.00015995391705069122,145.4,0.63,1.600091,81.9,28760,-0.009609,0.014158,2.904523,0.004772,0.055511,0.573643,0.290746,0.627928
3050,2342400,0.00015949308755760366,145.4,0.66,1.593616,69.35,28872,-0.008587,0.024634,2.901358,0.004597,0.052917,0.632864,0.259145,0.523231
3060,2350080,0.0001590322580645161,145.4,0.73,1.682866,75.74,28973,-0.00945,0.010645,2.868768,0.004429,0.049438,0.797624,0.450479,0.634856
3070,2357760,0.00015857142857142857,145.4,0.61,1.538242,69.66,29083,-0.008224,0.031128,2.871231,0.004648,0.049011,0.348609,0.291751,0.122193
3080,2365440,0.000158110599078341,145.4,0.72,1.656178,64.69,29197,-0.007823,0.016737,2.890388,0.004109,0.042877,0.454144,0.355071,0.250096
3090,2373120,0.00015764976958525346,145.4,0.69,1.638245,70.91,29304,-0.009924,0.018572,2.884074,0.005338,0.065674,0.664809,0.476181,0.375915
3100,2380800,0.0001571889400921659,145.4,0.55,1.515604,77.48,29402,-0.010956,0.011312,2.87199,0.005245,0.068268,0.547646,0.270102,0.522439
3110,2388480,0.00015672811059907834,145.4,0.58,1.461052,60.09,29531,-0.009281,0.018288,2.880632,0.004581,0.052612,0.51386,0.184343,0.535684
3120,2396160,0.00015626728110599075,145.4,0.69,1.611883,78.56,29630,-0.00898,0.037039,2.882166,0.004821,0.057343,0.513727,0.259544,0.357095
3130,2403840,0.0001558064516129032,145.4,0.57,1.496424,66.96,29744,-0.00857,0.025552,2.899038,0.004504,0.047363,0.536822,0.255433,0.430533
3140,2411520,0.00015534562211981566,145.4,0.54,1.470948,71.95,29854,-0.008032,0.01706,2.878789,0.003854,0.041809,0.553604,0.235616,0.505455
3150,2419200,0.0001548847926267281,145.4,0.64,1.562782,69.55,29968,-0.009241,0.029838,2.881553,0.004228,0.047729,0.60093,0.441569,0.28543
3160,2426880,0.00015442396313364057,145.4,0.62,1.566724,66.73,30082,-0.007795,0.028495,2.899274,0.004645,0.049103,0.488495,0.351927,0.235108
3170,2434560,0.00015396313364055299,145.4,0.67,1.58834,61.17,30202,-0.007709,0.020797,2.920918,0.005076,0.060883,0.490778,0.263742,0.334044
3180,2442240,0.00015350230414746543,145.5,0.66,1.595988,77.01,30301,-0.007109,0.01862,2.892124,0.004384,0.051483,0.617178,0.444311,0.314782
3190,2449920,0.00015304147465437787,145.5,0.7,1.698336,85.25,30394,-0.009283,0.016681,2.87635,0.004819,0.055206,0.608285,0.171083,0.601135
3200,2457600,0.00015258064516129028,145.5,0.68,1.623043,73.63,30495,-0.008731,0.013175,2.893917,0.00462,0.050842,0.701953,0.399501,0.506037
3210,2465280,0.00015211981566820272,145.5,0.7,1.649268,78.78,30596,-0.008124,0.028596,2.878374,0.004725,0.049866,0.677164,0.239074,0.588195
3220,2472960,0.0001516589861751152,145.5,0.66,1.591116,69.85,30703,-0.008415,0.011412,2.838618,0.005008,0.058807,0.690446,0.110571,0.729433
3230,2480640,0.00015119815668202766,145.5,0.68,1.602512,82.25,30797,-0.008467,0.017979,2.824724,0.004988,0.063843,0.640753,0.161823,0.619511
3240,2488320,0.0001507373271889401,145.5,0.67,1.573526,92.25,30876,-0.008502,0.025097,2.816706,0.00512,0.058075,0.706465,0.27955,0.615853
3250,2496000,0.00015027649769585252,145.5,0.73,1.738087,78.62,30971,-0.007988,0.014,2.850491,0.004694,0.056946,0.587625,0.318927,0.412182
3260,2503680,0.00014981566820276496,145.5,0.63,1.563843,76.99,31072,-0.007485,0.028948,2.865081,0.003943,0.038666,0.476278,0.343297,0.271542
3270,2511360,0.0001493548387096774,145.5,0.68,1.60931,94.48,31143,-0.007423,0.009866,2.867462,0.003905,0.03537,0.870406,0.346167,0.801803
3280,2519040,0.00014889400921658987,145.5,0.64,1.570284,104.51,31223,-0.007455,0.011747,2.849052,0.00345,0.034058,0.672185,0.309921,0.577405
3290,2526720,0.00014843317972350228,145.5,0.62,1.530097,97.66,31304,-0.008618,0.023577,2.908636,0.005431,0.066986,0.539074,0.295206,0.377221
3300,2534400,0.00014797235023041472,145.5,0.54,1.424009,105.12,31375,-0.007339,0.017585,2.849858,0.004581,0.052124,0.750799,0.319649,0.643149
3310,2542080,0.00014751152073732716,145.5,0.61,1.537024,97.98,31455,-0.007887,0.008128,2.88705,0.004449,0.046814,0.88098,0.177732,0.860314
3320,2549760,0.00014705069124423963,145.5,0.68,1.597389,76.78,31552,-0.007022,0.014566,2.872195,0.00386,0.039948,0.641997,0.241371,0.554835
3330,2557440,0.00014658986175115205,145.5,0.62,1.553827,78.95,31650,-0.007465,0.016346,2.830905,0.004999,0.053253,0.565467,0.307725,0.430446
3340,2565120,0.0001461290322580645,145.5,0.62,1.536378,80.22,31746,-0.008792,0.023481,2.887913,0.004418,0.046051,0.554766,0.223062,0.500852
3350,2572800,0.00014566820276497696,145.6,0.66,1.615428,82.21,31839,-0.008531,0.012393,2.891159,0.005079,0.060455,0.507438,0.238701,0.597641
3360,2580480,0.0001452073732718894,145.6,0.7,1.651057,83.27,31932,-0.008088,0.021757,2.899952,0.005515,0.06192,0.568312,0.329954,0.422969
3370,2588160,0.00014474654377880184,145.6,0.66,1.625333,77.57,32032,-0.009333,0.025632,2.914842,0.005331,0.068756,0.607136,0.369716,0.377612
3380,2595840,0.00014428571428571425,145.6,0.81,1.803311,79.97,32125,-0.00737,0.006981,2.936709,0.004669,0.05304,0.783141,0.101536,0.837776
3390,2603520,0.00014382488479262672,145.6,0.75,1.714872,75.71,32227,-0.007918,0.019519,2.957692,0.004189,0.044739,0.605471,0.352577,0.407171
3400,2611200,0.00014336405529953916,145.6,0.71,1.659452,79.55,32318,-0.007694,0.009492,2.965495,0.005337,0.065582,0.63749,0.26494,0.593312
3410,2618880,0.0001429032258064516,145.6,0.76,1.701207,86.11,32409,-0.008846,0.016794,2.985072,0.005634,0.075775,0.472531,0.395563,0.322033
3420,2626560,0.00014244239631336402,145.6,0.76,1.727639,76.97,32508,-0.007507,0.013731,2.948558,0.004494,0.045898,0.66505,0.28293,0.570613
3430,2634240,0.0001419815668202765,145.6,0.67,1.643314,64.82,32626,-0.008065,0.010047,2.956108,0.003821,0.033752,0.674595,0.326083,0.672404
3440,2641920,0.00014152073732718893,145.6,0.81,1.8102,74.19,32730,-0.007358,0.012896,2.909183,0.003868,0.042145,0.596101,0.266249,0.534968
3450,2649600,0.00014105990783410137,145.6,0.68,1.672425,65.42,32852,-0.007648,0.033365,2.918833,0.004528,0.050659,0.484802,0.310171,0.263955
3460,2657280,0.00014059907834101384,145.6,0.68,1.672067,73.61,32953,-0.00813,0.008627,2.938541,0.004322,0.043121,0.672285,0.245547,0.653205
3470,2664960,0.00014013824884792625,145.6,0.7,1.680939,85.97,33047,-0.007563,0.030389,2.960063,0.003934,0.043732,0.59403,0.374293,0.353273
3480,2672640,0.0001396774193548387,145.6,0.66,1.562146,74.9,33148,-0.008358,0.023168,2.957082,0.005049,0.05658,0.436521,0.110515,0.548412
3490,2680320,0.00013921658986175114,145.7,0.59,1.509969,92.86,33227,-0.007643,0.015486,2.952991,0.004668,0.054108,0.778877,0.237932,0.714248
3500,2688000,0.0001387557603686636,145.7,0.71,1.688933,82.88,33320,-0.007502,0.002302,2.943156,0.00435,0.046936,0.855405,0.725129,0.72496
3510,2695680,0.00013829493087557602,145.7,0.77,1.714633,66.63,33436,-0.006794,0.003099,2.924747,0.00423,0.043732,0.884146,0.485124,0.842459
3520,2703360,0.00013783410138248846,145.7,0.74,1.723842,65.15,33556,-0.007229,0.030399,2.89677,0.00384,0.035706,0.539075,0.361045,0.322189
3530,2711040,0.0001373732718894009,145.7,0.79,1.798017,75.2,33662,-0.006819,0.033114,2.93243,0.002928,0.024292,0.574151,0.490087,0.166991
3540,2718720,0.00013691244239631337,145.7,0.75,1.743857,67.91,33771,-0.008384,0.022083,2.936169,0.004459,0.047028,0.596289,0.398649,0.343133
3550,2726400,0.00013645161290322578,145.7,0.69,1.64759,78.17,33868,-0.008482,0.014477,2.953734,0.004413,0.049957,0.683213,0.315074,0.5735
3560,2734080,0.00013599078341013822,145.7,0.72,1.695048,89.81,33958,-0.008828,0.015425,2.975952,0.005072,0.064819,0.601414,0.309886,0.449315
3570,2741760,0.0001355299539170507,145.7,0.77,1.745738,85.39,34045,-0.008244,0.01816,2.98626,0.005607,0.069031,0.606195,0.36855,0.394653
3580,2749440,0.00013506912442396313,145.7,0.67,1.630005,81.55,34140,-0.007304,0.033785,2.930831,0.004696,0.057281,0.409419,0.317685,0.179033
3590,2757120,0.00013460829493087555,145.7,0.74,1.729021,90.29,34225,-0.007372,0.018507,2.967266,0.00459,0.060883,0.5659,0.402075,0.345948
3600,2764800,0.000134147465437788,145.7,0.82,1.803338,88.92,34313,-0.008246,0.008784,2.960203,0.004668,0.049988,0.722921,0.57527,0.41619
3610,2772480,0.00013368663594470046,145.7,0.81,1.76388,95.15,34388,-0.006985,0.019268,2.951113,0.003845,0.038422,0.540685,0.424511,0.232747
3620,2780160,0.0001332258064516129,145.7,0.81,1.801993,91.4,34472,-0.007267,0.020408,2.945019,0.004379,0.048157,0.655368,0.409752,0.43534
3630,2787840,0.00013276497695852531,145.7,0.77,1.7112,84.11,34563,-0.007691,0.028197,2.944644,0.004656,0.048523,0.592835,0.366042,0.373969
3640,2795520,0.00013230414746543775,145.8,0.71,1.662015,98.6,34631,-0.007353,0.014805,2.991223,0.003511,0.031769,0.728752,0.472628,0.489278
3650,2803200,0.00013184331797235022,145.8,0.68,1.639526,111.66,34699,-0.006925,0.014388,2.95833,0.004674,0.046265,0.651977,0.179626,0.60685
3660,2810880,0.00013138248847926266,145.8,0.71,1.652111,112.16,34765,-0.007515,0.023438,2.970421,0.004219,0.04245,0.637477,0.525859,0.237698
3670,2818560,0.0001309216589861751,145.8,0.73,1.715473,119.87,34833,-0.008372,0.008172,2.927775,0.004588,0.048065,0.834016,0.123015,0.844908
3680,2826240,0.00013046082949308755,145.8,0.71,1.661417,91.44,34918,-0.006282,0.026585,2.902113,0.003605,0.035675,0.300978,0.171683,0.249289
3690,2833920,0.00013,145.8,0.74,1.71357,91.37,35002,-0.007279,0.002865,2.963893,0.004394,0.041199,0.873995,0.509326,0.768265
3700,2841600,0.00012953917050691243,145.8,0.7,1.632162,93.27,35084,-0.008006,0.01669,2.953911,0.004512,0.043854,0.775406,0.302664,0.681754
3710,2849280,0.00012907834101382487,145.8,0.59,1.553967,104.08,35152,-0.007103,0.009932,2.968202,0.003751,0.03717,0.892158,0.230986,0.86082
3720,2856960,0.00012861751152073734,145.8,0.63,1.537179,90.19,35244,-0.008417,0.023358,2.952554,0.004324,0.050964,0.689952,0.310947,0.559098
3730,2864640,0.00012815668202764975,145.8,0.71,1.647907,74.72,35347,-0.007892,0.023945,2.949617,0.004132,0.047455,0.586094,0.375372,0.385606
3740,2872320,0.0001276958525345622,145.8,0.69,1.623606,83.36,35434,-0.00775,0.006473,2.916427,0.003963,0.044769,0.737036,0.615552,0.36458
3750,2880000,0.00012723502304147466,145.8,0.77,1.729498,93.85,35516,-0.007389,0.013809,2.934346,0.004158,0.040192,0.856199,0.260963,0.805426
3760,2887680,0.0001267741935483871,145.8,0.7,1.664974,85.99,35602,-0.007815,0.019906,2.923195,0.004288,0.050232,0.611341,0.331435,0.439503
3770,2895360,0.00012631336405529952,145.8,0.76,1.733307,85.73,35694,-0.007424,0.005122,2.891587,0.003871,0.038666,0.751117,0.303669,0.796205
3780,2903040,0.00012585253456221196,145.9,0.73,1.710302,83.63,35790,-0.006794,0.005508,2.893008,0.003717,0.03479,0.701803,0.706739,0.341143
3790,2910720,0.00012539170506912443,145.9,0.73,1.725619,85.38,35880,-0.006538,0.019262,2.897677,0.003973,0.037445,0.629266,0.418724,0.374382
3800,2918400,0.00012493087557603687,145.9,0.7,1.683183,88.93,35967,-0.007529,0.020017,2.864888,0.003351,0.030426,0.75556,0.585201,0.41094
3810,2926080,0.00012447004608294928,145.9,0.8,1.720152,78.1,36064,-0.007374,0.007564,2.883471,0.00419,0.042969,0.849725,0.559185,0.698497
3820,2933760,0.00012400921658986173,145.9,0.83,1.832982,85.87,36157,-0.007201,0.014533,2.879154,0.005432,0.061554,0.631858,0.59222,0.11662
3830,2941440,0.0001235483870967742,145.9,0.81,1.776679,78.64,36251,-0.005851,0.024824,2.880285,0.003345,0.033081,0.542188,0.267217,0.376618
3840,2949120,0.00012308755760368664,145.9,0.81,1.794347,86.87,36345,-0.00739,0.008468,2.827613,0.004579,0.048004,0.678311,0.487095,0.504984
3850,2956800,0.00012262672811059905,145.9,0.82,1.803597,72.83,36450,-0.008349,0.019394,2.880201,0.004053,0.03949,0.616091,0.589021,0.119276
3860,2964480,0.00012216589861751152,145.9,0.76,1.76559,81.17,36543,-0.007561,0.019158,2.908397,0.004622,0.049591,0.645646,0.468888,0.353236
3870,2972160,0.00012170506912442396,145.9,0.73,1.718204,81.75,36639,-0.007813,0.010913,2.939504,0.004354,0.045746,0.731475,0.104469,0.748962
3880,2979840,0.00012124423963133639,145.9,0.75,1.769757,75.51,36739,-0.007634,0.009327,2.882116,0.003968,0.043335,0.682629,0.433299,0.487624
3890,2987520,0.00012078341013824883,145.9,0.71,1.694742,77.13,36839,-0.007121,0.035817,2.882952,0.003907,0.036713,0.336287,0.370556,-0.035967
3900,2995200,0.0001203225806451613,145.9,0.78,1.739432,71.17,36947,-0.006173,0.028229,2.875705,0.003918,0.040619,0.495519,0.45351,0.127075
3910,3002880,0.00011986175115207372,145.9,0.73,1.673419,66.37,37061,-0.008361,0.014349,2.901995,0.005843,0.082581,0.65342,0.40209,0.541848
3920,3010560,0.00011940092165898617,145.9,0.7,1.669824,81.59,37152,-0.00636,0.013509,2.928431,0.003519,0.037109,0.752398,0.39628,0.630303
3930,3018240,0.0001189400921658986,145.9,0.84,1.842412,82.93,37247,-0.006753,0.008021,2.925942,0.003434,0.03009,0.814613,0.578539,0.623105
3940,3025920,0.00011847926267281106,145.9,0.73,1.705611,100.05,37320,-0.006225,0.025761,2.953046,0.002894,0.022644,0.744132,0.410803,0.567969
3950,3033600,0.00011801843317972349,145.9,0.72,1.690154,86.67,37411,-0.007269,0.020139,2.911857,0.004799,0.053741,0.709426,0.608899,0.275297
3960,3041280,0.00011755760368663593,145.9,0.72,1.696697,79.11,37506,-0.007257,0.026609,2.865308,0.00392,0.040802,0.607238,0.443414,0.318054
3970,3048960,0.00011709677419354839,145.9,0.65,1.608856,84.75,37595,-0.007041,0.020488,2.83515,0.003483,0.034119,0.604889,0.585211,0.054504
3980,3056640,0.00011663594470046083,145.9,0.76,1.701521,84.35,37681,-0.007481,0.006218,2.899471,0.005079,0.059662,0.869643,0.385945,0.787754
3990,3064320,0.00011617511520737326,145.9,0.75,1.714553,85.58,37774,-0.008265,0.010749,2.887299,0.004447,0.054138,0.747821,0.436697,0.605438
4000,3072000,0.0001157142857142857,145.9,0.74,1.686832,88.83,37860,-0.006661,0.022962,2.889663,0.003642,0.032959,0.603917,0.413105,0.337369
4010,3079680,0.00011525345622119816,145.9,0.74,1.686033,84.66,37949,-0.00604,0.009483,2.901461,0.003611,0.036224,0.721831,0.284483,0.720592
4020,3087360,0.00011479262672811059,145.9,0.69,1.622346,95.31,38035,-0.007591,0.021622,2.868885,0.004547,0.042969,0.459684,0.216554,0.390486
4030,3095040,0.00011433179723502302,145.9,0.75,1.756165,94.63,38113,-0.006513,0.012915,2.901034,0.003949,0.039551,0.712592,0.619962,0.258104
4040,3102720,0.00011387096774193546,146.0,0.61,1.517376,90.47,38198,-0.007717,0.015596,2.906832,0.003534,0.034241,0.784566,0.298104,0.693075
4050,3110400,0.00011341013824884793,146.0,0.69,1.654314,89.68,38287,-0.00773,0.015856,2.843611,0.004321,0.047546,0.676923,0.350025,0.616545
4060,3118080,0.00011294930875576036,146.0,0.75,1.693721,90.55,38368,-0.00578,0.011699,2.919492,0.002461,0.01944,0.75514,0.627825,0.362956
4070,3125760,0.0001124884792626728,146.0,0.84,1.791871,102.4,38442,-0.007771,0.009861,2.906649,0.004334,0.04834,0.829304,0.587391,0.596238
4080,3133440,0.00011202764976958525,146.0,0.57,1.458489,94.18,38522,-0.007751,0.017323,2.926675,0.004016,0.03952,0.646028,0.597566,0.151768
4090,3141120,0.0001115668202764977,146.0,0.74,1.732662,92.7,38605,-0.005855,0.012995,2.930309,0.002518,0.013214,0.561677,0.418028,0.391964
4100,3148800,0.00011110599078341012,146.0,0.76,1.731018,87.8,38693,-0.008157,0.020749,2.898273,0.003902,0.036896,0.627809,0.35142,0.48013
4110,3156480,0.00011064516129032256,146.0,0.76,1.705409,88.5,38776,-0.00673,0.00627,2.94119,0.003735,0.038727,0.891633,0.117745,0.886611
4120,3164160,0.00011018433179723502,146.0,0.64,1.583725,94.04,38858,-0.00681,0.013054,2.92649,0.003203,0.027161,0.718877,0.308699,0.630012
4130,3171840,0.00010972350230414746,146.0,0.69,1.658801,94.32,38944,-0.006236,0.018532,2.915044,0.003431,0.035339,0.571293,0.472598,0.233932
4140,3179520,0.00010926267281105989,146.0,0.63,1.579864,88.55,39033,-0.00679,0.014761,2.873829,0.00422,0.040741,0.835755,0.445089,0.704899
4150,3187200,0.00010880184331797233,146.0,0.76,1.750628,81.16,39131,-0.007855,0.022485,2.921377,0.003881,0.040344,0.574142,0.355928,0.491193
4160,3194880,0.0001083410138248848,146.0,0.76,1.712617,78.18,39226,-0.005899,0.028304,2.888351,0.002693,0.023865,0.624904,0.318377,0.481139
4170,3202560,0.00010788018433179723,146.0,0.74,1.730144,79.14,39324,-0.005939,0.002708,2.90827,0.003029,0.026825,0.861183,0.708154,0.711345
4180,3210240,0.00010741935483870965,146.0,0.78,1.792047,81.46,39419,-0.006805,0.012076,2.912286,0.00341,0.033234,0.762402,0.638378,0.42421
4190,3217920,0.00010695852534562212,146.0,0.79,1.787975,87.68,39506,-0.006722,0.008169,2.911774,0.003487,0.038208,0.768536,0.558998,0.670906
4200,3225600,0.00010649769585253456,146.0,0.68,1.636547,78.39,39603,-0.006229,0.010602,2.937333,0.003658,0.032013,0.70396,0.308662,0.692378
4210,3233280,0.00010603686635944699,146.0,0.81,1.777069,70.41,39709,-0.007502,0.00399,2.907825,0.0042,0.039612,0.863528,0.781023,0.524041
4220,3240960,0.00010557603686635943,146.0,0.8,1.782651,72.69,39816,-0.00649,0.009849,2.957322,0.003688,0.038391,0.723317,0.545228,0.452946
4230,3248640,0.00010511520737327189,146.0,0.81,1.822479,78.64,39911,-0.007743,0.010873,2.977472,0.004282,0.045258,0.748704,0.620221,0.370188
4240,3256320,0.00010465437788018433,146.0,0.7,1.671456,74.87,40015,-0.007642,0.010017,2.988135,0.003625,0.041321,0.66161,0.486228,0.466797
4250,3264000,0.00010419354838709676,146.1,0.76,1.743459,76.02,40115,-0.007248,0.008086,2.973384,0.003442,0.032928,0.727819,0.459767,0.534765
4260,3271680,0.0001037327188940092,146.1,0.87,1.891248,84.9,40208,-0.007994,0.010476,2.958459,0.00548,0.067261,0.689631,0.618906,0.390007
4270,3279360,0.00010327188940092165,146.1,0.75,1.753889,82.53,40299,-0.007446,0.003834,2.897046,0.003262,0.035065,0.891574,0.535243,0.802942
4280,3287040,0.0001028110599078341,146.1,0.81,1.781213,71.89,40406,-0.00699,0.018879,2.931989,0.00469,0.047241,0.495408,0.479308,0.260234
4290,3294720,0.00010235023041474652,146.1,0.76,1.736847,74.11,40512,-0.007456,0.031716,2.959446,0.003315,0.032928,0.307638,0.291489,0.111597
4300,3302400,0.00010188940092165899,146.1,0.75,1.726453,71.74,40620,-0.007298,0.00493,2.955726,0.003102,0.030548,0.76677,0.558464,0.635563
4310,3310080,0.00010142857142857143,146.1,0.87,1.880244,80.96,40713,-0.007457,0.003634,2.966032,0.004358,0.0466,0.816483,0.747173,0.477263
4320,3317760,0.00010096774193548386,146.1,0.82,1.837891,88.99,40800,-0.006908,0.012109,2.965447,0.003229,0.028595,0.680332,0.295446,0.589512
4330,3325440,0.00010050691244239629,146.1,0.75,1.747042,77.44,40898,-0.0066,0.019555,2.901818,0.003176,0.029419,0.699276,0.433278,0.470273
4340,3333120,0.00010004608294930876,146.1,0.76,1.748725,73.18,41005,-0.006565,0.006678,2.934553,0.003468,0.034027,0.723689,0.221104,0.720349
4350,3340800,9.95852534562212e-05,146.1,0.75,1.742598,66.35,41120,-0.006117,0.019673,2.960006,0.003063,0.026245,0.704805,0.505331,0.404305
4360,3348480,9.912442396313362e-05,146.1,0.81,1.802689,72.71,41226,-0.007579,0.010603,2.926063,0.002879,0.025787,0.698558,0.736764,0.018847
4370,3356160,9.866359447004607e-05,146.1,0.69,1.64794,75.58,41328,-0.006468,0.021072,2.965487,0.003184,0.030853,0.580334,0.31666,0.432981
4380,3363840,9.820276497695852e-05,146.1,0.69,1.6508,80.15,41425,-0.00612,0.020988,2.933366,0.003604,0.035675,0.498773,0.26583,0.383253
4390,3371520,9.774193548387096e-05,146.1,0.8,1.813457,82.32,41520,-0.005886,0.015014,2.887458,0.002457,0.017609,0.579682,0.403576,0.419957
4400,3379200,9.728110599078339e-05,146.1,0.73,1.681148,76.82,41619,-0.006821,0.010246,2.854453,0.002659,0.022247,0.765381,0.370077,0.6611
4410,3386880,9.682027649769586e-05,146.1,0.74,1.684933,75.29,41719,-0.006676,0.023848,2.791511,0.003219,0.030945,0.374974,0.273183,0.200411
4420,3394560,9.635944700460829e-05,146.1,0.76,1.737129,74.46,41822,-0.006805,0.011878,2.861602,0.004215,0.042786,0.47508,0.217689,0.635111
4430,3402240,9.589861751152073e-05,146.1,0.78,1.744438,78.35,41921,-0.005771,0.00799,2.874484,0.003001,0.019562,0.686555,0.427965,0.51645
4440,3409920,9.543778801843315e-05,146.1,0.75,1.755356,75.12,42021,-0.006775,0.019084,2.918551,0.004195,0.052368,0.586987,0.433164,0.304015
4450,3417600,9.497695852534562e-05,146.1,0.85,1.823658,78.57,42119,-0.00591,0.007254,2.943158,0.00348,0.033752,0.688015,0.538101,0.514199
4460,3425280,9.451612903225806e-05,146.1,0.9,1.94586,83.53,42212,-0.007059,0.012245,2.899501,0.003333,0.031067,0.833642,0.650315,0.592358
4470,3432960,9.405529953917049e-05,146.1,0.74,1.727891,86.62,42299,-0.004644,0.012513,2.942993,0.002787,0.021454,0.81109,0.605312,0.52865
4480,3440640,9.359447004608292e-05,146.2,0.77,1.778257,78.26,42398,-0.005876,0.027992,2.966807,0.002463,0.016754,0.550784,0.5163,0.086775
4490,3448320,9.313364055299539e-05,146.2,0.83,1.842002,78.37,42495,-0.005143,0.016731,2.963924,0.002344,0.016479,0.631214,0.477718,0.313359
4500,3456000,9.267281105990783e-05,146.2,0.74,1.720782,88.07,42578,-0.006449,0.028712,2.973453,0.003056,0.028259,0.31053,0.387503,-0.053218
4510,3463680,9.221198156682026e-05,146.2,0.75,1.766126,87.48,42665,-0.006059,0.012473,2.977818,0.003024,0.031982,0.71665,0.492213,0.515717
4520,3471360,9.175115207373273e-05,146.2,0.7,1.682155,80.59,42760,-0.006515,0.013431,2.931679,0.003531,0.033936,0.636503,0.306181,0.537704
4530,3479040,9.129032258064515e-05,146.2,0.77,1.722015,83.37,42849,-0.004606,0.009014,2.911067,0.002188,0.011749,0.858003,0.454953,0.749099
4540,3486720,9.08294930875576e-05,146.2,0.63,1.594789,98.15,42929,-0.00645,0.019677,2.926394,0.003081,0.026855,0.629127,0.391053,0.433238
4550,3494400,9.036866359447002e-05,146.2,0.77,1.770329,72.68,43036,-0.006953,0.023098,2.950149,0.003349,0.030487,0.418366,0.228513,0.472803
4560,3502080,8.990783410138249e-05,146.2,0.8,1.825838,72.04,43141,-0.005355,0.008216,2.974624,0.002818,0.017975,0.774475,0.63421,0.462749
4570,3509760,8.944700460829492e-05,146.2,0.78,1.817425,79.83,43237,-0.006734,0.023501,2.944262,0.004609,0.05246,0.723144,0.519935,0.429051
4580,3517440,8.898617511520736e-05,146.2,0.71,1.67114,70.23,43347,-0.005974,0.014429,2.947006,0.00266,0.023163,0.416629,0.239154,0.506972
4590,3525120,8.852534562211979e-05,146.2,0.8,1.767608,68.66,43459,-0.005559,0.02297,2.914942,0.002364,0.016998,0.625116,0.229237,0.568277
4600,3532800,8.806451612903226e-05,146.2,0.67,1.634127,83.41,43549,-0.005876,0.035289,2.90634,0.002598,0.0242,0.630185,0.451621,0.332553
4610,3540480,8.76036866359447e-05,146.2,0.71,1.636889,89.03,43633,-0.005148,0.022275,2.955477,0.002987,0.025635,0.709357,0.414695,0.503883
4620,3548160,8.714285714285713e-05,146.2,0.82,1.797399,84.43,43725,-0.006543,0.0125,2.934418,0.004013,0.046387,0.580272,0.464849,0.268964
4630,3555840,8.66820276497696e-05,146.2,0.81,1.837091,76.51,43827,-0.005636,0.025139,2.90681,0.002805,0.019104,0.483946,0.529167,0.068863
4640,3563520,8.622119815668202e-05,146.2,0.79,1.734574,73.47,43932,-0.007599,0.011059,2.902037,0.004826,0.055145,0.670094,0.561678,0.37974
4650,3571200,8.576036866359446e-05,146.2,0.73,1.690963,79.69,44028,-0.007815,0.011115,2.892917,0.004204,0.054779,0.635505,0.561935,0.376501
4660,3578880,8.529953917050689e-05,146.2,0.79,1.805362,84.51,44119,-0.005925,0.030472,2.928137,0.003864,0.039093,0.52373,0.436677,0.186579
4670,3586560,8.483870967741936e-05,146.2,0.74,1.720721,67.3,44232,-0.005624,0.029448,2.85476,0.002667,0.021973,0.42663,0.41736,0.078205
4680,3594240,8.437788018433179e-05,146.2,0.79,1.814732,80.44,44328,-0.006797,0.01666,2.94694,0.003363,0.034637,0.742076,0.58251,0.416393
4690,3601920,8.391705069124423e-05,146.2,0.76,1.769256,85.96,44415,-0.006137,0.024252,2.923433,0.003297,0.037109,0.474041,0.336503,0.237381
4700,3609600,8.345622119815666e-05,146.2,0.72,1.698342,73.19,44524,-0.00597,0.016531,2.941766,0.00299,0.024017,0.602719,0.423692,0.394738
4710,3617280,8.299539170506912e-05,146.2,0.73,1.718692,77.47,44622,-0.00519,0.019445,2.921047,0.002369,0.017303,0.644918,0.528248,0.288818
4720,3624960,8.253456221198155e-05,146.2,0.74,1.708937,75.01,44723,-0.005391,0.013693,2.93171,0.001846,0.011658,0.761358,0.610543,0.417475
4730,3632640,8.2073732718894e-05,146.2,0.74,1.694525,94.07,44803,-0.005098,0.020756,2.97678,0.003285,0.028992,0.768531,0.423351,0.604258
4740,3640320,8.161290322580646e-05,146.2,0.71,1.647732,96.84,44882,-0.005762,0.016401,2.982085,0.001693,0.008392,0.660378,0.343562,0.487265
4750,3648000,8.115207373271889e-05,146.3,0.67,1.661191,106.21,44954,-0.006191,0.016042,2.947045,0.003639,0.029938,0.83075,0.417972,0.71039
4760,3655680,8.069124423963133e-05,146.3,0.75,1.712391,90.02,45041,-0.00511,0.021061,2.979105,0.002937,0.023407,0.676057,0.371801,0.510077
4770,3663360,8.023041474654376e-05,146.3,0.61,1.557545,87.04,45126,-0.005784,0.01892,2.947515,0.002673,0.022949,0.608021,0.119707,0.646731
4780,3671040,7.976958525345623e-05,146.3,0.67,1.618673,84.81,45217,-0.004784,0.007631,2.966917,0.003025,0.026276,0.816753,0.535497,0.677249
4790,3678720,7.930875576036865e-05,146.3,0.7,1.670913,94.9,45296,-0.005187,0.01188,2.9676,0.002594,0.020782,0.754992,0.345787,0.633014
4800,3686400,7.88479262672811e-05,146.3,0.75,1.731707,79.15,45393,-0.005334,0.008161,2.942875,0.002641,0.020691,0.858569,0.44266,0.749034
4810,3694080,7.838709677419352e-05,146.3,0.81,1.757903,72.71,45499,-0.006238,0.0089,2.965786,0.003523,0.035583,0.767459,0.588592,0.506495
4820,3701760,7.792626728110599e-05,146.3,0.79,1.802416,82.9,45592,-0.004717,0.00335,2.990831,0.002563,0.016998,0.828011,0.699078,0.754164
4830,3709440,7.746543778801842e-05,146.3,0.78,1.774921,74.64,45695,-0.006338,0.014428,2.930742,0.003195,0.031342,0.557844,0.59179,0.286213
4840,3717120,7.700460829493086e-05,146.3,0.81,1.812699,64.56,45811,-0.00501,0.020892,2.885552,0.003486,0.033569,0.433965,0.438282,0.198537
4850,3724800,7.654377880184333e-05,146.3,0.78,1.769594,66.59,45928,-0.006387,0.017868,2.887002,0.003284,0.031616,0.716788,0.642162,0.256096
4860,3732480,7.608294930875576e-05,146.3,0.79,1.782532,70.35,46037,-0.004223,0.009901,2.888259,0.001875,0.01297,0.66726,0.394569,0.614226
4870,3740160,7.562211981566819e-05,146.3,0.86,1.891332,73.49,46136,-0.006022,0.003277,2.879487,0.002619,0.017578,0.90701,0.841751,0.493997
4880,3747840,7.516129032258063e-05,146.3,0.85,1.85202,86.26,46228,-0.005188,0.002372,2.967891,0.00337,0.029358,0.911383,0.728948,0.746305
4890,3755520,7.47004608294931e-05,146.3,0.78,1.786893,78.42,46326,-0.005771,0.007655,2.953812,0.002922,0.024628,0.650502,0.545601,0.528923
4900,3763200,7.423963133640552e-05,146.3,0.79,1.824012,79.68,46423,-0.00492,0.013675,2.843884,0.002596,0.02179,0.629802,0.602762,0.234172
4910,3770880,7.377880184331796e-05,146.3,0.82,1.824729,74.36,46528,-0.006349,0.008667,2.931975,0.003102,0.027985,0.723824,0.591708,0.382308
4920,3778560,7.331797235023039e-05,146.3,0.79,1.781133,73.84,46634,-0.004628,0.004254,2.916189,0.002186,0.006592,0.814332,0.637842,0.653999
4930,3786240,7.285714285714286e-05,146.3,0.74,1.703367,80.27,46727,-0.003611,0.019498,2.945223,0.001534,0.00769,0.591239,0.389695,0.348186
4940,3793920,7.239631336405529e-05,146.3,0.67,1.588665,78.62,46827,-0.005888,0.025899,2.9904,0.002802,0.024933,0.679456,0.382531,0.481291
4950,3801600,7.193548387096773e-05,146.3,0.73,1.676429,74.68,46930,-0.004474,0.014436,2.971079,0.002282,0.017212,0.574496,0.5879,0.147462
4960,3809280,7.14746543778802e-05,146.3,0.79,1.760736,71.73,47037,-0.004698,0.01665,2.947131,0.002041,0.009613,0.673597,0.509602,0.406021
4970,3816960,7.101382488479263e-05,146.3,0.73,1.753972,73.45,47144,-0.006395,0.012629,2.929303,0.002698,0.021118,0.595639,0.308947,0.539483
4980,3824640,7.055299539170505e-05,146.3,0.8,1.833877,66.99,47257,-0.005365,0.023425,2.911827,0.002383,0.022522,0.677255,0.517775,0.336598
4990,3832320,7.00921658986175e-05,146.3,0.82,1.834342,76.22,47354,-0.005162,0.004603,2.944172,0.001978,0.014709,0.87138,0.471357,0.830775
5000,3840000,6.963133640552996e-05,146.3,0.79,1.770921,83.39,47444,-0.005462,0.020024,2.947045,0.002344,0.016998,0.552975,0.38847,0.423735
5010,3847680,6.917050691244239e-05,146.3,0.72,1.683351,94.89,47519,-0.005308,0.011248,2.986405,0.002722,0.026733,0.803758,0.400967,0.680515
5020,3855360,6.870967741935482e-05,146.3,0.75,1.737336,94.49,47602,-0.004433,0.012808,2.967102,0.001666,0.005829,0.619152,0.197822,0.69699
5030,3863040,6.824884792626729e-05,146.3,0.72,1.689858,81.6,47694,-0.005839,0.009389,2.939458,0.002242,0.016754,0.562042,0.281376,0.711815
5040,3870720,6.778801843317973e-05,146.3,0.71,1.628177,92.11,47775,-0.004675,0.019963,2.964862,0.003068,0.031281,0.519526,0.355173,0.29294
5050,3878400,6.732718894009216e-05,146.3,0.71,1.663638,97.88,47851,-0.004834,0.012956,2.960321,0.002398,0.020721,0.682083,0.086318,0.728399
5060,3886080,6.68663594470046e-05,146.3,0.72,1.675615,72.92,47955,-0.005413,0.012702,2.836328,0.002833,0.023376,0.550389,0.211944,0.60402
5070,3893760,6.640552995391705e-05,146.3,0.78,1.77679,73.78,48058,-0.004842,0.025894,2.936911,0.00232,0.017914,0.612314,0.200138,0.558206
5080,3901440,6.59447004608295e-05,146.3,0.69,1.661743,82.52,48150,-0.005586,0.02203,2.895943,0.002556,0.017273,0.531925,0.417278,0.286725
5090,3909120,6.548387096774192e-05,146.4,0.77,1.749704,77.76,48249,-0.005832,0.010563,2.89935,0.003784,0.039551,0.289981,0.172263,0.508511
5100,3916800,6.502304147465436e-05,146.4,0.75,1.702879,80.03,48346,-0.004758,0.017551,2.926743,0.002811,0.025879,0.494836,0.468144,0.105868
5110,3924480,6.456221198156683e-05,146.4,0.77,1.746849,79.85,48440,-0.004243,0.013564,2.895236,0.002345,0.020508,0.656889,0.356,0.556398
5120,3932160,6.410138248847926e-05,146.3,0.7,1.694231,83.99,48535,-0.004801,0.003944,2.964543,0.002202,0.015625,0.771143,0.62493,0.570412
5130,3939840,6.364055299539169e-05,146.4,0.73,1.675906,92.72,48614,-0.005473,0.017835,2.97971,0.00278,0.022064,0.733774,0.182247,0.700648
5140,3947520,6.317972350230416e-05,146.3,0.77,1.722555,84.88,48708,-0.003907,0.014374,2.964935,0.00208,0.008118,0.517889,0.267679,0.443469
5150,3955200,6.27188940092166e-05,146.4,0.84,1.798135,79.3,48807,-0.005365,0.016588,2.949343,0.003388,0.03418,0.567214,0.389143,0.439319
5160,3962880,6.225806451612902e-05,146.4,0.83,1.848699,83.9,48896,-0.004673,0.012305,2.917072,0.001891,0.008392,0.70811,0.646641,0.200427
5170,3970560,6.179723502304145e-05,146.4,0.83,1.876371,87.53,48983,-0.004008,0.015397,2.928176,0.001567,0.005127,0.639962,0.371924,0.454208
5180,3978240,6.133640552995392e-05,146.4,0.7,1.694791,82.24,49078,-0.004235,0.023072,2.925207,0.002087,0.011292,0.361406,0.24968,0.371959
5190,3985920,6.0875576036866355e-05,146.4,0.68,1.626736,61.58,49197,-0.004331,0.01931,2.91089,0.001404,0.003906,0.569219,0.29163,0.472592
5200,3993600,6.041474654377879e-05,146.4,0.74,1.727838,63.31,49321,-0.003988,0.019055,2.912033,0.001287,0.007568,0.669916,0.341305,0.512129
5210,4001280,5.9953917050691224e-05,146.4,0.69,1.694111,70.91,49428,-0.004646,0.008315,2.909707,0.001548,0.003937,0.715074,0.227845,0.737114
5220,4008960,5.949308755760369e-05,146.4,0.78,1.779861,75.39,49529,-0.004623,0.011169,2.899833,0.001695,0.007172,0.66061,0.293871,0.613607
5230,4016640,5.903225806451613e-05,146.4,0.69,1.69808,66.59,49646,-0.004306,0.005219,2.958059,0.002096,0.012024,0.626226,0.612073,0.576772
5240,4024320,5.8571428571428555e-05,146.4,0.74,1.709845,74.88,49749,-0.005906,0.015119,2.998808,0.002379,0.018494,0.810073,0.153752,0.788568
5250,4032000,5.811059907834102e-05,146.4,0.75,1.720701,74.44,49853,-0.004769,0.022421,2.957868,0.001602,0.008392,0.560703,0.315787,0.435737
5260,4039680,5.764976958525346e-05,146.4,0.77,1.75235,72.58,49957,-0.005401,0.028355,3.006148,0.00234,0.014954,0.33466,0.164817,0.338722
5270,4047360,5.718894009216589e-05,146.4,0.69,1.667384,85.13,50043,-0.005052,0.024925,3.002558,0.002618,0.02478,0.543827,0.408898,0.237568
5280,4055040,5.672811059907833e-05,146.4,0.69,1.659231,94.59,50116,-0.004361,0.010279,3.021815,0.002148,0.015167,0.771645,0.235513,0.702263
5290,4062720,5.626728110599079e-05,146.4,0.78,1.765734,96.49,50198,-0.00348,0.001958,2.947074,0.001135,0.004486,0.926241,0.777113,0.760447
5300,4070400,5.580645161290322e-05,146.4,0.81,1.804516,94.07,50285,-0.00515,0.002202,2.93043,0.002473,0.019196,0.91767,0.746737,0.76311
5310,4078080,5.534562211981566e-05,146.4,0.85,1.897581,92.81,50368,-0.003729,0.002348,2.890551,0.001153,0.004181,0.900992,0.827795,0.598462
5320,4085760,5.488479262672809e-05,146.4,0.76,1.775045,81.28,50466,-0.003748,0.028019,2.875976,0.00172,0.008789,0.399499,0.306977,0.192814
5330,4093440,5.442396313364056e-05,146.4,0.77,1.783358,71.05,50572,-0.003898,0.016177,2.950386,0.001435,0.006256,0.428886,0.41729,0.320492
5340,4101120,5.396313364055299e-05,146.4,0.82,1.816287,85.19,50665,-0.004278,0.006628,2.923419,0.001432,0.005096,0.77232,0.649356,0.407879
5350,4108800,5.350230414746542e-05,146.4,0.84,1.853211,81.56,50759,-0.003774,0.018685,2.938637,0.001381,0.005402,0.692637,0.642604,0.143067
5360,4116480,5.304147465437789e-05,146.4,0.72,1.671502,84.9,50850,-0.003636,0.006003,2.949457,0.001442,0.003876,0.888626,0.355761,0.828914
5370,4124160,5.2580645161290326e-05,146.4,0.74,1.723266,91.51,50931,-0.002937,0.015769,2.99133,0.000996,0.000702,0.646497,0.599591,0.261553
5380,4131840,5.211981566820276e-05,146.4,0.78,1.728773,78.37,51030,-0.00369,0.022425,3.004722,0.001296,0.007355,0.583765,0.316401,0.428935
5390,4139520,5.165898617511519e-05,146.4,0.8,1.811072,79.2,51128,-0.004058,0.007847,2.979859,0.001615,0.005585,0.593274,0.382097,0.589955
5400,4147200,5.1198156682027656e-05,146.4,0.76,1.705412,75.87,51226,-0.00347,0.00617,2.921197,0.001822,0.007263,0.741942,0.419521,0.628919
5410,4154880,5.073732718894009e-05,146.3,0.77,1.746899,74.46,51330,-0.003918,0.001681,3.004269,0.001121,0.001801,0.838581,0.782496,0.610827
5420,4162560,5.0276497695852525e-05,146.3,0.84,1.860151,82.45,51421,-0.003229,0.028305,2.92307,0.000763,0.00058,0.506196,0.369646,0.265646
5430,4170240,4.981566820276496e-05,146.3,0.69,1.67883,81.22,51515,-0.00376,0.010256,3.0154,0.001455,0.0047,0.680992,0.570791,0.443047
5440,4177920,4.935483870967742e-05,146.3,0.77,1.78059,80.92,51610,-0.004091,0.018486,2.978192,0.001727,0.007721,0.5301,0.405224,0.300122
5450,4185600,4.8894009216589856e-05,146.2,0.73,1.704114,74.17,51713,-0.004521,0.01535,2.953952,0.001699,0.010254,0.508999,0.128758,0.565828
5460,4193280,4.843317972350229e-05,146.2,0.73,1.70017,78.54,51809,-0.0042,0.027023,2.948812,0.001577,0.008209,0.560973,0.526537,0.122239
5470,4200960,4.797235023041476e-05,146.2,0.69,1.663953,79.66,51904,-0.003363,0.003657,2.900102,0.001405,0.002686,0.838613,0.564184,0.76049
5480,4208640,4.7511520737327194e-05,146.2,0.74,1.725964,74.93,52007,-0.004366,0.008066,2.866603,0.001859,0.017395,0.784986,0.59255,0.589569
5490,4216320,4.705069124423962e-05,146.1,0.71,1.682419,83.87,52096,-0.00422,0.01269,2.88646,0.002219,0.011658,0.672987,0.341087,0.531139
5500,4224000,4.6589861751152056e-05,146.1,0.66,1.637178,88.22,52184,-0.003991,0.018189,2.812044,0.001692,0.010864,0.504129,0.328929,0.438547
5510,4231680,4.6129032258064524e-05,146.1,0.85,1.832176,81.41,52281,-0.003436,0.002438,2.907851,0.001091,0.00177,0.867376,0.785442,0.719683
5520,4239360,4.566820276497696e-05,146.1,0.81,1.803614,77.03,52376,-0.00427,0.034902,2.940756,0.001601,0.00473,0.441512,0.327557,0.173042
5530,4247040,4.5207373271889393e-05,146.1,0.8,1.795474,71.5,52483,-0.002519,0.007008,2.957192,0.000683,0.000244,0.793576,0.450794,0.690278
5540,4254720,4.474654377880182e-05,146.0,0.79,1.743784,64.58,52598,-0.003511,0.007743,2.97609,0.001471,0.007019,0.643319,0.547929,0.545967
5550,4262400,4.428571428571429e-05,146.0,0.79,1.780874,64.49,52715,-0.003829,0.028113,2.958118,0.001297,0.004028,0.498967,0.297312,0.328625
5560,4270080,4.3824884792626724e-05,146.0,0.76,1.749471,72.91,52818,-0.00269,0.01485,3.010481,0.000539,3.1e-05,0.343412,0.196726,0.376578
5570,4277760,4.336405529953916e-05,146.0,0.79,1.787176,70.75,52927,-0.002709,0.009701,3.035507,0.000769,0.001038,0.550624,0.528226,0.138567
5580,4285440,4.290322580645163e-05,146.0,0.79,1.79077,87.98,53010,-0.002751,0.012128,3.000641,0.000932,0.000671,0.67851,0.703833,-0.074625
5590,4293120,4.2442396313364055e-05,146.0,0.84,1.858722,87.28,53100,-0.00294,0.010051,2.973693,0.000899,0.000214,0.740954,0.474594,0.527515
5600,4300800,4.198156682027649e-05,146.0,0.85,1.908905,80.48,53195,-0.003689,0.011839,2.972403,0.000926,0.000244,0.8298,0.288808,0.761171
5610,4308480,4.1520737327188924e-05,146.0,0.77,1.771541,71.41,53304,-0.003257,0.020092,2.946699,0.001332,0.002167,0.486434,0.342873,0.260329
5620,4316160,4.105990783410139e-05,146.0,0.82,1.80736,73.45,53409,-0.003137,0.008933,2.960377,0.00054,0.000458,0.735287,0.488896,0.501207
5630,4323840,4.059907834101383e-05,146.0,0.77,1.749613,63.94,53528,-0.003098,0.023565,2.940403,0.001062,0.002289,0.431665,0.306376,0.289403
5640,4331520,4.0138248847926255e-05,146.0,0.66,1.586668,68.1,53642,-0.003299,0.027267,2.959211,0.001472,0.009491,0.684984,0.310478,0.548783
5650,4339200,3.967741935483869e-05,146.0,0.81,1.809542,75.71,53739,-0.00308,0.015756,3.011011,0.001479,0.00293,0.724834,0.462961,0.495102
5660,4346880,3.921658986175116e-05,146.0,0.76,1.740172,80.55,53835,-0.003154,0.016866,3.004358,0.000869,0.001282,0.704885,0.32401,0.586752
5670,4354560,3.875576036866359e-05,146.0,0.82,1.792089,82.54,53926,-0.003127,0.013312,2.982092,0.000849,0.00061,0.78813,0.240964,0.724906
5680,4362240,3.829493087557603e-05,146.0,0.78,1.762725,69.63,54038,-0.003466,0.02647,3.050568,0.001076,0.001373,0.248764,0.311326,0.153856
5690,4369920,3.783410138248849e-05,146.0,0.75,1.731774,82.7,54130,-0.003091,0.011409,3.075443,0.001056,0.000519,0.795952,0.213555,0.760929
5700,4377600,3.737327188940092e-05,146.0,0.78,1.726277,72.14,54237,-0.004095,0.005822,3.011143,0.001241,0.002869,0.733496,0.195392,0.773794
5710,4385280,3.691244239631336e-05,146.0,0.75,1.78864,70.7,54344,-0.002627,0.029324,2.987296,0.000816,0.000305,0.439998,0.30096,0.228245
5720,4392960,3.645161290322579e-05,146.0,0.79,1.80741,80.19,54437,-0.00387,0.002588,2.992054,0.001477,0.011688,0.820709,0.744284,0.656465
5730,4400640,3.599078341013826e-05,146.0,0.78,1.761871,80.02,54537,-0.003665,0.007316,2.935842,0.000894,0.003815,0.663512,0.424294,0.550068
5740,4408320,3.552995391705069e-05,146.0,0.81,1.79405,75.63,54639,-0.0028,0.001747,2.877503,0.000988,0.001617,0.881793,0.733019,0.737759
5750,4416000,3.506912442396312e-05,146.0,0.79,1.751136,72.4,54748,-0.002401,0.00354,2.965451,0.000596,6.1e-05,0.870548,0.770503,0.661531
5760,4423680,3.460829493087556e-05,146.0,0.83,1.83484,77.36,54847,-0.003049,0.016663,2.953894,0.001289,0.001129,0.609461,0.478616,0.351558
5770,4431360,3.4147465437788026e-05,146.0,0.83,1.888076,79.84,54936,-0.002051,0.020709,2.951243,0.000473,0.0,0.64204,0.463115,0.333326
5780,4439040,3.368663594470046e-05,146.0,0.87,1.871666,72.46,55041,-0.003198,0.0024,2.999621,0.001089,0.000916,0.896061,0.812604,0.604025
5790,4446720,3.322580645161289e-05,146.0,0.87,1.90457,89.7,55124,-0.002335,0.002076,2.989662,0.000456,9.2e-05,0.877428,0.79177,0.617606
5800,4454400,3.2764976958525356e-05,146.0,0.82,1.788107,80.57,55218,-0.003539,0.00909,2.957953,0.001473,0.004974,0.708879,0.516254,0.430756
5810,4462080,3.230414746543779e-05,146.0,0.81,1.767097,72.55,55326,-0.002613,0.002928,2.979161,0.000681,3.1e-05,0.831811,0.640157,0.69367
5820,4469760,3.1843317972350225e-05,145.9,0.86,1.881145,64.81,55443,-0.002121,0.013989,2.950767,0.000536,9.2e-05,0.613898,0.554132,0.20399
5830,4477440,3.138248847926266e-05,145.9,0.79,1.798993,65.86,55561,-0.002802,0.033659,2.913531,0.000809,6.1e-05,0.422188,0.246881,0.349578
5840,4485120,3.092165898617512e-05,145.9,0.84,1.844503,68.59,55677,-0.002526,0.015934,2.957143,0.00066,9.2e-05,0.690482,0.495454,0.405994
5850,4492800,3.0460829493087556e-05,145.9,0.84,1.848876,64.22,55799,-0.0027,0.013923,2.919025,0.000651,0.000488,0.631522,0.435235,0.444849
5860,4500480,2.999999999999999e-05,145.9,0.8,1.800896,68.64,55911,-0.002267,0.011252,2.917924,0.000618,3.1e-05,0.67645,0.592141,0.32764
5870,4508160,2.9539170506912425e-05,145.8,0.83,1.825081,72.47,56017,-0.001464,0.008951,2.970829,0.000285,0.0,0.683139,0.404031,0.561813
5880,4515840,2.907834101382489e-05,145.8,0.89,1.9746,85.68,56107,-0.002345,0.02093,2.960414,0.000663,0.000183,0.66778,0.639122,0.084024
5890,4523520,2.8617511520737325e-05,145.8,0.81,1.820031,78.26,56205,-0.002084,0.002153,2.991214,0.000496,3.1e-05,0.926289,0.895957,0.598786
5900,4531200,2.8156682027649756e-05,145.8,0.9,1.924536,76.76,56304,-0.002554,0.020588,2.909496,0.000564,3.1e-05,0.61494,0.60922,0.033476
5910,4538880,2.7695852534562224e-05,145.7,0.84,1.867527,62.14,56426,-0.002074,0.016346,2.927895,0.000459,3.1e-05,0.695901,0.567925,0.31887
5920,4546560,2.723502304147466e-05,145.7,0.84,1.826603,65.72,56543,-0.002078,0.01252,2.976932,0.000576,0.0,0.66117,0.630348,0.174658
5930,4554240,2.677419354838709e-05,145.7,0.83,1.849965,72.71,56648,-0.001657,0.030109,2.986277,0.00026,0.0,0.693491,0.620313,0.201501
5940,4561920,2.6313364055299524e-05,145.7,0.84,1.828927,76.45,56750,-0.001485,0.034032,2.972948,0.000197,0.0,0.588729,0.481891,0.21279
5950,4569600,2.585253456221199e-05,145.7,0.84,1.815234,72.33,56856,-0.001944,0.008745,2.987393,0.000479,0.0,0.731298,0.63814,0.387389
5960,4577280,2.5391705069124424e-05,145.6,0.79,1.789323,73.18,56963,-0.002031,0.009203,3.030458,0.000383,6.1e-05,0.666905,0.698529,0.164022
5970,4584960,2.493087557603686e-05,145.6,0.89,1.928213,82.1,57052,-0.001687,0.025741,3.00706,0.000206,0.0,0.669115,0.552518,0.274193
5980,4592640,2.447004608294929e-05,145.6,0.78,1.788416,70.37,57163,-0.001949,0.019318,2.995774,0.000485,3.1e-05,0.488567,0.557856,-0.060224
5990,4600320,2.4009216589861758e-05,145.6,0.83,1.806825,69.42,57271,-0.001451,0.020966,3.046646,0.000224,0.0,0.509419,0.383079,0.229991
6000,4608000,2.354838709677419e-05,145.6,0.81,1.807174,87.33,57356,-0.001593,0.008467,3.077834,0.000337,0.0,0.683381,0.569342,0.424947
6010,4615680,2.3087557603686624e-05,145.6,0.92,1.942378,97.07,57435,-0.00178,0.001295,3.041443,0.000249,0.0,0.951353,0.902723,0.604633
6020,4623360,2.262672811059909e-05,145.6,0.9,1.916133,91.62,57515,-0.002239,0.002785,3.05574,0.000543,6.1e-05,0.895569,0.708759,0.671453
6030,4631040,2.2165898617511523e-05,145.6,0.86,1.87318,96.26,57596,-0.001403,0.009794,3.075087,0.000185,3.1e-05,0.787257,0.731396,0.236786
6040,4638720,2.1705069124423958e-05,145.6,0.72,1.64974,83.06,57691,-0.002066,0.020866,3.032431,0.000416,0.0,0.653302,0.505257,0.332055
6050,4646400,2.124423963133639e-05,145.6,0.8,1.802802,94.79,57769,-0.001242,0.01057,3.017176,0.000175,0.0,0.699852,0.615964,0.38536
6060,4654080,2.0783410138248858e-05,145.6,0.76,1.780916,86.75,57860,-0.001521,0.004592,3.040884,0.000218,0.0,0.791676,0.663464,0.568036
6070,4661760,2.0322580645161292e-05,145.6,0.79,1.75486,79.34,57956,-0.001234,0.007672,3.033229,0.00014,0.0,0.76604,0.343781,0.791811
6080,4669440,1.9861751152073723e-05,145.6,0.76,1.721136,69.69,58065,-0.001838,0.008011,2.99857,0.000337,0.0,0.729587,0.493465,0.596635
6090,4677120,1.9400921658986158e-05,145.6,0.91,1.905302,66.13,58177,-0.001426,0.002678,3.036048,0.000143,0.0,0.913069,0.898197,0.537847
6100,4684800,1.8940092165898623e-05,145.6,0.89,1.936937,74.74,58281,-0.001653,0.010941,3.034484,0.000246,6.1e-05,0.751019,0.536601,0.491632
6110,4692480,1.8479262672811057e-05,145.6,0.84,1.821174,64.04,58398,-0.001749,0.025446,3.022328,0.000303,0.0,0.514769,0.368211,0.322529
6120,4700160,1.8018433179723492e-05,145.6,0.84,1.874517,78.93,58491,-0.001629,0.010877,3.057978,0.000238,0.0,0.570215,0.61169,0.105731
6130,4707840,1.7557603686635957e-05,145.6,0.81,1.803088,78.46,58591,-0.001664,0.008341,3.066175,0.000242,0.0,0.808997,0.744202,0.282984
6140,4715520,1.709677419354839e-05,145.6,0.85,1.886524,78.15,58689,-0.0011,0.016446,3.059448,0.000133,0.0,0.741804,0.654921,0.260167
6150,4723200,1.6635944700460823e-05,145.6,0.87,1.869329,81.85,58783,-0.001225,0.002223,3.067885,0.000149,0.0,0.925035,0.91253,0.531715
6160,4730880,1.6175115207373257e-05,145.6,0.81,1.803802,85.53,58870,-0.001192,0.015621,3.063054,0.000148,0.0,0.686488,0.565231,0.320617
6170,4738560,1.5714285714285722e-05,145.6,0.8,1.774566,96.35,58947,-0.001893,0.019848,3.079501,0.000379,0.0,0.696084,0.670526,0.088309
6180,4746240,1.5253456221198157e-05,145.6,0.78,1.725972,86.21,59036,-0.001517,0.00233,3.055073,0.000241,0.0,0.941472,0.592255,0.874183
6190,4753920,1.4792626728110591e-05,145.6,0.81,1.823915,82.79,59132,-0.001285,0.016005,3.049748,0.000108,0.0,0.656874,0.45357,0.430391
6200,4761600,1.4331797235023024e-05,145.6,0.81,1.776206,73.13,59238,-0.001729,0.008764,3.066293,0.000167,0.0,0.843669,0.568341,0.660571
6210,4769280,1.387096774193549e-05,145.6,0.84,1.858154,76.71,59335,-0.001036,0.016147,3.036567,0.000125,0.0,0.69638,0.547667,0.406969
6220,4776960,1.3410138248847924e-05,145.6,0.84,1.852446,81.48,59433,-0.001011,0.008293,3.052171,0.000133,0.0,0.604163,0.440623,0.471055
6230,4784640,1.2949308755760356e-05,145.6,0.86,1.870707,79.31,59529,-0.001162,0.009201,3.0588,0.000128,0.0,0.740504,0.569115,0.496753
6240,4792320,1.2488479262672823e-05,145.6,0.78,1.763533,77.86,59626,-0.001202,0.002731,3.045526,0.000124,0.0,0.911393,0.780829,0.729496
6250,4800000,1.2027649769585258e-05,145.6,0.85,1.858911,79.52,59724,-0.00106,0.008897,3.042812,0.000113,0.0,0.782389,0.554589,0.562365
6260,4807680,1.156682027649769e-05,145.6,0.85,1.874277,80.41,59818,-0.001138,0.011552,3.046134,7.5e-05,0.0,0.625124,0.593913,0.166184
6270,4815360,1.1105990783410123e-05,145.6,0.86,1.881405,83.12,59909,-0.001028,0.00916,3.060849,8.4e-05,0.0,0.781915,0.672723,0.361961
6280,4823040,1.064516129032259e-05,145.6,0.84,1.837747,74.97,60012,-0.000902,0.016751,3.058569,9.4e-05,0.0,0.581747,0.482992,0.248696
6290,4830720,1.0184331797235023e-05,145.6,0.88,1.886937,74.94,60112,-0.000945,0.016094,3.040154,8.8e-05,0.0,0.58984,0.527999,0.184453
6300,4838400,9.723502304147457e-06,145.6,0.86,1.894394,79.93,60211,-0.000785,0.011249,3.049532,6.3e-05,0.0,0.69213,0.644032,0.150685
6310,4846080,9.262672811059924e-06,145.6,0.83,1.883066,82.67,60305,-0.000694,0.024915,3.050715,6.5e-05,0.0,0.640399,0.402342,0.399331
6320,4853760,8.801843317972357e-06,145.6,0.8,1.783567,73.83,60408,-0.000783,0.001745,3.065536,5.7e-05,0.0,0.952602,0.898784,0.744246
6330,4861440,8.34101382488479e-06,145.6,0.86,1.867753,78.9,60505,-0.00045,0.027979,3.062289,2e-05,0.0,0.617317,0.574246,0.101444
6340,4869120,7.880184331797223e-06,145.6,0.85,1.810558,72.99,60608,-0.000512,0.010619,3.049455,1.5e-05,0.0,0.760449,0.714541,0.277937
6350,4876800,7.41935483870969e-06,145.6,0.89,1.908971,77.53,60709,-0.000505,0.02495,3.046574,3.7e-05,0.0,0.619156,0.605681,0.056037
6360,4884480,6.958525345622123e-06,145.6,0.85,1.869858,73.29,60812,-0.000563,0.02059,3.055803,2.8e-05,0.0,0.634044,0.566541,0.159813
6370,4892160,6.497695852534557e-06,145.6,0.81,1.793348,76.79,60914,-0.000503,0.027308,3.0354,2.5e-05,0.0,0.685375,0.542298,0.317857
6380,4899840,6.0368663594469905e-06,145.6,0.79,1.796732,74.14,61017,-0.000671,0.021965,3.017017,3.6e-05,0.0,0.520087,0.399374,0.264127
6390,4907520,5.576036866359456e-06,145.6,0.9,1.919504,73.26,61121,-0.000554,0.014295,3.04493,3.9e-05,0.0,0.728897,0.60541,0.35107
6400,4915200,5.11520737327189e-06,145.6,0.83,1.856833,80.86,61218,-0.000358,0.011625,3.046529,2.5e-05,0.0,0.746116,0.70328,0.224309
6410,4922880,4.654377880184324e-06,145.7,0.86,1.876513,73.81,61320,-0.000425,0.002393,3.04411,2.5e-05,0.0,0.930203,0.870279,0.654809
6420,4930560,4.1935483870967905e-06,145.7,0.95,2.006063,82.1,61416,-0.000372,0.002388,3.058919,1.3e-05,0.0,0.90987,0.780372,0.692099
6430,4938240,3.7327188940092233e-06,145.7,0.79,1.749045,74.75,61517,-0.000245,0.022478,3.060877,7e-06,0.0,0.702908,0.458347,0.473171
6440,4945920,3.2718894009216566e-06,145.7,0.83,1.849026,75.74,61621,-0.000386,0.00776,3.055265,1e-05,0.0,0.793192,0.575988,0.630616
6450,4953600,2.81105990783409e-06,145.7,0.85,1.837152,75.55,61721,-0.00022,0.023262,3.065747,5e-06,0.0,0.567153,0.451499,0.25142
6460,4961280,2.3502304147465566e-06,145.7,0.81,1.833238,76.38,61821,-0.000187,0.009232,3.084382,3e-06,0.0,0.809059,0.675279,0.433872
6470,4968960,1.88940092165899e-06,145.7,0.76,1.768109,74.53,61923,-0.000138,0.016563,3.080931,2e-06,0.0,0.677883,0.541129,0.376861
6480,4976640,1.4285714285714233e-06,145.7,0.86,1.872366,77.61,62023,-9.7e-05,0.014122,3.069368,1e-06,0.0,0.725074,0.555932,0.454276
6490,4984320,9.677419354838566e-07,145.7,0.86,1.889083,79.26,62119,-6e-05,0.02254,3.062894,0.0,0.0,0.547696,0.444902,0.23719
6500,4992000,5.069124423963233e-07,145.7,0.79,1.80414,77.09,62220,-3.7e-05,0.009246,3.069803,0.0,0.0,0.760705,0.482538,0.590281
6510,4999680,4.608294930875667e-08,145.7,0.78,1.764721,80.02,62318,-3e-06,0.024839,3.065293,0.0,0.0,0.505327,0.372491,0.270911
