update,step,lr,sps,success,ret,len,n_eps,pg_loss,v_loss,c_loss,entropy,approx_kl,clipfrac,ev,ev_slow,ev_success,c_slow,c_team,speed,n_succ
1,768,0.0003,450.3,0.0,0.705262,44.0,7,-0.006704,0.021467,0.02545,3.307514,0.00459,0.04895,0.565681,0.425045,0.574868,0.964844,1.0,0.911799,0.0
5,3840,0.00029815668202764974,520.4,0.045455,0.845418,82.0,44,-0.005241,0.010534,0.00816,3.266891,0.004041,0.044586,0.734644,0.232024,0.511347,0.93737,1.0,1.012036,0.0
10,7680,0.0002958525345622119,548.4,0.043478,0.885014,78.380435,92,-0.004897,0.006149,0.004972,3.206022,0.00277,0.020416,0.804858,0.18069,0.030819,0.891146,1.0,1.148168,0.0
15,11520,0.00029354838709677415,512.5,0.03,0.901642,77.78,141,-0.005326,0.005626,0.004264,3.175748,0.003496,0.029175,0.848652,0.329415,-0.157925,0.879948,1.0,1.188182,0.0
20,15360,0.0002912442396313364,530.7,0.02,0.886676,78.75,189,-0.005132,0.008561,0.005562,3.180469,0.004443,0.050323,0.611496,0.264958,-1.037692,0.905729,1.0,1.078126,1.0
25,19200,0.0002889400921658986,519.0,0.02,0.897145,81.44,239,-0.005229,0.004052,0.003776,3.116352,0.003659,0.029694,0.860075,0.315759,-1.73227,0.833333,0.979167,1.259947,0.0
30,23040,0.0002866359447004608,514.5,0.03,0.903418,69.64,299,-0.004679,0.01,0.003972,3.098801,0.004215,0.044586,0.730498,0.320752,-1.204006,0.798698,0.947917,1.342651,2.0
35,26880,0.00028433179723502303,515.9,0.03,0.891724,62.97,358,-0.007148,0.004888,0.003492,3.137802,0.005018,0.05603,0.835667,0.29672,-1.440062,0.879427,1.0,1.149227,0.0
40,30720,0.00028202764976958527,523.0,0.04,0.880202,55.46,426,-0.005771,0.009055,0.002139,3.100277,0.005143,0.057495,0.616103,0.610851,-0.973596,0.871224,0.990885,1.17704,1.0
45,34560,0.00027972350230414745,522.6,0.04,0.879813,63.22,488,-0.00601,0.00405,0.002416,3.100804,0.004974,0.056915,0.875016,0.580931,-1.178286,0.900521,1.0,1.131881,0.0
50,38400,0.0002774193548387096,511.7,0.02,0.891395,68.12,542,-0.007202,0.003221,0.002625,3.135055,0.005156,0.058044,0.899961,0.460537,-1.594934,0.916146,1.0,1.057395,0.0
55,42240,0.00027511520737327186,515.8,0.04,0.909506,75.68,591,-0.006239,0.008863,0.004192,3.115764,0.004923,0.05542,0.767138,0.254861,-1.588767,0.892578,0.984375,1.125594,1.0
60,46080,0.0002728110599078341,505.7,0.07,0.914951,72.96,646,-0.006373,0.002944,0.003781,3.048438,0.005152,0.060974,0.890158,0.383654,-1.14592,0.882943,0.992188,1.150236,0.0
65,49920,0.0002705069124423963,518.1,0.05,0.892164,76.63,695,-0.006799,0.002516,0.003894,3.06205,0.005207,0.058899,0.92159,0.462593,-1.274364,0.851302,0.985677,1.228973,0.0
70,53760,0.0002682027649769585,515.6,0.03,0.867159,75.14,750,-0.005485,0.008788,0.003349,3.033381,0.004465,0.0466,0.676877,0.470171,-1.485275,0.839453,0.989583,1.25896,1.0
75,57600,0.0002658986175115207,519.3,0.04,0.869915,76.35,795,-0.006309,0.003362,0.00327,3.030653,0.005045,0.053162,0.896834,0.411018,-0.707571,0.8375,0.970052,1.289676,0.0
80,61440,0.0002635944700460829,519.0,0.08,0.931514,88.56,831,-0.004011,0.008352,0.002853,3.03323,0.005009,0.055023,0.724632,0.480161,-1.885267,0.804167,0.97526,1.380775,1.0
85,65280,0.00026129032258064515,513.5,0.08,0.929335,91.12,876,-0.006194,0.00507,0.004358,3.045246,0.004522,0.049316,0.793047,0.420291,-1.80537,0.872917,0.998698,1.219593,0.0
90,69120,0.00025898617511520733,508.9,0.08,0.945433,104.45,908,-0.006275,0.002102,0.003294,3.004468,0.004465,0.047607,0.904235,0.600716,-1.27465,0.84375,1.0,1.279297,0.0
95,72960,0.00025668202764976957,516.0,0.03,0.875322,107.26,943,-0.007041,0.002584,0.002906,3.040681,0.005343,0.064301,0.898278,0.61435,-0.896658,0.864323,0.992188,1.227863,0.0
100,76800,0.0002543778801843318,515.1,0.03,0.886946,115.59,974,-0.00477,0.0082,0.003538,2.965592,0.005227,0.056549,0.7324,0.606066,-1.156839,0.843359,0.992188,1.289769,1.0
105,80640,0.000252073732718894,515.3,0.06,0.94954,108.74,1017,-0.004146,0.007574,0.004669,3.019162,0.004064,0.039673,0.768381,0.466976,-0.945523,0.853776,0.994792,1.256886,1.0
110,84480,0.0002497695852534562,510.7,0.09,0.959683,98.67,1057,-0.006356,0.004464,0.00328,3.022852,0.005202,0.062408,0.845257,0.58251,-1.155463,0.857292,0.990885,1.239547,0.0
115,88320,0.0002474654377880184,512.2,0.06,0.905452,92.34,1100,-0.008224,0.003137,0.003319,2.960808,0.005722,0.070526,0.905826,0.599082,-1.047445,0.802214,0.949219,1.373302,0.0
120,92160,0.0002451612903225806,517.1,0.02,0.866946,86.44,1147,-0.006099,0.002392,0.002416,2.916886,0.004696,0.052826,0.903149,0.540711,-1.593251,0.805078,0.963542,1.34396,0.0
125,96000,0.00024285714285714283,500.5,0.04,0.901466,90.01,1183,-0.006195,0.003383,0.00205,2.874581,0.00526,0.05542,0.880079,0.666378,-0.975527,0.76276,0.924479,1.451342,0.0
130,99840,0.00024055299539170504,509.8,0.04,0.924257,97.44,1222,-0.006422,0.002983,0.003111,2.928404,0.004176,0.046722,0.911016,0.46569,-1.182563,0.808854,0.959635,1.344939,0.0
135,103680,0.00023824884792626727,512.2,0.06,0.947013,104.68,1259,-0.006493,0.00167,0.002514,3.002488,0.004295,0.044312,0.942511,0.669041,-1.517859,0.877474,0.996094,1.195469,0.0
140,107520,0.00023594470046082948,511.7,0.05,0.933077,105.02,1296,-0.006531,0.001794,0.003509,2.996381,0.005568,0.059937,0.929928,0.530931,-1.61475,0.860547,0.981771,1.23607,0.0
145,111360,0.00023364055299539169,512.6,0.04,0.89348,100.77,1338,-0.005409,0.003755,0.004076,3.004732,0.003442,0.031677,0.849502,0.496263,-1.152442,0.847266,0.986979,1.22899,0.0
150,115200,0.0002313364055299539,513.3,0.03,0.87562,86.89,1388,-0.005071,0.007177,0.006269,3.03872,0.00358,0.032104,0.746026,0.021447,-1.396523,0.892969,1.0,1.126232,1.0
155,119040,0.0002290322580645161,512.1,0.03,0.848382,85.51,1427,-0.006159,0.001196,0.002111,3.071952,0.004182,0.044495,0.955571,0.667323,-0.912273,0.900911,0.998698,1.108737,0.0
160,122880,0.00022672811059907833,511.0,0.03,0.84141,82.85,1474,-0.005672,0.006627,0.003682,3.087052,0.004641,0.050568,0.73741,0.332974,-0.708318,0.909115,0.997396,1.045017,1.0
165,126720,0.00022442396313364054,511.7,0.02,0.816848,93.47,1511,-0.007333,0.002229,0.002822,3.084285,0.005131,0.063263,0.929532,0.674235,-1.030433,0.941276,0.998698,1.014286,0.0
170,130560,0.00022211981566820275,511.2,0.05,0.880638,89.21,1558,-0.006439,0.015227,0.003817,3.033056,0.006039,0.076721,0.634975,0.506963,-0.904077,0.884635,0.988281,1.134644,2.0
175,134400,0.00021981566820276498,514.8,0.03,0.839828,87.51,1604,-0.007274,0.002262,0.006543,3.044315,0.00479,0.04892,0.920294,0.363879,-1.141088,0.894141,0.994792,1.106348,0.0
180,138240,0.00021751152073732716,510.6,0.03,0.857804,88.42,1649,-0.005767,0.001948,0.006822,3.04378,0.004073,0.042969,0.955959,0.232647,-0.919722,0.892318,0.99349,1.123306,0.0
185,142080,0.00021520737327188936,510.7,0.02,0.845232,86.78,1691,-0.005273,0.007481,0.004994,3.012851,0.003111,0.026947,0.733984,0.525545,-1.357565,0.880208,0.983073,1.156884,1.0
190,145920,0.0002129032258064516,514.9,0.01,0.865523,87.11,1734,-0.006802,0.001476,0.003358,2.975404,0.005905,0.070557,0.956194,0.446181,-0.663465,0.888021,0.964844,1.165032,0.0
195,149760,0.0002105990783410138,511.2,0.01,0.858398,76.95,1790,-0.006677,0.002028,0.004761,2.956597,0.004692,0.048187,0.936677,0.297356,-1.219291,0.89388,0.973958,1.155707,0.0
200,153600,0.000208294930875576,508.0,0.07,0.948058,77.95,1834,-0.005305,0.01867,0.003635,2.930814,0.00454,0.042236,0.646792,0.579082,-1.071036,0.885807,0.99349,1.173667,3.0
205,157440,0.00020599078341013825,502.5,0.1,0.970293,78.8,1883,-0.007126,0.002139,0.002902,2.939584,0.004933,0.055573,0.933498,0.496657,-1.188606,0.88125,0.990885,1.180248,0.0
210,161280,0.00020368663594470042,524.5,0.08,0.962688,82.33,1928,-0.006226,0.001768,0.003438,2.950696,0.004035,0.043793,0.951224,0.361147,-0.25409,0.864844,0.980469,1.189551,0.0
215,165120,0.00020138248847926263,514.9,0.04,0.907291,84.47,1977,-0.004652,0.00302,0.004362,2.964749,0.003871,0.032379,0.877657,0.382939,-1.599363,0.863932,0.97526,1.202515,0.0
220,168960,0.00019907834101382487,516.8,0.04,0.884665,83.77,2020,-0.004599,0.002608,0.003596,2.941206,0.003986,0.038666,0.910715,0.49323,-0.895657,0.878385,0.990885,1.171485,0.0
225,172800,0.00019677419354838707,515.0,0.05,0.914657,86.72,2066,-0.005884,0.003363,0.004335,2.883917,0.00424,0.045471,0.882335,0.465814,-0.770216,0.839583,0.984375,1.269036,0.0
230,176640,0.00019447004608294928,517.5,0.05,0.902816,85.05,2113,-0.005848,0.001689,0.003495,2.873403,0.003825,0.035736,0.952947,0.508097,-0.754362,0.857813,0.984375,1.203784,0.0
235,180480,0.0001921658986175115,513.5,0.04,0.865205,80.29,2161,-0.006064,0.002799,0.004926,2.833034,0.003871,0.038696,0.941246,0.435011,-1.229194,0.855078,0.989583,1.221689,0.0
240,184320,0.00018986175115207375,518.8,0.06,0.911984,80.31,2210,-0.00394,0.009062,0.003806,2.829735,0.003411,0.036377,0.737587,0.365763,-0.925908,0.859635,0.998698,1.239918,1.0
245,188160,0.0001875576036866359,514.9,0.04,0.902844,81.08,2254,-0.004205,0.002392,0.00374,2.834689,0.003001,0.021057,0.943475,0.558066,-0.805407,0.843229,0.976562,1.25695,0.0
250,192000,0.00018525345622119813,517.3,0.04,0.882722,73.77,2314,-0.005039,0.006394,0.006316,2.869149,0.003762,0.03421,0.831929,0.070647,-1.350719,0.840234,0.983073,1.230678,1.0
255,195840,0.00018294930875576037,522.9,0.05,0.873782,65.43,2371,-0.005593,0.002372,0.004083,2.840905,0.003992,0.030121,0.93684,0.352378,-0.838047,0.837891,0.980469,1.226251,0.0
260,199680,0.00018064516129032257,508.1,0.03,0.906205,63.6,2430,-0.004697,0.006269,0.00417,2.824375,0.003837,0.037872,0.874743,0.12421,-1.352768,0.848047,0.977865,1.207006,1.0
265,203520,0.00017834101382488478,519.9,0.02,0.886821,71.28,2478,-0.005227,0.001338,0.004129,2.791664,0.003812,0.033234,0.974003,0.352612,-1.43684,0.843359,0.990885,1.22939,0.0
270,207360,0.000176036866359447,506.2,0.03,0.883257,71.04,2534,-0.007413,0.002453,0.003167,2.804863,0.004909,0.056549,0.943088,0.328893,-1.51417,0.845573,0.977865,1.248417,0.0
275,211200,0.0001737327188940092,518.6,0.06,0.935388,69.34,2586,-0.006546,0.002758,0.003334,2.847014,0.004178,0.046234,0.88796,0.373525,-1.142199,0.849349,0.983073,1.213736,0.0
280,215040,0.0001714285714285714,516.1,0.05,0.929641,75.61,2635,-0.005711,0.004154,0.004318,2.852227,0.004001,0.039703,0.863457,0.492784,-2.145226,0.83776,0.990885,1.229077,0.0
285,218880,0.00016912442396313363,519.6,0.02,0.850483,81.44,2681,-0.00725,0.001568,0.004831,2.862668,0.005135,0.064148,0.94953,0.327776,-1.451953,0.895182,1.0,1.074504,0.0
290,222720,0.00016682027649769584,513.7,0.04,0.853319,76.72,2732,-0.005543,0.002744,0.004533,2.859945,0.003303,0.026947,0.919517,0.051527,-1.36085,0.889583,0.99349,1.09105,0.0
295,226560,0.00016451612903225804,518.7,0.06,0.898216,76.54,2782,-0.005083,0.001609,0.004971,2.834731,0.003633,0.033875,0.947262,0.350475,-1.093146,0.890755,0.996094,1.088508,0.0
300,230400,0.00016221198156682028,504.9,0.04,0.88719,81.4,2827,-0.003955,0.002982,0.00452,2.882296,0.002684,0.019958,0.933203,0.575755,-0.353735,0.876432,0.99349,1.162954,0.0
305,234240,0.00015990783410138246,516.7,0.05,0.912745,79.86,2874,-0.005305,0.00352,0.00562,2.864277,0.003368,0.029388,0.814327,0.1136,-0.009533,0.900521,0.998698,1.08117,0.0
310,238080,0.00015760368663594466,479.9,0.03,0.877511,70.23,2935,-0.006436,0.002447,0.004803,2.865267,0.003838,0.034546,0.929106,0.314886,-1.13433,0.88112,0.99349,1.100516,0.0
315,241920,0.0001552995391705069,475.6,0.02,0.846014,75.88,2975,-0.005963,0.001606,0.006712,2.930627,0.004031,0.038208,0.96061,0.197957,-1.426225,0.901172,1.0,1.048757,0.0
320,245760,0.0001529953917050691,471.7,0.07,0.890018,84.97,3019,-0.005509,0.003468,0.003326,2.924248,0.003785,0.037323,0.864147,0.468015,-0.383377,0.903385,1.0,1.087213,0.0
325,249600,0.0001506912442396313,508.5,0.1,0.943756,77.89,3074,-0.005177,0.009393,0.006631,2.901995,0.003613,0.037354,0.717156,0.116828,0.140495,0.853646,0.986979,1.177853,1.0
330,253440,0.00014838709677419355,475.1,0.07,0.925344,74.36,3122,-0.005181,0.001378,0.003896,2.885075,0.003672,0.031219,0.95971,0.41454,0.025709,0.882812,0.985677,1.119599,0.0
335,257280,0.00014608294930875572,494.1,0.07,0.942248,76.94,3167,-0.006766,0.00307,0.002799,2.863273,0.003724,0.039215,0.910769,0.466963,-0.561158,0.835156,0.97526,1.261454,0.0
340,261120,0.00014377880184331796,502.6,0.1,0.980267,69.73,3234,-0.003967,0.012724,0.005442,2.85506,0.003159,0.02774,0.699537,0.309398,-0.372126,0.83763,0.971354,1.222761,1.0
345,264960,0.00014147465437788016,508.3,0.09,0.977789,65.31,3280,-0.005245,0.002272,0.003195,2.921692,0.002967,0.022919,0.940145,0.474334,0.325664,0.901172,0.997396,1.079497,0.0
350,268800,0.00013917050691244237,506.1,0.06,0.921983,79.28,3326,-0.004177,0.006765,0.003973,2.921554,0.00301,0.02713,0.796055,0.42752,0.01822,0.894271,0.998698,1.075117,1.0
355,272640,0.0001368663594470046,502.6,0.05,0.900832,70.24,3388,-0.004772,0.007648,0.004379,2.945769,0.003498,0.029663,0.836868,0.161093,0.155862,0.922266,1.0,1.006177,1.0
360,276480,0.0001345622119815668,508.5,0.07,0.93472,71.58,3438,-0.006164,0.010257,0.00482,2.854605,0.003252,0.032532,0.744357,0.421429,-0.248912,0.879557,1.0,1.083573,1.0
365,280320,0.00013225806451612905,497.8,0.13,1.019705,79.61,3483,-0.006268,0.00556,0.004296,2.841378,0.003941,0.041748,0.877775,0.432287,0.048677,0.883203,0.996094,1.112475,0.0
370,284160,0.00012995391705069122,508.4,0.09,0.973766,75.22,3541,-0.004517,0.012434,0.004025,2.901413,0.003329,0.030182,0.685004,0.498767,0.075714,0.873307,0.99349,1.097078,1.0
375,288000,0.00012764976958525343,508.0,0.05,0.902425,67.37,3596,-0.005821,0.002515,0.002766,2.93173,0.004152,0.048157,0.93951,0.555869,-0.549041,0.908854,0.994792,1.062527,0.0
380,291840,0.00012534562211981566,501.4,0.06,0.961507,67.34,3650,-0.004376,0.01071,0.004409,2.872814,0.003094,0.024353,0.781266,0.484233,0.071886,0.876042,0.996094,1.140636,1.0
385,295680,0.00012304147465437787,507.0,0.05,0.93105,67.58,3713,-0.005144,0.002828,0.00333,2.908605,0.0031,0.030029,0.9407,0.453455,0.022675,0.898698,1.0,1.073581,0.0
390,299520,0.00012073732718894006,513.9,0.06,0.923328,66.69,3769,-0.004926,0.003911,0.004697,2.886927,0.00403,0.041046,0.914931,0.249337,-1.033382,0.907031,0.99349,1.0993,0.0
395,303360,0.0001184331797235023,505.6,0.07,0.981594,74.62,3821,-0.00551,0.002791,0.004981,2.938653,0.003965,0.043304,0.938563,0.321311,-1.09832,0.946484,1.0,0.969607,0.0
400,307200,0.0001161290322580645,508.6,0.04,0.932133,73.9,3873,-0.004701,0.00168,0.004337,2.904467,0.00314,0.028381,0.96531,0.48803,-0.377323,0.921484,1.0,1.0715,0.0
405,311040,0.0001138248847926267,505.1,0.06,0.931997,71.06,3928,-0.005636,0.00339,0.004917,2.859992,0.004028,0.044128,0.91891,0.414077,-0.12334,0.887109,0.988281,1.150311,0.0
410,314880,0.00011152073732718893,502.0,0.06,0.948392,61.33,3994,-0.0041,0.002145,0.005128,2.854919,0.003029,0.029053,0.949979,0.21863,0.066054,0.894141,0.997396,1.149388,0.0
415,318720,0.00010921658986175114,494.0,0.06,0.965425,65.12,4044,-0.004963,0.002824,0.004883,2.949108,0.003194,0.026855,0.921912,0.158215,-0.006274,0.915365,1.0,1.096049,0.0
420,322560,0.00010691244239631337,493.6,0.08,0.962711,73.11,4096,-0.005882,0.00719,0.005058,2.925066,0.004171,0.046753,0.867093,0.373396,0.322554,0.928255,1.0,1.020337,1.0
425,326400,0.00010460829493087556,505.2,0.07,0.924411,71.94,4151,-0.004732,0.001784,0.005099,2.930321,0.003135,0.027069,0.950326,0.254375,-1.718922,0.912891,1.0,1.042201,0.0
430,330240,0.00010230414746543777,504.0,0.05,0.897692,73.31,4200,-0.003197,0.014697,0.006955,3.007739,0.002178,0.013641,0.782099,0.079144,-0.045467,0.939062,1.0,0.979642,2.0
435,334080,0.0001,503.8,0.07,0.940636,80.75,4246,-0.004344,0.004042,0.008921,3.002815,0.002863,0.024139,0.936428,0.100618,-0.308424,0.927734,1.0,1.005815,0.0
440,337920,9.76958525345622e-05,514.7,0.09,1.002317,83.28,4290,-0.004537,0.003442,0.005395,3.017196,0.003164,0.03772,0.930416,0.326358,0.088969,0.899089,0.998698,1.113541,1.0
445,341760,9.53917050691244e-05,514.6,0.06,0.977159,90.46,4328,-0.004119,0.007673,0.005842,2.978583,0.003139,0.028961,0.865313,0.273854,0.221914,0.910547,1.0,1.094955,1.0
450,345600,9.308755760368664e-05,505.8,0.1,1.012755,79.68,4386,-0.005035,0.003201,0.007424,2.999254,0.002883,0.026031,0.912593,0.04812,-0.045403,0.915234,0.998698,1.051214,0.0
455,349440,9.078341013824883e-05,507.1,0.08,0.971361,71.38,4439,-0.003251,0.007402,0.004104,2.999884,0.001832,0.007141,0.872873,0.465719,0.608014,0.948438,1.0,0.9745,1.0
460,353280,8.847926267281106e-05,494.0,0.07,0.916945,72.35,4494,-0.003322,0.002466,0.006558,3.000305,0.001738,0.009644,0.94292,0.182039,-1.242382,0.951823,1.0,0.90333,0.0
465,357120,8.617511520737327e-05,485.6,0.06,0.927087,73.09,4548,-0.003306,0.003328,0.004984,2.949432,0.002497,0.017914,0.921448,0.418698,-0.184389,0.925391,1.0,0.996614,0.0
470,360960,8.387096774193546e-05,493.2,0.07,0.963048,71.02,4600,-0.003533,0.010368,0.00522,3.002194,0.002217,0.01239,0.728544,0.330795,0.034039,0.954427,1.0,0.896355,2.0
475,364800,8.15668202764977e-05,472.0,0.05,0.901571,71.17,4653,-0.005144,0.002167,0.004408,3.005881,0.003686,0.03714,0.92107,0.189911,0.553565,0.930599,1.0,0.962648,0.0
480,368640,7.92626728110599e-05,511.6,0.03,0.844298,76.81,4700,-0.003006,0.010537,0.004962,2.957936,0.001676,0.010345,0.665645,0.114129,0.165367,0.939583,1.0,0.96727,1.0
485,372480,7.69585253456221e-05,487.7,0.09,0.942308,76.75,4756,-0.003063,0.014821,0.005559,3.00223,0.001424,0.004761,0.649592,0.383505,0.412276,0.961068,1.0,0.871829,3.0
490,376320,7.465437788018433e-05,505.6,0.14,1.022315,70.99,4808,-0.003375,0.015995,0.004555,2.993576,0.001739,0.010651,0.732837,0.421762,0.385417,0.948177,1.0,0.901631,2.0
495,380160,7.235023041474654e-05,496.0,0.11,0.989715,66.3,4872,-0.003664,0.002942,0.004251,3.018725,0.002019,0.010284,0.932052,0.382683,-0.281075,0.932031,0.998698,0.967019,0.0
500,384000,7.004608294930873e-05,511.2,0.08,0.971158,68.38,4923,-0.002924,0.004823,0.006206,2.991997,0.001615,0.009338,0.887481,0.1055,-0.456073,0.941016,1.0,0.947572,0.0
505,387840,6.774193548387096e-05,516.7,0.08,0.964879,74.81,4972,-0.00215,0.009272,0.00379,3.004386,0.001001,0.001801,0.78531,0.437778,0.063543,0.93099,1.0,0.996182,1.0
510,391680,6.543778801843317e-05,507.6,0.05,0.899822,73.62,5025,-0.00477,0.001556,0.005466,3.006579,0.003133,0.032135,0.954958,0.065951,-0.1991,0.927083,1.0,0.998953,0.0
515,395520,6.31336405529954e-05,499.0,0.08,0.941697,75.2,5074,-0.002503,0.015742,0.004674,2.988613,0.000927,0.002014,0.72105,0.42714,0.357034,0.936979,1.0,0.975936,2.0
520,399360,6.0829493087557604e-05,513.1,0.07,0.950703,72.49,5132,-0.002032,0.010435,0.005749,3.007323,0.001049,0.00238,0.822238,0.350014,0.255048,0.947786,1.0,0.914155,1.0
525,403200,5.8525345622119804e-05,513.0,0.07,0.951995,71.2,5181,-0.003072,0.001813,0.004741,2.991242,0.001569,0.005798,0.970426,0.318356,0.215492,0.960026,1.0,0.892945,0.0
530,407040,5.622119815668204e-05,511.0,0.06,0.950447,72.22,5241,-0.003375,0.008316,0.004784,2.976378,0.00155,0.0047,0.866264,0.422218,0.298302,0.923698,1.0,0.9946,1.0
535,410880,5.391705069124424e-05,515.5,0.07,1.015512,64.41,5299,-0.00238,0.006488,0.004276,3.011743,0.001101,0.002472,0.860699,0.499591,0.408094,0.911979,0.990885,1.011826,1.0
540,414720,5.161290322580644e-05,514.5,0.05,0.927724,62.64,5366,-0.002324,0.00998,0.005563,3.035395,0.00098,0.003021,0.827695,0.2159,-0.131052,0.930599,1.0,0.962063,1.0
545,418560,4.930875576036867e-05,513.8,0.07,0.936495,52.74,5437,-0.002402,0.001686,0.003354,3.040361,0.000737,0.001404,0.96684,0.37234,0.259939,0.933594,1.0,0.943858,0.0
550,422400,4.700460829493087e-05,515.2,0.06,0.931935,59.45,5495,-0.004056,0.011395,0.003524,3.007287,0.001719,0.011292,0.788045,0.500698,-0.252666,0.903125,1.0,1.064204,1.0
555,426240,4.470046082949307e-05,507.7,0.07,0.958142,63.27,5560,-0.002258,0.002153,0.004328,3.009223,0.000879,0.00058,0.938643,0.353538,0.273632,0.897526,1.0,1.06324,0.0
560,430080,4.23963133640553e-05,512.5,0.08,0.942265,48.17,5645,-0.002841,0.007636,0.004562,3.017792,0.000934,0.002472,0.883296,0.339214,0.279746,0.901432,1.0,1.064312,1.0
565,433920,4.0092165898617504e-05,510.8,0.07,0.933832,50.24,5723,-0.00184,0.015228,0.004534,2.974588,0.000598,6.1e-05,0.721903,0.188103,0.393801,0.852604,0.992188,1.201679,2.0
570,437760,3.778801843317973e-05,515.5,0.1,0.959865,41.28,5810,-0.002712,0.008291,0.003713,3.023763,0.000863,0.000153,0.851802,0.281063,0.515859,0.88776,1.0,1.114197,1.0
575,441600,3.548387096774193e-05,514.5,0.08,0.944893,49.58,5889,-0.002215,0.008675,0.002907,2.97406,0.000877,0.002991,0.828771,0.493395,0.208471,0.852604,0.994792,1.204145,1.0
580,445440,3.317972350230414e-05,511.4,0.06,0.966634,50.09,5965,-0.002179,0.003323,0.002697,2.997337,0.000485,3.1e-05,0.927864,0.544128,-0.258592,0.844792,0.994792,1.219435,0.0
585,449280,3.0875576036866364e-05,512.6,0.07,0.930858,49.68,6040,-0.001483,0.021926,0.004453,3.001592,0.000429,0.000122,0.687127,0.276061,0.204466,0.891797,0.998698,1.118694,4.0
590,453120,2.8571428571428567e-05,514.3,0.07,0.938195,44.58,6122,-0.001495,0.003112,0.004385,3.00634,0.000243,0.0,0.938175,0.166787,0.348344,0.916536,0.99349,1.046633,0.0
595,456960,2.6267281105990767e-05,464.0,0.09,0.95611,50.69,6203,-0.001461,0.019578,0.004001,3.020412,0.000332,0.0,0.65672,0.306823,0.231934,0.898307,1.0,1.069179,2.0
600,460800,2.3963133640553e-05,475.4,0.1,1.01297,50.28,6274,-0.000977,0.01622,0.004433,3.020581,0.00022,0.0,0.792475,0.369337,0.228305,0.915365,1.0,1.02897,2.0
605,464640,2.16589861751152e-05,504.7,0.11,0.991087,49.59,6352,-0.001229,0.016078,0.004742,3.017273,0.000163,0.0,0.758036,0.274876,0.248049,0.914062,1.0,1.031192,2.0
610,468480,1.9354838709677434e-05,507.8,0.05,0.939374,44.71,6436,-0.00117,0.002964,0.003878,3.030984,0.000145,0.0,0.93398,0.263506,-0.180663,0.923958,0.994792,1.017484,0.0
615,472320,1.7050691244239634e-05,504.7,0.01,0.870843,52.1,6506,-0.001194,0.012748,0.004533,3.032706,0.00017,0.0,0.804387,0.274561,0.006686,0.903125,0.998698,1.068409,1.0
620,476160,1.4746543778801834e-05,506.9,0.06,0.933104,57.63,6570,-0.000682,0.007416,0.003921,3.031254,6e-05,0.0,0.852092,0.419028,0.056166,0.905339,0.998698,1.040679,1.0
625,480000,1.2442396313364068e-05,511.0,0.05,0.91265,60.87,6638,-0.00069,0.002309,0.003896,3.044548,5.1e-05,0.0,0.960403,0.410439,0.026987,0.916927,1.0,1.021606,0.0
630,483840,1.0138248847926267e-05,508.4,0.07,0.921521,51.85,6713,-0.000716,0.007824,0.003014,3.034128,6.5e-05,0.0,0.866164,0.419141,0.211378,0.930208,1.0,0.974013,1.0
635,487680,7.834101382488467e-06,504.8,0.07,0.925718,49.19,6788,-0.000372,0.00231,0.003144,3.036758,3.1e-05,0.0,0.96135,0.449358,0.330571,0.918229,1.0,0.999037,0.0
640,491520,5.5299539170507e-06,507.2,0.05,0.894298,48.48,6872,-0.0002,0.008287,0.00398,3.048148,8e-06,0.0,0.807972,0.422556,0.136589,0.943229,1.0,0.929403,1.0
645,495360,3.2258064516129002e-06,511.4,0.04,0.866978,56.42,6939,-0.000174,0.010871,0.004346,3.026965,4e-06,0.0,0.805455,0.43539,0.089018,0.938021,1.0,0.947061,1.0
650,499200,9.216589861751e-07,506.9,0.07,0.950328,56.32,7006,-5.3e-05,0.002725,0.003534,3.033165,0.0,0.0,0.937313,0.444429,-0.487344,0.933854,0.997396,0.968792,0.0
