event_frame,measured_frame,spell_a,spell_b,carrier_team,lost,dist,dx,dy,closing
5627,5622,5552,5623,Away,True,1.1663356040179862,-1.0684346292242186,-0.4677458543637851,-0.991696672909013
6863,6862,6845,6863,Home,True,1.149406929681562,0.6734715666344546,-0.9314356332752838,0.6593575333758467
7698,7694,7633,7695,Away,False,1.2483104799688232,-0.25604159253829956,-1.2217699281331347,-0.06954325017133614
13843,13839,13815,13840,Home,True,0.9309748430543106,0.14147308510474174,0.9201627707046969,0.3727050527612997
15690,15686,15664,15687,Away,True,0.7063130017209094,-0.3158351039189572,-0.6317643892563927,5.412035834943419
23812,23812,23767,23845,Away,True,0.126156494878381,-0.10417156596126864,-0.07116000312799335,0.29401222692307466
25074,25074,25029,25084,Home,False,1.9545611317121812,1.4656126186421639,-1.2931700853626569,-0.038041161667225584
25087,25083,25029,25084,Home,False,2.065966452777006,1.097049199466431,-1.7506285836664688,-0.29477526664646614
25595,25595,25580,25701,Home,True,2.070554496650597,1.7690382993373288,-1.075964413481086,3.5801181248748817
30807,30806,30754,30807,Home,True,0.45980844707334634,-0.03990650649129457,0.45807344251731363,1.144873460569655
31900,31897,31822,31898,Away,False,0.8270635990055417,0.46417391347930337,0.6845266794255046,-0.26827985207755367
36410,36406,36371,36407,Home,True,2.245274567530664,0.8309504058191566,2.0858521775689165,3.3283802881261426
37303,37303,37236,37310,Away,True,0.5258464825402945,0.32567869116339576,0.4128533799329949,2.193335397868016
37341,37341,37312,37379,Away,False,2.0106759301289743,-0.4130413251242658,-1.9677943387812675,-0.71266337977606
37351,37351,37312,37379,Away,False,1.5149546754936258,-0.6225458802674236,1.3811315273217302,0.805174852906089
37382,37378,37312,37379,Away,False,1.4040447588307159,0.2344742054664944,-1.3843278266981631,0.4797721808818861
38313,38308,38289,38309,Away,True,2.0496071682154082,2.000967430223279,-0.4438680966071249,3.2848423426729694
43171,43171,43152,43212,Home,False,1.444060291816106,0.9446985235645571,1.0921789349621076,3.1043836891062964
43439,43439,43434,43467,Away,True,0.30002932190037657,-0.2914507876137369,0.07123224269480931,-0.48388519188868145
43455,43455,43434,43467,Away,True,1.0654132097923303,0.526507691847592,0.9262261916105144,-1.6762565168007382
44426,44425,44401,44426,Home,False,0.426079837119758,0.20120887010663205,-0.37557824509735915,1.2446345257378462
45176,45172,45155,45173,Home,True,2.386116330776859,1.9245275970523807,1.4105830965185326,3.3105160557818025
45184,45172,45155,45173,Home,True,2.386116330776859,1.9245275970523807,1.4105830965185326,3.3105160557818025
47979,47979,47921,47994,Away,False,0.9824692353453089,0.07063361134519397,-0.9799268806132079,1.4182948980690064
48646,48646,48634,48670,Home,False,1.8673338962274544,1.5248450796724944,-1.0778605489573263,0.6881589942731032
48721,48721,48705,48766,Home,False,1.0222617073919926,1.0156902563926813,0.11572511166104443,1.1122386877824908
48730,48730,48705,48766,Home,False,1.3371991797783922,1.0182296152207075,-0.8667814586661939,-1.9507571852028052
51138,51138,51117,51221,Home,False,1.2206853316068045,-0.6202519193322007,1.0513611346082448,0.2903381951296538
51166,51166,51117,51221,Home,False,1.8694798699103439,-0.5719404696065716,-1.7798424321344322,-0.2373053677337959
51224,51223,51222,51224,Home,True,0.2610536833679954,-0.04392967877061893,0.257330932697777,-0.04799906225552223
51755,51750,51733,51751,Away,True,1.052359265080135,-0.5706696185243072,0.8841924051321202,0.3716725219026886
54373,54369,54321,54370,Home,True,0.8620919264208412,-0.07021646961364852,0.8592276397992518,0.11632578490366569
54381,54369,54321,54370,Home,True,0.8620919264208412,-0.07021646961364852,0.8592276397992518,0.11632578490366569
54542,54542,54507,54600,Away,True,1.9111724419319165,0.8303764268072793,1.7213526926817702,7.466704894287262
54603,54599,54507,54600,Away,True,1.7872475848633789,1.7117946731448745,-0.5138218821661968,2.9111094109536553
54643,54643,54605,54645,Home,False,2.652293265534564,1.362935039700861,2.27531704251421,-1.656052853987392
55854,55854,55823,55855,Home,False,1.083933473973384,-0.03920529673917694,-1.0832242245756887,-1.260042555004206
56804,56800,56788,56801,Home,False,1.306897238500412,-0.7940748230863766,1.037991121031554,-0.40047514722772287
56810,56800,56788,56801,Home,False,1.306897238500412,-0.7940748230863766,1.037991121031554,-0.40047514722772287
59232,59229,59172,59230,Home,False,1.7312136617991483,-0.18749639551793573,-1.7210304600639112,1.0231946934609562
61517,61517,61491,61527,Home,False,3.1056210457813442,3.0984331912657517,-0.21117253434748406,1.4200786660661024
61524,61524,61491,61527,Home,False,2.806928389895258,2.758772812278959,0.5177060519546071,1.09851578583201
63407,63407,63382,63411,Away,True,0.29941030109200045,0.2136277226508656,0.2097849482565592,1.4798548426156493
63428,63428,63411,63456,Home,True,0.1851024451486269,-0.18509511826390973,-0.0016469349925558804,-0.0
63469,63469,63456,63474,Away,True,1.0510908689547298,0.016149398943087423,-1.0509667985782358,-2.3785423980385687
63931,63927,63898,63928,Away,True,1.6596227065209677,-0.025557683063486575,1.6594259045936364,-0.8301127060909299
63938,63927,63898,63928,Away,True,1.6596227065209677,-0.025557683063486575,1.6594259045936364,-0.8301127060909299
64977,64968,64849,64969,Away,True,4.657563318173999,-0.4531313273232418,-4.635468483659259,1.1519215829154805
65408,65408,65398,65451,Home,False,0.24675499184413657,0.18253387193755277,-0.1660403914578768,1.3881892213810325
65414,65414,65398,65451,Home,False,0.552913454348865,-0.39972372150599006,-0.3820133956622413,-2.3006869628412723
72730,72730,72699,72819,Away,False,0.5723768426482669,0.4961869019295236,-0.28533105045469614,1.3456085442528776
78265,78265,78239,78299,Home,True,0.9567390492710127,0.9330186069322894,0.21172124956680966,1.1867889774804594
78319,78317,78301,78318,Home,True,0.46923143287720903,-0.43624058522402154,-0.172836018825365,-0.7193717051950507
80085,80085,80084,80164,Home,False,1.3741841310392129,0.08084052161368926,-1.3718042265809007,0.1351857802778826
80220,80220,80197,80338,Home,False,0.5801414327558407,-0.31229998839219014,0.48890980686649926,-3.3541414595342904
83262,83262,83234,83305,Away,False,1.017506622484587,0.27005688755877666,-0.981014273230547,0.752018299528647
84920,84920,84858,84922,Home,True,0.6294961569382325,-0.06660345232982856,-0.6259627718464988,1.0033678602139349
88886,88886,88848,88909,Home,False,0.6172354095480903,-0.08545722501748246,0.6112909401359636,-0.4745650159871461
88912,88908,88848,88909,Home,False,0.7922915960680149,0.4878613467391555,-0.6242734012897392,0.6854227997559127
92072,92072,92021,92119,Home,True,1.5752384175101886,0.29481070691877675,1.5474051567337026,2.85093526292882
92709,92700,92697,92701,Away,True,2.3551576590113807,-0.030626010898382183,-2.354958523256072,2.3186515344761904
92839,92829,92826,92830,Away,True,0.2934192904360539,-0.29341742413912175,0.001046523559270901,-0.6405368090171412
96433,96429,96416,96430,Away,True,0.5447820848743106,0.5435470748445167,0.036661934318442974,2.758692845684766
101530,101530,101523,101531,Away,True,1.113367910441103,1.1122970783601023,-0.048819191631649994,5.154565438953829
104086,104086,104073,104244,Away,True,0.7985418052926251,0.5092553328318232,0.6150837510309907,-1.1815284982534795
104252,104243,104073,104244,Away,True,2.139361942355713,-0.535036576796409,-2.071377653130879,1.0601902525677664
105538,105538,105511,105618,Home,True,1.2973166706706534,1.2160815838199817,-0.4518585237592337,2.9883217225566345
105545,105545,105511,105618,Home,True,0.5970241469153452,0.36705143912307525,-0.47086205308739326,2.3148989586780377
106034,106030,106008,106031,Home,False,0.6149504045043007,0.6074829676580592,-0.09554289092004987,0.6235527892840473
108136,108136,108100,108159,Home,False,2.38353468655273,1.7244460824818617,-1.6454553505376501,-2.6161969604137854
108218,108218,108214,108220,Home,True,0.7340387512931463,0.6293877912467454,0.3777352202661871,1.5150156828108823
108227,108219,108214,108220,Home,True,0.6868523497812303,0.5426568659094037,0.4210578063418147,1.1896107806288734
109058,109058,109036,109059,Home,False,2.1466539649417244,-1.1612309061100117,-1.805454521137253,-1.624447821097543
109083,109083,109060,109084,Home,True,2.759047941591445,1.7049266759709294,-2.169232715400242,1.7999895504299992
109812,109807,109799,109808,Away,True,2.425547764938871,2.130207678470417,-1.1599556916475848,3.827076769289661
109858,109858,109851,109884,Home,False,0.6526788870493639,0.11152180155757489,0.6430805683406624,0.47707514089767333
110001,109997,109905,109998,Home,False,1.7512351386378657,1.0732444162956039,1.3838247481853667,4.459883549432934
114109,114104,114003,114105,Away,True,1.2607360421595026,-0.6978450926498202,-1.049984568774499,0.5585063426868744
115976,115971,115929,115972,Away,True,1.553927559830253,-0.35748530768988807,-1.5122483645175058,1.7175846204128022
115997,115997,115977,116013,Home,False,0.6301085877846769,0.6187030344376316,0.11934566426002541,0.2585405613542274
116601,116596,116484,116597,Away,True,1.566149030584257,-1.552921377976613,-0.20312060413268218,2.6756260739993167
118509,118509,118456,118533,Home,True,3.922872315077312,2.3564941976960108,-3.136217833095314,3.402047857307544
118532,118532,118456,118533,Home,True,2.2234770410328046,0.6163767837204125,-2.1363356038999295,2.65093571340054
125792,125791,125790,125792,Home,False,0.0748675657411099,-0.07486632000993843,0.0004318890701424248,0.0
125923,125923,125919,125937,Home,False,1.0231635489988857,1.0223957898306142,-0.039629495790764746,1.3859602576611183
125940,125936,125919,125937,Home,False,2.542009546874285,-0.18550306231102476,-2.5352319716888316,-4.13061986211311
127555,127550,127527,127551,Away,True,3.207855815774773,3.0313167361614974,-1.0495035873532017,6.193088486803361
127570,127558,127556,127559,Home,False,1.2078919675202706,1.1831077766543197,0.2434317029888719,6.0314758619981514
127678,127676,127586,127677,Home,True,1.4911771253610382,-1.2954625948139253,0.7385024608205317,-2.5349647199589045
127771,127771,127767,127810,Away,False,1.6414621049539937,-1.6391229336714095,0.08760051548038039,-1.195965647988566
128335,128335,128283,128366,Home,True,1.1304966766868454,-0.7072581201485681,0.8819346276702796,0.3538125288189544
128349,128349,128283,128366,Home,True,1.0719850754558051,-1.0099249080952328,0.3594491368870206,-0.972818312378613
128369,128365,128283,128366,Home,True,1.7622958357778646,-1.7578168952433073,-0.12556422897139785,-1.216089887118252
128377,128365,128283,128366,Home,True,1.7622958357778646,-1.7578168952433073,-0.12556422897139785,-1.216089887118252
129912,129912,129912,129915,Away,False,1.9164413713964783,-0.34384909474975456,-1.8853422315430666,2.2648797332302752
132875,132871,132776,132872,Away,False,0.6762142621980066,0.2086191598064885,-0.6432291773245593,-0.17750173681616502
132881,132871,132776,132872,Away,False,0.6762142621980066,0.2086191598064885,-0.6432291773245593,-0.17750173681616502
137211,137207,137200,137208,Home,False,1.5742117683462973,1.5374566608301918,0.3381859069636882,1.2701497410989546
139110,139110,139103,139130,Home,False,0.5588112425497516,0.48606915343967794,0.2756932768031024,0.40076762768436663
139133,139129,139103,139130,Home,False,0.7183613277453007,0.10048267761410959,0.7112989727951885,-0.494909907129673
140893,140893,140746,140909,Away,False,0.7849898559854115,0.2848336907867447,0.7314908356177802,-2.66109601044171
140912,140908,140746,140909,Away,False,2.2084641310195674,1.599966311845544,1.5223079908347648,-2.2347787354470614
141404,141404,141231,141434,Away,False,1.889753461168943,1.7900688545000703,-0.6056580224423739,-1.1592065192699432
