ticks,seconds,ball_x,presser,path_m,net_m,any_engaged
49,1.96,83.4305142857143,Away_15,13.750118485889402,13.659548000779543,True
4,0.16,94.1716125,Away_18,0.2592486503497752,0.25921937601190786,True
7,0.28,95.87355,Away_15,0.16057141939538316,0.16044404663308248,True
5,0.2,97.17015,Away_22,0.13169783936770155,0.1315207303051331,True
11,0.44,101.47104545454545,Away_16,0.931452229317768,0.9272455136046749,True
16,0.64,53.03458125,Away_22,0.9186379473172146,0.8498807906994904,True
14,0.56,64.3053,Away_17,0.9145809727486756,0.9035836546219704,True
68,2.72,84.02737720588235,Away_15,14.413833957424117,13.47485447464647,True
4,0.16,92.6121,Away_16,0.26243182694625,0.2618526350831717,True
112,4.48,85.53772500000001,Away_16,20.491007042459856,19.975593988915584,True
2,0.08,101.598,Away_20,0.24042023542122534,0.24042023542122534,True
1,0.04,102.41175,Away_17,0.0,0.0,True
23,0.92,82.05772826086957,Away_23,2.0573662096586545,1.86689576251594,True
10,0.4,80.825955,Away_21,1.4228476765028744,1.4227796445338967,True
7,0.28,84.8373,Away_19,0.6847752235088956,0.6840909606916289,True
6,0.24,87.90477500000001,Away_22,0.1452176390473311,0.14488757710720926,True
8,0.32,91.20824999999999,Away_20,0.4806335805918402,0.47817878497481575,True
7,0.28,94.74765000000001,Away_15,1.0318530778172224,1.0248002061377524,True
9,0.36,50.70251666666667,Away_21,0.7081128605119964,0.7000115805470614,True
11,0.44,60.13865454545455,Away_17,1.351172986401855,1.3506969935555526,True
36,1.44,101.33905833333333,Away_18,3.586742626652459,3.293599848251143,True
3,0.12,99.14835000000001,Away_16,0.11846936291010488,0.11833638873989663,True
9,0.36,55.4491,Away_17,1.1381743929159827,1.1370547919955318,True
21,0.84,56.521,Away_23,3.1439082468845725,3.1203959318650507,True
19,0.76,61.95116052631579,Away_18,4.044922964013004,4.043027050169214,True
21,0.84,48.7271,Away_17,6.0720696817688635,6.069588117236617,True
124,4.96,61.58857137096774,Away_22,26.337516118789736,21.7188416625404,True
47,1.88,52.18893191489362,Away_19,13.312199510003293,13.176301430811309,True
28,1.12,84.3298125,Away_18,8.594421338817005,8.592525645146488,True
12,0.48,97.71335,Away_16,1.7533427822724705,1.7531417512853802,True
28,1.12,71.6809125,Away_22,3.406482008681757,3.251713568581968,True
13,0.52,65.64527307692308,Away_23,1.5122835141081286,1.5121458858522856,True
66,2.64,74.49516136363637,Away_19,12.984507519908487,12.223233473414473,True
7,0.28,88.62585,Away_20,0.48980261420256477,0.48911447985109574,True
7,0.28,47.12325,Away_22,0.480577223150662,0.4800426882059543,True
11,0.44,53.535109090909096,Away_21,0.27289837803407324,0.2719664133675388,True
11,0.44,74.69451818181818,Away_16,1.8834294119109036,1.8791710040334202,True
2,0.08,73.950975,Away_16,0.1920556234532004,0.1920556234532004,True
16,0.64,49.051734375,Away_23,2.1784125201277806,2.1705963158542403,True
11,0.44,55.961181818181814,Away_21,0.6602608763156781,0.6517184450359019,True
15,0.6,74.31844,Away_16,1.6553426113183318,1.651575848969696,True
24,0.96,46.31764375,Away_24,5.696818004005611,5.687241398156054,True
11,0.44,48.23117727272727,Away_23,0.32173663310502515,0.32154273759485796,True
45,1.8,80.88707666666667,Away_17,4.835599557219908,4.786672884593224,True
24,0.96,95.05418125,Away_16,6.412869652121982,6.405277733275901,True
59,2.36,74.66315084745763,Away_19,14.933820017652387,14.922686886335182,True
11,0.44,85.01955,Away_17,0.7881086049604633,0.7875370020513359,True
26,1.04,92.41950576923077,Away_22,7.317143925172427,7.250801534754612,True
18,0.72,57.76114166666667,Away_19,3.7223220100646457,3.7155813210855793,True
33,1.32,68.54536818181819,Away_24,2.72350340775525,2.505353979480748,True
25,1.0,85.09376400000001,Away_19,3.8430214368274616,3.842109741743451,True
8,0.32,80.9573625,Away_21,0.8551365383013784,0.8545368711178996,True
45,1.8,82.81763,Away_20,7.303839331442111,7.03528060020352,True
9,0.36,99.62225,Away_18,2.009159447311743,1.4306782644606117,True
30,1.2,94.525655,Away_19,5.389985208158498,5.158479439718656,True
9,0.36,98.81083333333333,Away_16,0.7228016938305792,0.722204141846338,True
5,0.2,103.61883,Away_25,0.3946657320036582,0.3944167749982189,True
60,2.4,90.5726325,Away_23,3.147095982035753,2.549582199184803,True
10,0.4,81.1965,Away_22,0.3766850855226781,0.376376928623422,True
12,0.48,87.20101249999999,Away_17,0.679102643422332,0.677145147217334,True
6,0.24,96.207125,Away_16,1.167701146575724,1.167609435085215,True
76,3.04,52.40562434210526,Away_24,14.734869271723584,13.820403566090242,True
59,2.36,63.515425423728814,Away_20,6.630061116688423,4.822431863790303,True
49,1.96,64.80857142857143,Away_21,11.956849145486586,11.845478926729813,True
58,2.32,78.04997586206898,Away_19,4.019332146523387,1.01237300047956,True
52,2.08,87.37768846153845,Away_18,12.41594392267001,8.08424114584049,True
10,0.4,94.58620499999999,Away_15,3.447232621121378,3.1228512715305463,True
19,0.76,49.071473684210524,Away_19,2.6394228126911785,2.562052625220648,True
35,1.4,55.62288,Away_19,5.203409911822944,5.164613484327746,True
37,1.48,75.35773378378379,Away_18,6.180741655202772,5.856434143751659,True
30,1.2,97.36936999999999,Away_15,4.719547810351579,4.505975736685677,True
92,3.68,56.947765760869565,Away_21,23.71965796300616,22.6601776773352,True
12,0.48,65.9722,Away_20,1.35043307592599,1.3501837391999703,True
36,1.44,75.41473333333334,Away_17,4.8456536206860905,4.77384444924633,True
10,0.4,80.679795,Away_23,0.3719749261776808,0.37126670319325933,True
7,0.28,86.28,Away_18,0.36409203097154264,0.36382424328238255,True
3,0.12,88.95985,Away_19,0.178644425856513,0.17862046047415994,True
19,0.76,55.556715789473685,Away_16,4.826040734510972,4.818182627516313,True
52,2.08,79.7684798076923,Away_20,7.883883773166084,7.665434397142804,True
14,0.56,82.58197499999999,Away_21,2.091012765182806,2.0903260899917084,True
27,1.08,96.07103333333333,Away_15,3.530382682753775,3.463451186677818,True
25,1.0,97.155912,Away_20,1.6448682293092909,1.6413497594663058,True
99,3.96,97.54079999999999,Away_22,14.907648500200976,10.071452537946053,True
17,0.68,52.746132352941174,Away_24,0.7782466694137422,0.7773326547238314,True
9,0.36,54.254666666666665,Away_20,0.8141081132815192,0.8082499999999927,True
30,1.2,100.766365,Away_20,5.796770331712713,5.784629972228125,True
14,0.56,101.86725,Away_15,1.7267007163862775,1.7245416121683044,True
3,0.12,102.06734999999999,Away_22,0.29382236535946754,0.293573715444704,True
19,0.76,102.89021842105262,Away_16,2.8495931308548648,2.84869655500546,True
2,0.08,104.77844999999999,Away_25,0.1875333836947372,0.1875333836947372,True
30,1.2,48.627145000000006,Away_23,4.9372648891599,4.542724427312324,True
29,1.16,50.55264827586207,Away_21,2.179259154729674,2.1725590739954628,True
16,0.64,52.0926,Away_22,1.665710885318681,1.6610656869612412,True
18,0.72,68.29240833333333,Away_16,3.612886865690812,3.5966819313917733,True
4,0.16,63.659925,Away_20,0.30853475409533315,0.30852264892548986,True
1,0.04,68.06099999999999,Away_20,0.0,0.0,True
26,1.04,45.94190192307693,Away_21,6.558426351281877,6.556237938604727,True
72,2.88,62.44854583333333,Away_24,7.768066860571225,7.54264546037396,True
56,2.24,66.81961875,Away_21,4.269730334350504,4.20505841815545,True
24,0.96,65.94739375,Away_18,3.2966987063340225,3.2855005889514,True
22,0.88,75.95575909090908,Away_22,2.3041197863635685,2.199604255883321,True
15,0.6,74.55238,Away_18,0.42931226464272415,0.18712132989053132,True
19,0.76,82.28932894736842,Away_22,4.349322228579352,4.341901951921531,True
15,0.6,94.49601,Away_20,4.036123352219462,4.035388201511714,True
92,3.68,53.341164130434784,Away_24,15.768036725592427,10.878041776441204,True
65,2.6,57.052945384615384,Away_21,14.471962854587279,13.96506160353043,True
37,1.48,83.00477027027027,Away_22,7.094464527918564,7.059256926908101,True
12,0.48,91.562275,Away_16,2.0662882155586577,2.0621557473673033,True
35,1.4,48.14307,Away_23,8.644840067584036,8.63788108880876,True
60,2.4,66.9613175,Away_21,10.03649842187285,9.701218244246446,True
43,1.72,83.85297558139534,Away_21,1.8876998392328521,0.9523980328098092,True
65,2.6,87.60235615384616,Away_17,9.434433658070308,8.136839964169136,True
52,2.08,68.82570288461538,Away_18,9.115275759480527,8.584232922567992,True
31,1.24,57.30107419354839,Away_22,3.2960946630143066,3.0082623662340335,True
16,0.64,70.83103125,Away_16,2.7847047312081847,2.773584106098097,True
50,2.0,72.910971,Away_20,4.513441631502421,2.500511599033276,True
23,0.92,88.34298260869565,Away_16,6.384547440278178,6.375303634776944,True
8,0.32,98.2960125,Away_17,1.0565128452454728,1.0547900409086168,True
5,0.2,51.13731,Away_21,0.32546427136036465,0.3253994297782288,True
13,0.52,56.00683846153846,Away_18,1.1336048116064084,1.133513718664227,True
5,0.2,60.87627,Away_16,0.2934750013607048,0.29343116415950005,True
59,2.36,46.31630084745763,Away_24,7.4734799799192455,4.271067648270163,True
7,0.28,48.499050000000004,Away_23,0.16485165401689678,0.1647969672051061,True
94,3.76,64.1928335106383,Away_24,17.553585248490656,16.930614986172237,True
29,1.16,76.69554827586207,Away_21,6.578941710878399,6.558773599507775,True
90,3.6,91.51513,Away_22,3.9727485067885224,2.6897230456870496,True
51,2.04,95.23882941176471,Away_20,4.926372468304597,4.873345153475181,True
35,1.4,89.79123,Away_22,4.837460459490929,4.798385978805781,True
10,0.4,92.44242,Away_21,0.5763039563789202,0.5760424984321825,True
12,0.48,96.64628750000001,Away_21,2.5292442711666268,2.5274598973871023,True
8,0.32,100.4395875,Away_16,1.1941441552140022,1.1938507746364402,True
61,2.44,99.36950409836065,Away_15,10.297853312822566,9.708434026659498,True
19,0.76,53.125800000000005,Away_18,2.3328921175666277,2.3309428257466984,True
73,2.92,54.570499315068496,Away_18,8.240524942166736,4.584600523764315,True
27,1.08,58.76056666666667,Away_23,4.726298360347938,4.714640157647241,True
67,2.68,92.17182089552239,Away_22,9.419326810169746,8.827046095047875,True
8,0.32,101.3709375,Away_20,1.3162175170742614,1.3146358525842838,True
5,0.2,94.7163,Away_21,0.15440211633943232,0.15436348046088527,True
3,0.12,97.307,Away_20,0.16864186991528007,0.16864179315935626,True
15,0.6,100.43186999999999,Away_22,2.8763084819802174,2.8752405698306376,True
22,0.88,50.153727272727274,Away_20,4.549554203721473,4.544039344294901,True
4,0.16,92.9000625,Away_16,0.6415425030191222,0.6414755353869734,True
23,0.92,63.466656521739125,Away_24,3.3431301669534452,3.335687734545907,True
38,1.52,62.22540394736842,Away_19,3.7786493465201016,3.6160298776558775,True
39,1.56,81.22546923076922,Away_19,9.813974922453651,9.809374038928285,True
37,1.48,55.27900945945946,Away_22,3.9729917816026004,3.9648958953420217,True
9,0.36,45.99735,Away_24,2.013966366909732,2.0139059666478922,True
8,0.32,47.484018750000004,Away_18,0.6422317787266375,0.640076876945265,True
20,0.8,64.80353249999999,Away_17,1.1476864620931817,1.1147790095350685,True
30,1.2,64.73327,Away_17,2.778821844965775,2.7749943567509954,True
62,2.48,49.014338709677425,Away_23,5.2982703987623045,3.5497021003036253,True
14,0.56,47.719725,Away_19,2.1952451945746794,1.900838838407926,True
22,0.88,47.37843409090909,Away_22,5.826813353790199,5.823631779233642,True
34,1.36,47.789607352941175,Away_17,5.811604037289328,5.714607161380391,True
24,0.96,50.47958125,Away_20,4.553963635242146,4.52854737770292,True
61,2.44,85.16649836065574,Away_16,8.855967494049485,8.58652274724174,True
10,0.4,85.313655,Away_19,0.6986763845250142,0.691376384034052,True
8,0.32,48.19605,Away_18,1.6529008066653406,1.652761691351784,True
12,0.48,50.4112,Away_19,2.3586784264578706,2.3585308075155607,True
8,0.32,52.532025000000004,Away_20,0.986754512643554,0.9862466061285087,True
13,0.52,55.36561153846154,Away_21,1.4915650455888312,1.4911810755236894,True
9,0.36,66.01501666666667,Away_21,1.392304768261777,1.3921153193970686,True
56,2.24,60.949275,Away_19,11.610014101520823,11.324595655126048,True
47,1.88,64.25193510638297,Away_27,2.9380013168628025,2.5106020497283192,True
110,4.4,73.21538318181818,Away_19,17.434408037529565,12.48806019947052,True
50,2.0,51.268476,Away_21,4.225428298229626,3.9397421400391077,True
20,0.8,54.19113,Away_21,2.4066435300559905,2.4051441101106694,True
40,1.6,46.6780125,Away_26,5.373749038573995,5.142804075842292,True
19,0.76,49.25085789473684,Away_18,4.500286520797739,4.499331791499705,True
29,1.16,65.47561034482759,Away_26,5.628365713418718,5.627221836075071,True
29,1.16,69.26824655172415,Away_26,2.1026052891526215,2.1002353548114527,True
35,1.4,57.04869,Away_19,5.824882050161855,5.754977117461023,True
25,1.0,71.73713400000001,Away_20,4.9282401512600265,4.876114519009994,True
25,1.0,97.423998,Away_16,5.4109020380422885,5.410261859133982,True
15,0.6,54.12764,Away_21,0.3456013051570964,0.31447089292969027,True
1,0.04,57.922200000000004,Away_15,0.0,0.0,True
11,0.44,52.972404545454545,Away_26,0.7804162918357951,0.7799393722591536,True
29,1.16,51.00834827586207,Away_18,2.2199744394049477,2.209340500782991,True
40,1.6,62.44951125,Away_27,4.57086710490475,3.9473689669069505,True
11,0.44,61.72701818181818,Away_28,0.7711485170234416,0.7680368757423004,True
49,1.96,66.2388,Away_27,7.000313525767836,6.9438389417454065,True
40,1.6,69.229545,Away_28,8.190217582511558,8.146022491259158,True
10,0.4,73.93029,Away_21,1.6093917394168247,1.6090118055502316,True
39,1.56,79.24363461538461,Away_16,3.258301071141721,2.991351301402091,True
3,0.12,73.38345,Away_17,0.03908086292308875,0.03907010238022836,True
14,0.56,60.386849999999995,Away_26,2.2669952696499553,2.256263438874105,True
14,0.56,60.587025,Away_18,1.9024213910982046,1.9020253891312826,True
21,0.84,53.7004,Away_26,3.1154613662180215,3.0503063453364794,True
8,0.32,66.09369375,Away_21,0.755199995043423,0.7519240270798648,True
2,0.08,45.073350000000005,Away_26,0.1307210602772128,0.1307210602772128,True
40,1.6,49.03912125,Away_18,3.0579942267642126,1.703780384908799,True
28,1.12,47.620799999999996,Away_17,5.589950570670665,5.489889820105684,True
23,0.92,87.9875804347826,Away_21,2.2247511019960045,2.167303786759013,True
49,1.96,84.42255,Away_28,4.574431908052094,2.2307250463470387,True
15,0.6,47.50718,Away_28,3.8995265482393595,3.898713190990063,True
61,2.44,90.24200901639345,Away_15,7.165912960903247,0.8865563048109213,True
16,0.64,81.891534375,Away_17,1.597388697794247,1.5967507452636456,True
15,0.6,52.27992,Away_26,1.137282878997749,1.128106378671804,True
29,1.16,49.518905172413795,Away_28,2.997715826000142,2.8613595455482397,True
69,2.76,66.39063260869565,Away_21,13.28262348805085,13.088459872609155,True
100,4.0,86.06742899999999,Away_27,10.848172162835294,4.740294567313311,True
4,0.16,46.90665,Away_23,0.15874918162397492,0.15874768943200396,True
10,0.4,55.867560000000005,Away_28,0.5160301110551611,0.515974071538475,True
10,0.4,66.80772,Away_21,0.2964344128485648,0.29552042839709786,True
10,0.4,75.16383,Away_15,0.5377134352202338,0.5312103090114028,True
34,1.36,49.13885735294118,Away_27,10.245854544768624,10.242676628870015,True
37,1.48,94.87896486486486,Away_15,2.3217484775055186,1.8744244557730068,True
27,1.08,52.29773888888889,Away_27,4.113292257302864,4.045764907455696,True
63,2.52,46.61835000000001,Away_28,5.8221187342838725,3.0294654113225947,True
39,1.56,46.137161538461534,Away_23,3.1291180900774607,2.291938557291622,True
12,0.48,45.2454625,Away_28,1.6349773229085718,1.6347633568501607,True
5,0.2,46.66494,Away_28,0.3230082693691048,0.32265503622289976,True
36,1.44,50.054316666666665,Away_20,2.6703887088264135,2.409750863491911,True
9,0.36,48.13993333333334,Away_26,0.17538484699818035,0.17463924072214082,True
14,0.56,50.895375,Away_18,1.564049511112417,1.5620759367265067,True
20,0.8,58.6724775,Away_17,2.12550622827804,2.099721694153784,True
23,0.92,48.93693913043479,Away_21,2.394977460622328,2.370326770721695,True
17,0.68,94.18629705882353,Away_21,4.062307274932091,4.0614821502623775,True
15,0.6,66.29826,Home_5,2.4479981854262753,2.447775408079751,True
54,2.16,67.01031944444445,Home_1,9.663939552489916,9.190354891956012,True
11,0.44,56.211559090909084,Home_5,0.6315884424352693,0.6213724680897937,True
14,0.56,47.29965,Home_8,0.4715697046802516,0.4621555765107715,True
11,0.44,50.38682727272727,Home_7,1.208524403973452,1.19803318322156,True
45,1.8,47.465156666666665,Home_10,5.987274933529566,5.987247493832203,True
33,1.32,66.34918181818182,Home_5,3.1561221799400365,2.9323105173224673,True
28,1.12,48.405525000000004,Home_5,5.495273386604381,5.355320317740113,True
1,0.04,67.97385,Home_8,0.0,0.0,True
7,0.28,72.0279,Home_4,1.225147108991697,1.2251384709085003,True
14,0.56,45.58305,Home_6,0.9667717833799313,0.964799189261682,True
16,0.64,82.615640625,Home_2,3.505562140886214,3.505450341168748,True
10,0.4,92.20207500000001,Home_3,2.8235639958570538,2.8231699035658533,True
31,1.24,74.98503870967743,Home_8,1.8569958143513925,1.505585263244822,True
55,2.2,79.01156454545455,Home_7,8.823912913181555,8.762775621365636,True
47,1.88,76.35492765957447,Home_7,4.948620490098304,2.9486466929762845,True
33,1.32,84.60549999999999,Home_7,4.622454346995855,4.291105117565864,True
10,0.4,93.46858499999999,Home_3,0.5453362389552693,0.5440082397353923,True
12,0.48,89.71768750000001,Home_2,2.348211849309683,2.3239828314555084,True
8,0.32,94.68781874999999,Home_3,2.0612847669888112,2.061214751063069,True
14,0.56,79.901775,Home_9,2.266077168484602,2.215079706940586,True
40,1.6,48.649886249999994,Home_9,6.155254777060362,5.944008862787808,True
11,0.44,50.63214545454545,Home_7,1.7784364109033968,1.7719564848212244,True
33,1.32,53.215622727272724,Home_8,5.279066249382656,5.149744911362122,True
9,0.36,97.09875,Home_2,1.274411010396498,1.2707862860843366,True
6,0.24,100.46820000000001,Home_1,1.127557444371881,1.1273873577435551,True
18,0.72,49.44514166666667,Home_7,1.3125623974152978,1.31124730394385,True
12,0.48,55.6941875,Home_4,0.23852480236361018,0.2383421593004488,True
36,1.44,55.084925,Home_7,3.8915628419197867,3.6652150168987347,True
11,0.44,56.93033181818182,Home_10,0.46095028339791155,0.4585018657541109,True
39,1.56,80.10210384615385,Home_3,8.047841022519888,7.972963648537476,True
16,0.64,91.19355,Home_2,4.879462106670063,4.877470612889426,True
65,2.6,57.63000923076923,Home_7,5.563623145105152,3.804898060605567,True
68,2.72,65.79480661764705,Home_8,5.163109185707045,1.5388885833938701,True
16,0.64,61.950853125,Home_7,0.44642229361150615,0.3272499999999951,True
14,0.56,64.83435,Home_10,0.09957538275056055,0.08736462041353006,True
24,0.96,67.947075,Home_7,3.9657487499963473,3.964858881233976,True
24,0.96,70.66836875,Home_6,2.3815766040771638,2.3619887654474567,True
14,0.56,70.675275,Home_8,1.8573480479423672,1.855357975189681,True
18,0.72,68.32350000000001,Home_5,2.9032175181476765,2.8676618437326233,True
41,1.64,81.05451951219511,Home_1,6.12145097311117,5.734745144128023,True
47,1.88,94.74275106382979,Home_2,9.657056856357853,9.579633728885458,True
17,0.68,50.77657941176471,Home_10,1.6681559705490534,1.647283691414443,True
54,2.16,57.87813888888889,Home_7,7.4739760784024485,7.445428069419516,True
37,1.48,62.42142162162162,Home_5,2.7696974975792163,2.738540159446276,True
9,0.36,64.34913333333333,Home_6,1.0842532383327248,1.084012991804069,True
17,0.68,59.20165588235294,Home_9,1.037892404029082,1.008338460042061,True
38,1.52,54.66543157894737,Home_10,5.458298122613947,5.292058445718455,True
56,2.24,76.71202500000001,Home_8,5.133973448411744,3.6176414820846996,True
38,1.52,73.91497105263159,Home_7,6.134087343992643,5.979173779043382,True
13,0.52,80.43298846153847,Home_6,0.84724636997823,0.8469749701142242,True
26,1.04,76.7765653846154,Home_7,2.868543552951011,2.807339580741872,True
67,2.68,74.89264477611941,Home_8,6.245280695707505,5.797003298256768,True
11,0.44,73.10529545454546,Home_6,0.8157677064144011,0.8150365343958441,True
23,0.92,79.03267826086957,Home_8,2.8430623315589663,2.8330608805495108,True
50,2.0,86.386587,Home_4,8.108127556603025,7.461121445573715,True
34,1.36,92.5098794117647,Home_8,6.397620916411003,6.391657334025331,True
17,0.68,94.24497352941177,Home_4,2.3235273528088323,2.3169899999999872,True
13,0.52,95.11215,Home_8,1.4512552263551115,1.4267082258121242,True
19,0.76,73.69701315789473,Home_7,1.0417756701287204,0.8747558265596218,True
16,0.64,79.57648125,Home_1,1.5369355008998262,1.5367511184313316,True
58,2.32,75.81278793103448,Home_7,4.814062665698366,2.652386229869247,True
34,1.36,78.23185588235295,Home_1,8.444103970238746,8.44037723778386,True
18,0.72,76.00926666666666,Home_10,1.1854216718254096,1.1754944246571342,True
34,1.36,88.28078823529412,Home_1,2.1345500048028394,1.510406527528267,True
5,0.2,89.9577,Home_7,0.1346871283290043,0.13362895494613872,True
11,0.44,91.28852727272728,Home_2,0.35886996787258046,0.3545374925166605,True
10,0.4,93.865485,Home_3,0.38698973397013814,0.3701098595011959,True
5,0.2,95.11278,Home_4,0.49069900830972346,0.49009584460592714,True
52,2.08,77.40301153846154,Home_6,4.450114442611345,2.67261121751743,True
15,0.6,57.11734,Home_5,0.8669816749018765,0.8566530744706361,True
17,0.68,72.35457352941177,Home_1,0.6515760648151012,0.6514739890433027,True
11,0.44,47.11665,Home_9,0.7668683202701904,0.7662834201521008,True
46,1.84,79.2578804347826,Home_1,7.055234308513552,6.64540621880257,True
57,2.28,95.78081578947369,Home_2,5.342934752742798,5.034648898225162,True
4,0.16,100.4794875,Home_3,0.20213617677947132,0.201824652607143,True
38,1.52,67.78261184210527,Home_9,6.7600612284850525,6.50932556126209,True
47,1.88,73.55471170212766,Home_8,4.533552908506256,4.511085462735101,True
30,1.2,59.704085,Home_10,2.443443496305065,2.4113414043017602,True
64,2.56,75.449128125,Home_1,6.29087056020137,3.1385835163175138,True
27,1.08,47.13453888888889,Home_9,5.843942958021545,5.81126457860077,True
26,1.04,64.48437692307692,Home_8,2.475009743971793,2.458057516190386,True
24,0.96,59.29205625,Home_9,2.7197749806758367,2.7183694715950613,True
12,0.48,62.211974999999995,Home_7,0.25448183573682837,0.1718172078110924,True
81,3.24,76.97929814814815,Home_7,18.33948155147512,18.206624056271387,True
20,0.8,85.6362675,Home_8,0.8877919451244236,0.7406698568863248,True
18,0.72,87.76366666666667,Home_7,1.992378815854695,1.982726774545611,True
18,0.72,46.62554166666666,Home_10,0.9747841749966769,0.8235772168412699,True
6,0.24,55.241725,Home_6,0.863565407262118,0.8635574705252635,True
36,1.44,70.20072499999999,Home_8,2.0613496741065,1.381691907192057,True
18,0.72,61.87340833333334,Home_10,1.034961555366831,1.0252772690350638,True
15,0.6,64.53062,Home_9,0.1597180252884984,0.14389874912589737,True
94,3.76,75.93292819148935,Home_8,16.950370994016815,11.780303906814115,True
54,2.16,54.01555833333333,Home_9,7.3468606038345765,6.548672771058265,True
4,0.16,45.817800000000005,Home_6,0.44132422689867684,0.44118934993945746,True
13,0.52,48.60878076923076,Home_8,1.2964334111697025,1.2952003802115013,True
27,1.08,90.51412222222223,Home_4,2.6281908237348137,2.289422408294301,True
22,0.88,64.65165,Home_7,1.9684142031698655,1.9281594625186012,True
33,1.32,49.44809545454546,Home_3,5.159732810107374,4.856351511536204,True
65,2.6,48.856774615384616,Home_8,7.9315757725657114,3.946471737653775,True
21,0.84,48.4644,Home_10,3.5923717182399786,3.5463329116708753,True
16,0.64,51.4150875,Home_9,2.1963645562148875,2.159879043279962,True
13,0.52,66.47469230769231,Home_5,1.7534827227823824,1.736120234200366,True
8,0.32,80.91720000000001,Home_7,1.573845384737848,1.5737725251445867,True
98,3.92,50.43263571428571,Home_5,13.004489463757995,12.374399899086015,True
32,1.28,91.0868765625,Home_4,2.2738336131299506,1.0446374686464253,True
24,0.96,56.36421875,Home_9,2.1634410319730453,2.150172562400519,True
10,0.4,65.665215,Home_8,0.5846225913814743,0.5828568442593808,True
7,0.28,72.7017,Home_4,0.6881582542838202,0.6881401046298627,True
14,0.56,49.904774999999994,Home_9,2.484940818844871,2.4797386318924755,True
22,0.88,73.72651363636363,Home_8,2.390236640788385,2.3764980670095297,True
7,0.28,46.298249999999996,Home_10,0.9957170449986154,0.9914696033666379,True
17,0.68,55.804102941176474,Home_8,2.3053976650620935,2.304315524315193,True
13,0.52,64.01349230769232,Home_4,2.9916604086006435,2.990222633584329,True
45,1.8,56.52087,Home_10,5.569969594725284,5.440706467215454,True
6,0.24,65.858625,Home_6,0.35329814730549086,0.35297363088480754,True
38,1.52,49.64753684210527,Home_4,7.3056380366113585,7.302571146171743,True
78,3.12,85.99535,Home_5,18.886637750342835,18.79345731518285,True
7,0.28,101.01915,Home_3,0.6592369800684701,0.6591812388106914,True
27,1.08,69.59594444444444,Home_5,4.937763367007774,4.870475920277216,True
9,0.36,69.42471666666667,Home_6,0.3228557809577823,0.32171420919817184,True
32,1.28,70.91004375,Home_5,2.3778796426588293,2.2997706781546814,True
12,0.48,74.6977875,Home_5,1.164001364190046,1.1561651892787572,True
10,0.4,77.35833,Home_7,0.8134463968208011,0.8090539468416119,True
36,1.44,51.8949375,Home_10,7.879743523592561,7.811780497690653,True
16,0.64,60.996140625,Home_8,2.1291880219672903,2.1184000387320685,True
62,2.48,68.81080161290322,Home_8,7.396112928987699,5.574961284206375,True
44,1.76,75.93017727272728,Home_5,7.387314694502437,7.121466448429007,True
10,0.4,85.14996,Home_7,0.6286071659903808,0.6220932059587198,True
8,0.32,90.14998125,Home_2,0.8001772610331488,0.800070373467235,True
142,5.68,53.776866549295775,Home_9,14.355079890763106,4.486696493869403,True
37,1.48,62.83588783783784,Home_5,5.376916128928159,5.026209649427676,True
30,1.2,48.06305,Home_9,3.816197960354876,3.7490796551820584,True
13,0.52,53.26803461538462,Home_8,1.3057938769948743,1.3057002948992518,True
25,1.0,59.655288,Home_4,3.0669933460888257,2.9263969604276023,True
21,0.84,56.515,Home_8,2.616601096467733,2.6154310606284485,True
41,1.64,55.452830487804874,Home_10,4.019600268973124,4.014888373155602,True
30,1.2,63.117915,Home_12,2.322049116175747,2.2760296262570936,True
25,1.0,88.632222,Home_2,2.4331385006272357,2.4232867639014612,True
16,0.64,81.936946875,Home_12,3.1032508913339436,3.100186725021573,True
5,0.2,87.27494999999999,Home_6,0.37246387905725886,0.3724398630651645,True
7,0.28,93.7191,Home_3,0.6517869270623706,0.6516188975160272,True
57,2.28,60.06954210526316,Home_5,7.683392126889384,7.585932256486338,True
45,1.8,52.68599,Home_10,3.4215749853130313,3.417058841767293,True
14,0.56,48.383925,Home_9,1.3378181282492623,1.3170891456541511,True
16,0.64,63.57605625,Home_6,2.323115994319508,2.315276657334929,True
13,0.52,46.46419615384615,Home_9,2.447808159021171,2.447766717009614,True
10,0.4,53.279624999999996,Home_12,0.9160938985499433,0.9155138205401433,True
34,1.36,59.45600294117647,Home_12,5.844642606044147,5.780376318208017,True
94,3.76,66.98797819148936,Home_8,13.06426166578753,8.961857577584007,True
76,3.04,68.92327105263158,Home_6,6.734303345035068,6.520584019886552,True
17,0.68,70.42875,Home_12,1.5159522410684025,1.5154745007752588,True
31,1.24,70.8286306451613,Home_8,5.867801289391876,5.866583704550721,True
13,0.52,90.79648846153847,Home_4,2.0360044217207127,2.019359932280521,True
4,0.16,94.7874375,Home_3,0.43941307299926696,0.43914043494079974,True
87,3.48,65.3619448275862,Home_12,15.634790329599142,14.645664367327287,True
68,2.72,78.8270205882353,Home_7,5.63057915872064,5.336110740989162,True
75,3.0,73.68135600000001,Home_5,10.28365670928845,10.119525547618318,True
16,0.64,76.150396875,Home_12,1.3871530120215536,1.3678571864416273,True
18,0.72,79.70141666666667,Home_8,2.1671524253714947,2.154854140980298,True
16,0.64,90.77788125000001,Home_4,1.3604056441507177,1.2935381720304822,True
6,0.24,98.10674999999999,Home_3,1.2311865250431167,1.2311545314866035,True
8,0.32,50.3036625,Home_10,1.1191720212731526,1.1187279204525045,True
33,1.32,50.67032727272727,Home_8,6.180093430816664,6.013502809511281,True
55,2.2,61.40106,Home_8,5.3237996592814225,5.241646741587995,True
42,1.68,59.703875000000004,Home_8,4.406734687389014,3.561679444882705,True
90,3.6,68.026,Home_8,5.853909030028493,2.8982553441855226,True
11,0.44,65.19039545454547,Home_10,0.6685515010225381,0.6658480394204044,True
47,1.88,79.8151914893617,Home_5,3.792873476916512,3.264184547004047,True
34,1.36,75.05563676470588,Home_5,1.911235275222391,1.5945062754658383,True
13,0.52,85.17058846153847,Home_5,1.5268003111172426,1.4965387165055266,True
10,0.4,87.27327,Home_7,0.498496115533304,0.49784997830670946,True
13,0.52,92.51170384615385,Home_2,1.3194184145633685,1.319002131347778,True
15,0.6,46.50408,Home_12,2.0467597902019867,2.0088189235468703,True
9,0.36,88.76408333333333,Home_2,1.8136729946828978,1.8133616990550967,True
4,0.16,92.98852500000001,Home_3,0.8429364350972351,0.842902330996908,True
15,0.6,75.26064,Home_10,0.11326153712022136,0.10320290887371371,True
14,0.56,85.83105,Home_8,0.3956656888592408,0.3812950170143752,True
13,0.52,92.46825,Home_3,0.3659038348322708,0.3339681445886652,True
17,0.68,99.84295588235294,Home_2,0.974933661874636,0.9716888803006735,True
39,1.56,59.49116923076923,Home_9,8.831539897534714,8.82913786165444,True
28,1.12,59.096962500000004,Home_10,5.357258011668438,5.353866673806894,True
12,0.48,69.3903,Home_6,0.8820812037460654,0.8817337729722998,True
9,0.36,76.846,Home_12,1.0378315186892813,1.0366577697581705,True
16,0.64,65.2430625,Home_5,2.6134531496907014,2.610295575294107,True
24,0.96,73.1073,Home_12,4.857068014374683,4.847581911437916,True
9,0.36,81.83805000000001,Home_10,0.10535489304767129,0.1036254196614131,True
4,0.16,86.73315,Home_5,0.025199079598975008,0.02512379151322102,True
11,0.44,97.71300000000001,Home_9,1.1089483655126107,1.1074735739059434,True
55,2.2,73.47392181818182,Home_2,15.222520633683011,15.16278571379614,True
115,4.6,61.209037826086956,Home_6,20.416407357586458,15.3469234467368,True
70,2.8,93.578715,Home_7,7.690922231055391,6.870683425220527,True
6,0.24,100.23020000000001,Home_2,0.2854882546023507,0.2852535216259442,True
5,0.2,102.43673999999999,Home_3,0.31348602484170224,0.31346347171560657,True
44,1.76,54.64834772727273,Home_9,8.245752539550738,8.128402904605561,True
51,2.04,86.30709705882353,Home_5,5.132636114892427,3.971858152754204,True
21,0.84,76.4007,Home_6,2.887719548853369,2.872173522769817,True
17,0.68,68.61756176470588,Home_5,1.6855565009169824,1.6815630325384685,True
13,0.52,77.34429230769231,Home_8,0.8969094636749765,0.8948855440222478,True
27,1.08,84.43298888888889,Home_12,1.5901951101055671,1.5348236965853785,True
37,1.48,98.4770027027027,Home_4,4.666759627424791,4.550579237679526,True
14,0.56,49.4745,Home_10,2.587035471609469,2.5857749647639445,True
29,1.16,59.43246206896552,Home_7,2.053375118390563,1.1920695959548657,True
24,0.96,72.08381250000001,Home_12,2.7007526219103952,2.6983948109199996,True
13,0.52,58.32410769230769,Home_14,2.4250134611152037,2.411653490222007,True
25,1.0,66.508596,Home_14,4.637279878397124,4.630435232243304,True
14,0.56,94.04115,Home_5,0.6019291829751624,0.5682065012827662,True
16,0.64,90.722953125,Home_12,1.1144863145812913,1.1115144848358987,True
4,0.16,95.073825,Home_5,0.2062662171898148,0.20609577603627874,True
7,0.28,100.13445,Home_2,0.35282995257816824,0.3527421495937285,True
168,6.72,80.6568875,Home_14,19.120722815555265,13.845601773881107,True
37,1.48,84.95164054054054,Home_5,2.500844207985655,2.4186921388428098,True
6,0.24,87.3719,Home_2,0.5991453214548561,0.599048355393796,True
48,1.92,77.93025625,Home_12,7.903058515658875,7.624461733788155,True
23,0.92,86.18313260869564,Home_3,2.92483374492688,2.920019797467128,True
42,1.68,49.909974999999996,Home_9,6.4139569941718975,6.39505274430946,True
20,0.8,51.9629775,Home_9,2.703480922654323,2.700793954099425,True
27,1.08,60.305544444444436,Home_9,6.169735289847155,6.166481203093065,True
15,0.6,69.91628,Home_12,2.4860143219358912,2.4750535873188593,True
39,1.56,82.40133461538461,Home_4,10.1885518591702,10.10580425957776,True
9,0.36,86.6229,Home_3,1.070130939960074,1.070126918827872,True
10,0.4,70.092435,Home_12,1.2062140638365069,1.2052441233625772,True
19,0.76,73.61721315789474,Home_14,3.276401528873813,3.274394063029051,True
96,3.84,88.9080390625,Home_14,11.037997024671945,8.170563387698552,True
14,0.56,89.37839999999998,Home_5,1.1748816471108445,1.1664533657201919,True
23,0.92,85.89945,Home_12,2.535979342695167,2.507916931818129,True
26,1.04,79.08745384615385,Home_12,3.343441536193314,3.2872174884087046,True
11,0.44,91.84626818181817,Home_8,1.5553284854267402,1.5536432259692092,True
5,0.2,95.47314,Home_4,0.4389150766264805,0.438770899787106,True
8,0.32,98.4167625,Home_3,0.7662147781841881,0.7658806173288315,True
3,0.12,100.90745,Home_2,0.26164988344519424,0.26164889164681265,True
132,5.28,90.24355454545454,Home_7,19.27387769544779,10.215016347025582,True
43,1.72,74.67363139534883,Home_12,2.606261802273711,2.3934622579225997,True
60,2.4,84.024815,Home_4,9.69166914010549,8.899497738636724,True
8,0.32,80.9200875,Home_5,0.7641283072691435,0.7624362596309254,True
10,0.4,91.51568999999999,Home_3,0.3870974194053561,0.3868526044891059,True
35,1.4,67.68195,Home_4,8.070371024683041,8.040742120700067,True
12,0.48,81.404925,Home_12,0.41636628021878147,0.3513790843234752,True
10,0.4,86.331525,Home_14,1.325062189727585,1.3241064280865096,True
7,0.28,89.82119999999999,Home_7,1.2380957629078893,1.2379748107695892,True
45,1.8,51.07398333333334,Home_9,12.190746230326232,12.158366603985092,True
49,1.96,61.99365,Home_4,3.6902256181515227,1.0842335054774854,True
65,2.6,73.47767538461538,Home_4,15.443214843170912,15.359959141120795,True
7,0.28,78.261,Home_5,0.3422201451838017,0.3409852102364534,True
3,0.12,80.948,Home_12,0.30645692791457535,0.3063923138722547,True
36,1.44,76.44390833333334,Home_14,5.847293603473904,5.846089849540468,True
23,0.92,78.17323043478261,Home_12,2.6487325793062917,2.6397299098392666,True
6,0.24,83.77985,Home_5,0.4856274740789962,0.48552852037753225,True
22,0.88,91.2593659090909,Home_3,4.002673782796464,3.9803643526818093,True
71,2.84,57.213109859154926,Home_14,14.544138283909449,14.225545187288954,True
36,1.44,68.50987500000001,Home_9,5.0314500911227915,5.015054739172848,True
151,6.04,89.91136092715232,Home_14,11.626986049608606,6.295279453757404,True
69,2.76,82.91206304347826,Home_9,4.389866115099358,2.974366322580319,True
2,0.08,89.2983,Home_12,0.05272658627295571,0.05272658627295571,True
2,0.08,99.097425,Home_2,0.12526286321172955,0.12526286321172955,True
92,3.68,73.42962717391305,Home_14,9.485792848444728,7.5609284958991685,True
56,2.24,64.887,Home_8,9.169842181231171,7.96306204682596,True
37,1.48,69.06250135135136,Home_9,3.6086212688546113,3.5912208498503673,True
