spread,nn_mean,nn_min,n_in_disc,n_near,zone_control,ball_d_zone,ball_in_disc,carried,in_flight,carrier_clear,n_offside,max_offside,mean_speed,slow_frac,pass_started,pass_len,tick,seed,policy
18.401755133796684,8.756446658555944,5.089821097839119,0,0,0.0001790691021597013,53.12782721100783,0,1,0,24.6460181447607,0,-15.084259033203125,0.6999999956300673,1.0,0,nan,1,10000,c_lagr_075_040/final
18.39445443442303,8.74177278517228,5.059821824564816,0,0,0.00022265022562351078,53.15281861922614,0,1,0,24.713220502250287,0,-14.9324951171875,0.6600286354969536,1.0,0,nan,2,10000,c_lagr_075_040/final
18.36096910899088,8.75086327303428,5.034337643184467,0,0,0.00026730578974820673,53.1432525312322,0,1,0,24.767102259687938,0,-14.729042053222656,0.6716403414615086,1.0,0,nan,3,10000,c_lagr_075_040/final
18.30225883047622,8.764492136387897,5.018294196937995,0,0,0.00035031407605856657,53.09520314951744,0,1,0,24.803094274541728,0,-14.473823547363281,1.0500101495238767,1.0,0,nan,4,10000,c_lagr_075_040/final
18.229756935018962,8.774597335975075,5.02220155118018,0,0,0.00033231591805815697,52.99034760285979,0,1,0,24.806109161757973,0,-14.157501220703125,1.1613815988304046,1.0,0,nan,5,10000,c_lagr_075_040/final
18.14322070722978,8.806042286555137,5.017713824556882,0,0,0.0004376698052510619,52.832010854163215,0,1,0,24.78421109486043,0,-13.771766662597656,1.52242408251997,0.8,0,nan,6,10000,c_lagr_075_040/final
18.056031294232163,8.830048371552355,5.0131442619092565,0,0,0.00047883353545330465,52.61075835871851,0,1,0,24.742478761187474,0,-13.308242797851562,1.2643578532607496,0.8,0,nan,7,10000,c_lagr_075_040/final
17.975284228028194,8.808581813516444,5.029585617813513,0,0,0.0003789995389524847,52.32405543584569,0,1,0,24.672894146426504,0,-12.797958374023438,1.4952995010982886,0.7,0,nan,8,10000,c_lagr_075_040/final
17.898133401353753,8.76478695692062,5.010537458312813,0,0,0.00045802941895090044,52.0363361565252,0,1,0,24.627768451978408,0,-12.267929077148438,1.6666511312586878,0.6,0,nan,9,10000,c_lagr_075_040/final
17.841542795953735,8.742255204310968,4.992931652406,0,0,0.00040929089300334454,51.78373957716838,0,1,0,24.629882653650483,0,-11.76361083984375,1.3458638229565993,0.8,0,nan,10,10000,c_lagr_075_040/final
17.791826178957184,8.71770067354227,4.914994925715574,0,0,0.0005441434332169592,51.54282862340486,0,1,0,24.662412908066038,0,-11.242424011230469,1.122991543566061,0.8,0,nan,11,10000,c_lagr_075_040/final
17.72358877472085,8.667473142580391,4.771922088878604,0,0,0.0008112113573588431,51.27652891828656,0,1,0,24.702412330901492,0,-10.699630737304688,1.3496524840967974,0.7,0,nan,12,10000,c_lagr_075_040/final
17.639370617037606,8.611716702644783,4.640899652236115,0,0,0.002584887435659766,50.97257250297861,0,1,0,24.720312603719496,0,-10.15606689453125,1.6976810027213358,0.6,0,nan,13,10000,c_lagr_075_040/final
17.572508402690787,8.58207138555828,4.584396587817647,0,0,0.004668576642870903,50.692187561072295,0,1,0,24.78501134225202,0,-9.608657836914062,1.7445999731791517,0.8,0,nan,14,10000,c_lagr_075_040/final
17.52468287914737,8.58289003783998,4.656946638639772,0,0,0.004590502940118313,50.41671758820175,0,1,0,24.873918052713137,0,-9.110099792480469,1.703879513443323,0.6,0,nan,15,10000,c_lagr_075_040/final
17.486051087775998,8.586185119818836,4.793065521749888,0,0,0.004598238971084356,50.11990605010034,0,1,0,24.929057313424472,0,-8.709182739257812,1.3751685658459796,0.8,0,nan,16,10000,c_lagr_075_040/final
17.45773331464383,8.579399733174933,4.928832440580024,0,0,0.003385246731340885,49.847872503950065,0,1,0,24.996291577562673,0,-8.836372375488281,1.3843584555316584,0.8,0,nan,17,10000,c_lagr_075_040/final
17.434077952046046,8.576050969038343,5.070462712067274,0,0,0.0034511310514062643,49.6155681696207,0,1,0,24.574080199236082,0,-8.962448120117188,1.6697632527750834,0.7,0,nan,18,10000,c_lagr_075_040/final
17.420145348873238,8.581440297771062,5.180614007302748,0,0,0.0038572901394218206,49.41724416050093,0,1,0,23.871336992932033,0,-8.964080810546875,1.7115457249379769,0.6,0,nan,19,10000,c_lagr_075_040/final
17.423608750896317,8.592626139072896,5.304472365092481,0,0,0.0044189877808094025,49.20603763211099,0,1,0,23.18910792835384,0,-8.890266418457031,1.7414133612210487,0.5,0,nan,20,10000,c_lagr_075_040/final
17.430071615903355,8.595773180050111,5.429895516193797,0,0,0.005009667482227087,48.92813314231635,0,1,0,22.46832175366385,0,-8.803733825683594,1.8182463462822978,0.6,0,nan,21,10000,c_lagr_075_040/final
17.411404397637373,8.5888508450552,5.516798127110681,0,0,0.005042687524110079,48.58040792674417,0,1,0,21.69801669831187,0,-8.7113037109375,1.6195987360322028,0.7,0,nan,22,10000,c_lagr_075_040/final
17.36995422281813,8.588534951299588,5.60388428946426,0,0,0.005379766225814819,48.18913148576614,0,1,0,20.897136907561187,0,-8.580490112304688,1.8783533290319379,0.5,0,nan,23,10000,c_lagr_075_040/final
17.32933624343284,8.59513087996975,5.7172121705736485,0,0,0.006916107144206762,47.82381531762919,0,1,0,20.120396780083485,0,-8.429969787597656,1.8572571780035005,0.5,0,nan,24,10000,c_lagr_075_040/final
17.303876405066024,8.620543094948673,5.634810513759856,0,0,0.011358355171978474,47.52330372619061,0,1,0,19.40848036316213,0,-8.287139892578125,1.878865713931709,0.4,0,nan,25,10000,c_lagr_075_040/final
17.282058854422846,8.655992985004062,5.568353972285385,0,0,0.017104679718613625,47.2200747755547,0,1,0,18.699641415733435,0,-8.201492309570312,2.223006150600118,0.4,0,nan,26,10000,c_lagr_075_040/final
17.266739093149255,8.690140834211599,5.491461636896365,0,0,0.01993054337799549,46.91316842709998,0,1,0,17.97176016085351,0,-8.226181030273438,2.1245212658368766,0.4,0,nan,27,10000,c_lagr_075_040/final
17.258022642318004,8.729828478585514,5.442052085264519,0,0,0.020534949377179146,46.64015523302736,0,1,0,17.31644854318288,0,-8.320327758789062,1.9235529263473903,0.5,0,nan,28,10000,c_lagr_075_040/final
17.24356487505949,8.740029408036264,5.463258146862151,0,0,0.02282063663005829,46.39205600401053,0,1,0,16.788082685691386,0,-8.389701843261719,1.7680344280355265,0.5,0,nan,29,10000,c_lagr_075_040/final
17.219789877976304,8.758261695691976,5.5320311060207645,0,0,0.028044501319527626,46.170596673462065,0,1,0,16.340550116937226,0,-8.44415283203125,1.846059809335166,0.5,0,nan,30,10000,c_lagr_075_040/final
17.195338971232548,8.77599511164348,5.615313946927309,0,0,0.028051823377609253,45.98430439177504,0,1,0,15.97306036150883,0,-8.489860534667969,1.672535517077981,0.7,0,nan,31,10000,c_lagr_075_040/final
17.17110882005287,8.810754320135738,5.694390677028699,0,0,0.033249154686927795,45.80537971663982,0,1,0,15.707327293808946,0,-8.483924865722656,1.5942730294632468,0.5,0,nan,32,10000,c_lagr_075_040/final
17.146799597078484,8.872627721140638,5.7799067103106,0,0,0.03729117289185524,45.607801854026235,0,1,0,15.488561546832834,0,-8.396583557128906,1.7400148040195798,0.6,0,nan,33,10000,c_lagr_075_040/final
17.124139997629857,8.936311739978306,5.812467204362608,0,0,0.04448617622256279,45.37972905592241,0,1,0,15.282371199832674,0,-8.313629150390625,1.6256153408939973,0.6,0,nan,34,10000,c_lagr_075_040/final
17.103446370802764,8.99313102963243,5.841683406009504,0,0,0.04805921018123627,45.153125122659745,0,1,0,15.139160402624034,0,-8.324539184570312,1.4921235104792376,0.6,0,nan,35,10000,c_lagr_075_040/final
17.08394416200048,9.037892746469582,5.8692372168568925,0,0,0.06080184504389763,44.92826071556045,0,1,0,15.05916479416405,0,-8.377113342285156,1.686811619531643,0.4,0,nan,36,10000,c_lagr_075_040/final
17.054741582930316,9.050778029468557,5.870276538704533,0,0,0.06295790523290634,44.6730129801017,0,1,0,14.992582126293238,0,-8.396713256835938,1.9973104175456533,0.5,0,nan,37,10000,c_lagr_075_040/final
17.01565508165238,9.063159468889022,5.895456000728216,0,0,0.05738714337348938,44.39912166507589,0,1,0,14.976472107276475,0,-8.348533630371094,1.992931399146886,0.4,0,nan,38,10000,c_lagr_075_040/final
16.954962948355522,9.071830623069184,5.9299406543970585,0,0,0.05398733913898468,44.10357730547814,0,1,0,15.017098859679763,0,-8.279792785644531,1.9387879107078867,0.6,0,nan,39,10000,c_lagr_075_040/final
16.888985443951025,9.071271300040328,5.988694139765186,0,0,0.05893895402550697,43.83621589552045,0,1,0,15.08669674905226,0,-8.161705017089844,1.8532947665345574,0.6,0,nan,40,10000,c_lagr_075_040/final
16.823381811335814,9.042173245871346,6.065599475864087,0,0,0.05432939901947975,43.63206081207129,0,1,0,15.161486080889718,0,-8.027069091796875,1.5437223356289063,0.7,0,nan,41,10000,c_lagr_075_040/final
16.756073121286477,8.993393305590828,6.165716895693889,0,0,0.0758335068821907,43.49744969892003,0,1,0,15.221385190181797,0,-7.9656982421875,1.563037522939308,0.7,0,nan,42,10000,c_lagr_075_040/final
16.702104920289095,8.951004973233442,6.27279478093243,0,0,0.08592826128005981,43.43255034420147,0,1,0,15.259933366407928,0,-7.9500274658203125,1.5366284113922772,0.7,0,nan,43,10000,c_lagr_075_040/final
16.659479665846014,8.93233480555879,6.324456677497511,0,0,0.10713010281324387,43.41755874738288,0,1,0,15.272548988058112,0,-7.986030578613281,1.7023279390425987,0.5,0,nan,44,10000,c_lagr_075_040/final
16.624773965027053,8.937830261982594,6.365793190783197,0,0,0.12346915155649185,43.43784703901896,0,1,0,15.307411049095572,0,-8.125877380371094,1.7196535528393355,0.6,0,nan,45,10000,c_lagr_075_040/final
16.597880049189975,8.965149096893887,6.376740884261116,0,0,0.1305130571126938,43.446119985157615,0,1,0,15.366246989689804,0,-8.259864807128906,1.9255479550188261,0.6,0,nan,46,10000,c_lagr_075_040/final
16.584931310648976,9.009062237622036,6.404386978188979,0,0,0.13248123228549957,43.44762853596079,0,1,0,15.449237612057084,0,-8.319038391113281,1.4867570579994474,0.7,0,nan,47,10000,c_lagr_075_040/final
16.583206672448746,9.053909184228203,6.439360893405959,0,0,0.13055603206157684,43.45747981749471,0,1,0,15.532874610302509,0,-8.310783386230469,1.55794686988674,0.8,0,nan,48,10000,c_lagr_075_040/final
16.598310215858245,9.089492800809076,6.4267530997598055,0,0,0.1330864578485489,43.436558283302595,0,1,0,15.54889470258225,0,-8.225677490234375,1.5184397738898798,0.7,0,nan,49,10000,c_lagr_075_040/final
16.61147121447207,9.125913531992328,6.41185885885841,0,0,0.1390756219625473,43.368331785408834,0,1,0,15.502979946570358,0,-8.119613647460938,1.6998732577713174,0.7,0,nan,50,10000,c_lagr_075_040/final
16.612128910987682,9.169085300895812,6.39320621106102,0,0,0.1358763724565506,43.30105565606206,0,1,0,15.453965343645555,0,-8.045883178710938,1.5849818385975103,0.8,0,nan,51,10000,c_lagr_075_040/final
16.605493495025932,9.211175409861363,6.2939832266518,0,0,0.13740043342113495,43.23402582579025,0,1,0,15.403898938698354,0,-8.005096435546875,1.6816356509646173,0.6,0,nan,52,10000,c_lagr_075_040/final
16.588503980923708,9.254158970689513,6.112595822677421,0,0,0.14005257189273834,43.16704792883595,0,1,0,15.353760802102416,0,-8.000022888183594,1.8273434220112759,0.5,0,nan,53,10000,c_lagr_075_040/final
16.5745923630081,9.29370007289827,5.941276947613269,0,0,0.1515437513589859,43.13188241709926,0,1,0,15.355087411582165,0,-8.030250549316406,1.9517978414009707,0.5,0,nan,54,10000,c_lagr_075_040/final
16.569116845376794,9.332040429529778,5.816979219495338,0,0,0.17353951930999756,43.10204183185087,0,1,0,15.360546120730874,0,-8.129730224609375,1.706337058997515,0.7,0,nan,55,10000,c_lagr_075_040/final
16.570793487230155,9.344212947561932,5.714847671969257,0,0,0.1806984692811966,43.052708163862874,0,1,0,15.3441553201948,0,-8.317962646484375,1.5819351754233948,0.6,0,nan,56,10000,c_lagr_075_040/final
16.57050430790406,9.31458509673126,5.579456632274107,1,0,0.17764770984649658,42.94985151688016,0,1,0,15.292994138550041,0,-8.510986328125,1.539824143540574,0.9,0,nan,57,10000,c_lagr_075_040/final
16.557352450017053,9.250701356017235,5.3431792798332784,1,0,0.1615557074546814,42.80978073648148,0,1,0,15.174906733996659,0,-8.629364013671875,1.8151854478602725,0.7,0,nan,58,10000,c_lagr_075_040/final
16.528983846310375,9.187718363683922,5.073663931818259,1,0,0.16812507808208466,42.66803001140363,0,1,0,15.056661384395204,0,-8.659812927246094,1.725772192880175,0.8,0,nan,59,10000,c_lagr_075_040/final
16.500681771389637,9.132949541243581,4.85950698786643,1,0,0.18334539234638214,42.52947771362844,0,1,0,14.940278677516563,0,-8.612091064453125,1.6953347182462637,0.8,0,nan,60,10000,c_lagr_075_040/final
16.48058176069979,9.078953102951093,4.71222010687498,1,0,0.20157837867736816,42.4186386946391,0,1,0,14.806739125158161,0,-8.548332214355469,1.4855491055799033,0.9,0,nan,61,10000,c_lagr_075_040/final
16.460514752640723,9.024149856240948,4.597314422189957,1,0,0.20401592552661896,42.30698428060553,0,1,0,14.668010770113284,0,-8.489540100097656,1.4406022036929622,0.8,0,nan,62,10000,c_lagr_075_040/final
16.440989372927152,8.968664232917023,4.530801487446134,1,0,0.2264546900987625,42.184247150475855,0,1,0,14.545504792372032,0,-8.40203857421875,1.4761530256176876,0.7,0,nan,63,10000,c_lagr_075_040/final
16.429371288505614,8.91575609140757,4.453570209528545,1,0,0.22974681854248047,42.108815621465496,0,1,0,14.492883005117465,0,-8.372489929199219,1.4685978106969904,0.8,0,nan,64,10000,c_lagr_075_040/final
16.40631642114014,8.864471326587399,4.325045244410213,1,0,0.229749396443367,42.024832572960484,0,1,0,14.445127486265765,0,-8.422737121582031,1.5619583573396394,0.8,0,nan,65,10000,c_lagr_075_040/final
16.374173868814815,8.820563359701296,4.228060922282904,1,0,0.22005893290042877,41.93494791819521,0,1,0,14.401810432561996,0,-8.5467529296875,1.587541536432812,0.7,0,nan,66,10000,c_lagr_075_040/final
16.344400692600292,8.774083389335917,4.131647413974469,1,0,0.22032631933689117,41.83785519363733,0,1,0,14.365269195764903,0,-8.686607360839844,1.5919718943822674,0.7,0,nan,67,10000,c_lagr_075_040/final
16.313790006475244,8.746252701478065,4.072145450064376,1,0,0.22136712074279785,41.71701425442069,0,1,0,14.334831997652962,0,-8.728034973144531,1.6310130491800945,0.8,0,nan,68,10000,c_lagr_075_040/final
16.284233653834477,8.772181547325902,4.103262131100423,1,0,0.24331898987293243,41.618067874774844,0,1,0,14.318574555358653,0,-8.651542663574219,1.5405800997120047,0.6,0,nan,69,10000,c_lagr_075_040/final
16.27114379927491,8.839987772448769,4.180746638009489,1,0,0.274985671043396,41.56608353519227,0,1,0,14.305029258854857,0,-8.458419799804688,1.5766247170283243,0.7,0,nan,70,10000,c_lagr_075_040/final
16.2768484615151,8.903312892800885,4.2667693308809,1,0,0.28340697288513184,41.52013439972479,0,1,0,14.313817772987328,0,-8.230384826660156,1.7502583039912722,0.5,0,nan,71,10000,c_lagr_075_040/final
16.288383168551853,8.941958976985116,4.3206825352456795,1,0,0.2922213077545166,41.46323371880022,0,1,0,14.358049664419003,0,-8.0355224609375,1.697188902295995,0.7,0,nan,72,10000,c_lagr_075_040/final
16.291420734348968,8.970707225369264,4.316643416591068,1,0,0.3038722276687622,41.391959069700206,0,1,0,14.430619175959023,0,-7.921661376953125,1.7132273860786669,0.6,0,nan,73,10000,c_lagr_075_040/final
16.272263309326956,8.971481310073242,4.279757993494567,1,0,0.3162776231765747,41.26012644774855,0,1,0,14.464958170117201,0,-7.918128967285156,1.7912987650932557,0.7,0,nan,74,10000,c_lagr_075_040/final
16.244923966415246,8.959485293120045,4.285338072997937,1,0,0.3204825818538666,41.07148467648025,0,1,0,14.43673194834829,0,-7.965187072753906,1.5723635686160342,0.6,0,nan,75,10000,c_lagr_075_040/final
16.21153653862796,8.953338859848404,4.30523550458545,1,0,0.3160480260848999,40.88776550454787,0,1,0,14.387878289629668,0,-8.053939819335938,1.6371154850724863,0.9,0,nan,76,10000,c_lagr_075_040/final
16.1758936051606,8.956730392199807,4.27562947669608,1,0,0.3090275824069977,40.75469829619767,0,1,0,14.332664074984745,0,-8.141006469726562,1.738048400380962,0.6,0,nan,77,10000,c_lagr_075_040/final
16.137108649122222,8.950706936723774,4.164271082586245,1,0,0.29172101616859436,40.61969558447111,0,1,0,14.276482915851284,0,-8.1851806640625,1.910040149151111,0.6,0,nan,78,10000,c_lagr_075_040/final
16.107746298988186,8.947905819723758,3.985885836745139,1,0,0.31191107630729675,40.496000831322725,0,1,0,14.237488608686808,0,-8.165390014648438,1.8159667611199197,0.5,0,nan,79,10000,c_lagr_075_040/final
16.09672050959344,8.95754197731446,3.7871353665955163,2,0,0.3303918242454529,40.432749013579006,0,1,0,14.199366704045715,0,-8.075050354003906,1.9493815591423527,0.5,0,nan,80,10000,c_lagr_075_040/final
16.079832830723625,8.950780220278258,3.596729046450603,2,0,0.34115180373191833,40.36465127158018,0,1,0,14.14054073046469,0,-8.003890991210938,1.7842786222852154,0.6,0,nan,81,10000,c_lagr_075_040/final
16.060727017589365,8.924721187099701,3.4587427267124307,2,0,0.3743620812892914,40.24247863551601,0,1,0,14.077495618681358,0,-7.958351135253906,1.6849964421467867,0.8,0,nan,82,10000,c_lagr_075_040/final
16.038367828730916,8.88905380997487,3.359079346276047,3,0,0.3758263885974884,40.08185801427642,0,1,0,14.047602913710683,0,-7.976127624511719,1.7242367023913243,0.9,0,nan,83,10000,c_lagr_075_040/final
16.008374078368256,8.844103571151265,3.291668559058825,3,0,0.3771090507507324,39.87865503006526,0,1,0,14.002387112128455,0,-8.124855041503906,1.3972516296458106,0.7,0,nan,84,10000,c_lagr_075_040/final
15.990153943499966,8.807718209419704,3.242560051974789,3,0,0.36625874042510986,39.67525839435451,0,1,0,13.947974647159706,0,-8.364425659179688,1.2621804630339928,1.0,0,nan,85,10000,c_lagr_075_040/final
15.973905047414107,8.786079664972682,3.203586412117941,3,0,0.35793814063072205,39.46091235098513,0,1,0,13.928933146578533,0,-8.568328857421875,1.246562514160725,0.8,0,nan,86,10000,c_lagr_075_040/final
15.955495670765611,8.7678812612499,3.1860134445561434,3,0,0.3359542191028595,39.21326324486547,0,1,0,13.858882260721302,0,-8.659584045410156,1.1848263250231088,0.8,0,nan,87,10000,c_lagr_075_040/final
15.942723546693887,8.716605912918952,3.1399740278057227,3,0,0.33720478415489197,38.93303578572132,0,1,0,13.686289583361583,0,-8.641456604003906,1.6097892425233886,0.8,0,nan,88,10000,c_lagr_075_040/final
15.934531660645069,8.64499870866468,3.105758116890749,3,0,0.35792145133018494,38.62789427560401,0,1,0,13.533897740923942,0,-8.50689697265625,1.6554466215131622,0.7,0,nan,89,10000,c_lagr_075_040/final
15.930497822676617,8.593124943459209,3.147225756518613,3,0,0.37462475895881653,38.34958292263414,0,1,0,13.455108380402455,0,-8.329483032226562,1.6798992393353227,0.7,0,nan,90,10000,c_lagr_075_040/final
15.921683714526708,8.535001768003443,3.160298653855702,3,0,0.3726958930492401,38.07141958317526,0,1,0,13.446970241193329,0,-8.199142456054688,1.529200561861988,0.7,0,nan,91,10000,c_lagr_075_040/final
15.899997461630061,8.47403053443863,3.1403062122595733,3,0,0.36923250555992126,37.775101517914315,0,1,0,13.462578372203643,0,-8.105171203613281,1.4385007665551437,0.8,0,nan,92,10000,c_lagr_075_040/final
15.87354012001731,8.424649009389483,3.1412305516772565,3,0,0.3800338804721832,37.48697350089906,0,1,0,13.44925985027308,0,-8.051803588867188,1.4162338481823653,0.8,0,nan,93,10000,c_lagr_075_040/final
15.840766789998389,8.376109750182616,3.0878772808546673,3,0,0.38516905903816223,37.198850064878094,0,1,0,13.373468669435887,0,-8.090667724609375,1.470081327369885,0.8,0,nan,94,10000,c_lagr_075_040/final
15.792623305870316,8.301779783149865,2.9735582825745395,3,2,0.39638981223106384,36.9026242679108,0,1,0,13.234663286589438,0,-8.193107604980469,1.7302889728276536,0.8,0,nan,95,10000,c_lagr_075_040/final
15.75253709588996,8.215265033987496,2.889117998979028,3,2,0.3974977433681488,36.60645994180153,0,1,0,13.101257965142738,0,-8.331466674804688,1.5738594277285958,0.7,0,nan,96,10000,c_lagr_075_040/final
15.723883437503648,8.146197178439028,2.844775094283701,3,2,0.3924473822116852,36.31837655901834,0,1,0,13.041249658750719,0,-8.495567321777344,1.3350709029677421,0.8,0,nan,97,10000,c_lagr_075_040/final
15.6857753593798,8.09346936907423,2.82603874911328,3,2,0.38728201389312744,36.030717675455705,0,1,0,13.11791709606285,0,-8.598228454589844,1.4827614890356933,0.7,0,nan,98,10000,c_lagr_075_040/final
15.628348521944421,8.047687367412964,2.810399407303629,3,2,0.3832995593547821,35.73528922856032,0,1,0,13.261607331643177,0,-8.643630981445312,1.652244041410185,0.8,0,nan,99,10000,c_lagr_075_040/final
15.577581820352014,8.01355519667753,2.8421664862655063,3,2,0.38741645216941833,35.462995923480406,0,1,0,13.405675333806037,0,-8.669219970703125,1.6575040857227947,0.7,0,nan,100,10000,c_lagr_075_040/final
15.54134810516853,7.993823233103096,2.9115537249508012,3,2,0.3900461494922638,35.21636417042804,0,1,0,13.553914373754488,0,-8.658210754394531,1.4942039572436907,0.7,0,nan,101,10000,c_lagr_075_040/final
15.497673700741823,7.974099426865925,2.9544980097200813,3,2,0.40466347336769104,34.96288954444047,0,1,0,13.64219980474249,0,-8.63214111328125,1.5958318235352391,0.7,0,nan,102,10000,c_lagr_075_040/final
15.45431843933695,7.965849189480005,3.024082142156255,3,0,0.41262876987457275,34.72483986610325,0,1,0,13.69782641869207,0,-8.578971862792969,1.3567972892449416,0.6,0,nan,103,10000,c_lagr_075_040/final
15.417003509779084,7.975480745277224,2.9665729078837444,3,2,0.4079879820346832,34.529908809851456,0,1,0,13.75992062039619,0,-8.466545104980469,1.5097496172854832,0.7,0,nan,104,10000,c_lagr_075_040/final
15.383666396102836,8.021643533010138,2.8992539335250376,3,2,0.4103889465332031,34.38762647952183,0,1,0,13.81024337667821,0,-8.336181640625,1.4508002347826405,0.6,0,nan,105,10000,c_lagr_075_040/final
15.346402229538347,8.062776832599791,2.844045920108998,3,2,0.4162074625492096,34.248168996198274,0,1,0,13.854570453385104,0,-8.252227783203125,1.4376951862511673,0.9,0,nan,106,10000,c_lagr_075_040/final
15.309313416568179,8.070998723416533,2.7696266195543,3,2,0.41545867919921875,34.11065950350646,0,0,1,nan,0,-8.205604553222656,1.4177557612895466,0.7,1,30.19446352652864,107,10000,c_lagr_075_040/final
15.273172910536625,8.06386944112659,2.7139794498964576,3,2,0.4109295904636383,32.63072030566748,0,0,1,nan,0,-8.177459716796875,1.4169884953198388,0.7,0,nan,108,10000,c_lagr_075_040/final
15.226127858567958,8.070608036617983,2.7135495837109405,3,2,0.41471198201179504,31.152027453551767,0,0,1,nan,0,-8.139686584472656,1.5476279472571421,0.6,0,nan,109,10000,c_lagr_075_040/final
15.170472636080188,8.10192462269653,2.709024097769291,3,2,0.4150902330875397,29.67476726386552,0,0,1,nan,0,-8.124397277832031,1.6046868974560944,0.6,0,nan,110,10000,c_lagr_075_040/final
15.119713680909058,8.140551216550296,2.7053234146211427,3,2,0.4174923896789551,28.1991648947256,0,0,1,nan,0,-8.150215148925781,1.5447311350764816,0.7,0,nan,111,10000,c_lagr_075_040/final
15.072539128274306,8.15190393546106,2.675584242663862,3,2,0.4249539375305176,26.725494948697644,0,0,1,nan,0,-8.207534790039062,1.6407681335314368,0.7,0,nan,112,10000,c_lagr_075_040/final
15.009617982253141,8.136694622006669,2.5987801744249333,3,2,0.4220663011074066,25.25409572016786,0,0,1,nan,0,-8.327369689941406,1.8261201323212977,0.7,0,nan,113,10000,c_lagr_075_040/final
14.938610663924305,8.108226330652675,2.5264544297407485,3,2,0.41056856513023376,23.78538862267204,0,0,1,nan,0,-8.411003112792969,1.6236211238259486,0.7,0,nan,114,10000,c_lagr_075_040/final
14.866916786871252,8.08504521659817,2.5082689712114186,3,2,0.39419737458229065,22.319905109952217,0,0,1,nan,0,-8.398765563964844,1.6762201996058692,0.7,0,nan,115,10000,c_lagr_075_040/final
14.792779552581342,8.054572234405324,2.4956057256528865,3,2,0.40545979142189026,20.858324649899476,0,0,1,nan,0,-8.326072692871094,1.7970254303527067,0.6,0,nan,116,10000,c_lagr_075_040/final
14.716288686838118,7.997210727768467,2.422564139133754,3,2,0.39838218688964844,19.401529351613906,0,0,1,nan,0,-8.241302490234375,1.8954317680713626,0.6,0,nan,117,10000,c_lagr_075_040/final
14.649537099137182,7.922452520649999,2.348486785010166,3,2,0.39708319306373596,17.95068523807521,0,0,1,nan,0,-8.050758361816406,1.6548511213760153,0.8,0,nan,118,10000,c_lagr_075_040/final
14.591594211113357,7.861302847662936,2.2715532209858256,3,2,0.3835911750793457,16.507360260742555,0,0,1,nan,0,-7.8322296142578125,1.516379708242976,0.7,0,nan,119,10000,c_lagr_075_040/final
14.535751849867987,7.8111855207564584,2.157274206662678,3,2,0.3797864615917206,15.073714471423754,0,0,1,nan,0,-7.619636535644531,1.3215502640818406,0.9,0,nan,120,10000,c_lagr_075_040/final
14.485458147913718,7.787366621658677,2.0914757699972384,3,2,0.37932515144348145,13.652797371991326,0,0,1,nan,0,-7.43963623046875,1.2775444293660985,0.9,0,nan,121,10000,c_lagr_075_040/final
14.444851324575794,7.781369019637822,2.0414084241086274,3,2,0.37054410576820374,12.249039436701667,0,0,1,nan,0,-7.271415710449219,1.1472182088367415,0.9,0,nan,122,10000,c_lagr_075_040/final
14.410551525307799,7.764985185051861,1.9442017139282322,3,2,0.3490256369113922,10.869091088479669,0,0,1,nan,0,-7.120460510253906,1.1993185955623964,0.8,0,nan,123,10000,c_lagr_075_040/final
14.382049182333173,7.748316973418116,1.8612089735653614,3,2,0.35755065083503723,9.523300841849222,0,0,1,nan,0,-7.0342864990234375,1.0773024750314852,1.0,0,nan,124,10000,c_lagr_075_040/final
14.355942020167015,7.727489545972344,1.7705245199515887,3,2,0.35116520524024963,8.22846370954167,0,0,1,nan,0,-6.976020812988281,1.3034310228216817,0.8,0,nan,125,10000,c_lagr_075_040/final
14.33016678646159,7.710885123743944,1.7039786845462934,3,2,0.34909963607788086,7.012841615850359,1,0,1,nan,0,-6.8648834228515625,1.2053192634106509,1.0,0,nan,126,10000,c_lagr_075_040/final
14.309533178565328,7.699340878324884,1.6904285742296625,4,2,0.35025009512901306,5.925410175756912,1,0,1,nan,0,-6.69378662109375,1.1109946738973777,0.9,0,nan,127,10000,c_lagr_075_040/final
14.28559518619224,7.686250517297711,1.7122319122517202,4,2,0.3605453670024872,5.706981678166473,1,1,0,1.222478234463892,0,-6.506767272949219,1.119061457942276,1.0,0,nan,128,10000,c_lagr_075_040/final
14.262085052187995,7.669574041890971,1.7082103625002973,4,2,0.3700721263885498,5.27962769366786,1,0,1,nan,0,-6.353187561035156,1.2312305386779303,0.9,1,1.7679780073601818,129,10000,c_lagr_075_040/final
14.24040109288461,7.652954271022705,1.7123452775170196,4,2,0.37908056378364563,4.7987146898402875,1,0,1,nan,0,-6.247627258300781,1.3958798912179282,0.9,0,nan,130,10000,c_lagr_075_040/final
14.21293723579691,7.643561414314479,1.7198065110492784,4,2,0.3635387718677521,4.33529865355588,1,0,1,nan,0,-6.201103210449219,1.341824574413247,0.7,0,nan,131,10000,c_lagr_075_040/final
14.193926527621983,7.632473185765019,1.6787984738445152,4,2,0.34669995307922363,3.8956310152968507,1,0,1,nan,0,-6.155799865722656,1.0592664968662064,0.9,0,nan,132,10000,c_lagr_075_040/final
14.187059915235178,7.621432385821993,1.626379108878449,4,2,0.34282946586608887,3.8150578089657823,1,1,0,2.287013412511853,0,-6.072898864746094,1.3049423287878206,0.8,0,nan,133,10000,c_lagr_075_040/final
14.171225165976333,7.600578600734897,1.5153215175927963,4,2,0.31599661707878113,4.326726302336931,1,0,1,nan,0,-5.963279724121094,1.2580391960569761,1.0,1,1.598280816221472,134,10000,c_lagr_075_040/final
14.142972914428563,7.556715269129837,1.3318730499876215,4,2,0.30746695399284363,4.630732264284395,1,0,1,nan,0,-5.821136474609375,1.4802811289077158,0.8,0,nan,135,10000,c_lagr_075_040/final
14.111315455282437,7.503056084437651,1.1816303779073014,4,2,0.31449392437934875,4.973778072234774,1,0,1,nan,0,-5.702545166015625,1.121732867184475,0.9,0,nan,136,10000,c_lagr_075_040/final
14.08284437905582,7.470966717327582,1.1126716412425635,4,2,0.3365213871002197,5.3442770918471165,1,1,0,0.9465290652668119,0,-5.630561828613281,1.2715294763991072,1.0,0,nan,137,10000,c_lagr_075_040/final
14.063345958770261,7.462677769530549,1.1114037315812955,4,2,0.34966397285461426,5.1688207336932575,1,0,1,nan,0,-5.5912017822265625,1.4540182461660307,0.7,1,1.12556490038056,138,10000,c_lagr_075_040/final
14.038256595943917,7.463846818509458,1.1384190015644016,4,2,0.3459032475948334,4.835773718860287,1,0,1,nan,0,-5.572357177734375,1.4940359876501939,0.8,0,nan,139,10000,c_lagr_075_040/final
13.993833462188448,7.468273773851509,1.1711982245355823,4,2,0.3636983335018158,4.527558921151497,1,0,1,nan,0,-5.5216064453125,1.3719644560249384,0.7,0,nan,140,10000,c_lagr_075_040/final
13.947198306956025,7.493447003601813,1.260456980262428,4,2,0.3676334321498871,4.417114418358765,1,1,0,1.2805346588044713,0,-5.4255828857421875,1.385071257857953,0.8,0,nan,141,10000,c_lagr_075_040/final
13.897401617767207,7.517218200446988,1.3660550635696518,4,2,0.36580705642700195,4.5883966159818765,1,0,1,nan,0,-5.318519592285156,1.3120919940097884,0.8,1,1.3312550086497241,142,10000,c_lagr_075_040/final
13.847831087351299,7.531401165279414,1.4687521195350814,4,2,0.3950561285018921,4.757028681741042,1,0,1,nan,0,-5.199058532714844,1.5751721237311282,0.7,0,nan,143,10000,c_lagr_075_040/final
13.805492974958943,7.5502486592238425,1.5809918787185684,4,2,0.4054267406463623,4.970671575570035,1,0,1,nan,0,-5.0514678955078125,1.4600054340029485,0.6,0,nan,144,10000,c_lagr_075_040/final
13.774629405232266,7.576700119230102,1.6785475136032084,4,2,0.43395185470581055,5.132710755656149,1,1,0,1.5825488681092914,0,-4.875663757324219,1.574568977868968,0.7,0,nan,145,10000,c_lagr_075_040/final
9.853045806937843,6.552004149539033,1.7423542158703165,2,3,0.6214279532432556,26.864959842667542,0,1,0,2.1850208751898355,0,-8.788177490234375,0.5599999963460974,1.0,0,nan,1,10001,c_lagr_075_040/final
9.823102482237553,6.544886078262377,1.645662905683852,2,3,0.6048984527587891,26.888712037100728,0,1,0,2.2392818401165995,0,-8.82708740234375,0.8126198330334296,1.0,0,nan,2,10001,c_lagr_075_040/final
9.770770717453733,6.529822048872269,1.596910334383094,2,3,0.5735840797424316,26.88319786617118,0,1,0,2.3933039523412956,0,-8.89605712890625,1.0721817933287876,0.9,0,nan,3,10001,c_lagr_075_040/final
9.718697836983363,6.507733217685351,1.5371380976050149,2,3,0.5216537117958069,26.902322403632407,0,1,0,2.650007019665587,0,-8.993606567382812,1.1294952925815356,0.9,0,nan,4,10001,c_lagr_075_040/final
9.667156201694326,6.49280901618841,1.4510375818729957,2,3,0.5168887972831726,26.96481024707279,0,1,0,2.96279597970908,0,-9.099906921386719,0.9756471934355556,1.0,0,nan,5,10001,c_lagr_075_040/final
9.618312642959385,6.484317862805793,1.3545313238635384,2,3,0.5164369940757751,27.01694113139324,0,1,0,3.3253467995717236,0,-9.178382873535156,0.8661514515138251,1.0,0,nan,6,10001,c_lagr_075_040/final
9.578257515502617,6.459442690587741,1.228370620894811,2,3,0.5229102373123169,27.05022679144623,0,1,0,3.7910044191125363,0,-9.232124328613281,1.1667002061564127,0.9,0,nan,7,10001,c_lagr_075_040/final
9.550535875951391,6.42150227862785,1.0510707636381864,2,3,0.5152532458305359,27.084542557744502,0,1,0,4.356837297593039,0,-9.2093505859375,1.0990036703826473,0.9,0,nan,8,10001,c_lagr_075_040/final
9.525940757114848,6.371918433136375,0.8777327686176257,2,3,0.4929072856903076,27.070750029028734,0,1,0,4.967237882850649,0,-9.129669189453125,1.048511403298759,1.0,0,nan,9,10001,c_lagr_075_040/final
9.499863046677742,6.346020539374454,0.7786604063750507,2,3,0.5003154873847961,27.058275766035976,0,1,0,5.564909281212648,0,-8.989089965820312,1.2683652174888869,1.0,0,nan,10,10001,c_lagr_075_040/final
9.481439585699809,6.352175408645721,0.7808568963501258,2,2,0.49915194511413574,27.048413490497307,0,1,0,6.145045632274834,0,-8.726974487304688,1.2651762218732234,0.9,0,nan,11,10001,c_lagr_075_040/final
9.472097264590467,6.355238213570637,0.8163302238014843,2,2,0.5084895491600037,27.01247741831584,0,1,0,6.753856758727574,0,-8.36065673828125,1.3269752985461123,0.9,0,nan,12,10001,c_lagr_075_040/final
9.47715283645694,6.369907727866563,0.8662240943694367,2,2,0.5110552310943604,27.003013552551174,0,1,0,7.258277875601218,0,-7.9329681396484375,1.4272777966557662,1.0,0,nan,13,10001,c_lagr_075_040/final
9.491741028964134,6.396668174795407,0.8844406181041574,2,2,0.497936874628067,26.996016509963898,0,1,0,7.674351678900349,0,-7.516487121582031,1.3144643458165584,0.8,0,nan,14,10001,c_lagr_075_040/final
9.49250674666513,6.392187845534148,0.8486489047784346,3,2,0.49851194024086,26.96706959865822,0,1,0,8.074084556760006,0,-7.164054870605469,1.1934568396785235,1.0,0,nan,15,10001,c_lagr_075_040/final
9.477606185336144,6.341820280179045,0.8197717018103274,3,2,0.494213730096817,26.901902659998388,0,1,0,8.4365451742026,0,-6.883613586425781,1.407547711030315,0.9,0,nan,16,10001,c_lagr_075_040/final
9.452853833526754,6.2649141037877785,0.8302956063405295,3,3,0.49630364775657654,26.772729836886747,0,1,0,8.771377176619815,0,-6.677337646484375,1.3057723566215835,0.8,0,nan,17,10001,c_lagr_075_040/final
9.420041394606978,6.183422223764839,0.8711727242135988,3,3,0.4886392056941986,26.59341008973382,0,1,0,9.064319826843118,0,-6.5325775146484375,1.329787214673857,0.8,0,nan,18,10001,c_lagr_075_040/final
9.39441221009816,6.123521038314287,0.9129344540589647,3,3,0.47999152541160583,26.425942984890344,0,1,0,9.364894861648711,0,-6.4453125,1.1078929758001304,1.0,0,nan,19,10001,c_lagr_075_040/final
9.369330356261509,6.0981053017458136,0.9489333439077376,3,3,0.48212099075317383,26.31804997076169,0,1,0,9.739321810396877,0,-6.426399230957031,1.1725238504002768,0.9,0,nan,20,10001,c_lagr_075_040/final
9.338205632442229,6.083585000718432,0.9682503580621041,3,3,0.4791478216648102,26.213261490417647,0,1,0,10.117012945785849,0,-6.439422607421875,1.3706849675308863,0.8,0,nan,21,10001,c_lagr_075_040/final
9.306777356698841,6.063946198570458,0.9774054239513967,3,3,0.47820696234703064,26.111912039712315,0,1,0,10.496865522125237,0,-6.498138427734375,1.3694549255590927,0.8,0,nan,22,10001,c_lagr_075_040/final
9.284806771887663,6.047569402701441,0.9878129567061189,3,3,0.4755570888519287,26.0754605677476,0,1,0,10.934597949654862,0,-6.5141143798828125,1.06628485624165,0.8,0,nan,23,10001,c_lagr_075_040/final
9.271785788705163,6.045260365799396,1.0606560977704316,3,3,0.48036614060401917,26.04001149032625,0,1,0,11.193839836543134,0,-6.293708801269531,1.1118996470359361,1.0,0,nan,24,10001,c_lagr_075_040/final
9.257060650111224,6.025499133801146,1.15452942274698,3,3,0.48016270995140076,25.996408870206388,0,1,0,11.436634993464255,0,-6.082450866699219,1.1682999323067,0.8,0,nan,25,10001,c_lagr_075_040/final
9.22969308115061,5.988171670568571,1.185800936247091,3,3,0.489053875207901,26.00312862727838,0,1,0,11.743069339939607,0,-5.9217376708984375,1.3094258294146321,0.9,0,nan,26,10001,c_lagr_075_040/final
9.203871013410952,5.95490107912492,1.2287747975583,3,3,0.4889194667339325,26.01641946490694,0,1,0,12.062877538969266,0,-5.795936584472656,1.0252492869721652,0.8,0,nan,27,10001,c_lagr_075_040/final
9.187028017916376,5.936153835447771,1.288645158278254,3,3,0.507113516330719,26.037027946201658,0,1,0,12.396545598937795,0,-5.663490295410156,1.1346781580403809,0.9,0,nan,28,10001,c_lagr_075_040/final
9.168320350754371,5.923593742162042,1.327620215926533,3,3,0.49444082379341125,26.053378228009503,0,1,0,12.735209056540361,0,-5.5567626953125,1.1849465259175334,1.0,0,nan,29,10001,c_lagr_075_040/final
9.148664839053433,5.921570091739272,1.3597215647870728,3,3,0.48535463213920593,26.03553075247512,0,1,0,13.045507499124202,0,-5.448692321777344,1.1643889885974918,1.0,0,nan,30,10001,c_lagr_075_040/final
9.123886498835763,5.938393069243385,1.418644417850585,3,3,0.4895423352718353,25.983129420527977,0,1,0,13.325778114320165,0,-5.321685791015625,1.1794627575947927,0.8,0,nan,31,10001,c_lagr_075_040/final
9.095694031696048,5.961464217510508,1.487663980056935,3,3,0.4833090603351593,25.925810752569316,0,1,0,13.610653532665205,0,-5.175834655761719,1.2904039180229991,0.7,0,nan,32,10001,c_lagr_075_040/final
9.066792033722328,5.986174109536005,1.54607385550111,3,3,0.4854091703891754,25.875839191423427,0,1,0,13.917506687909048,0,-4.999595642089844,1.3902857204572623,0.8,0,nan,33,10001,c_lagr_075_040/final
9.024333509948914,5.969992074660196,1.5343132993604094,3,3,0.4772392809391022,25.773142974556418,0,1,0,14.18824426873602,0,-4.8461151123046875,1.536642111071896,0.8,0,nan,34,10001,c_lagr_075_040/final
8.986324967630845,5.941740305107809,1.57357353209557,3,3,0.48326921463012695,25.645193281887625,0,1,0,14.44153561702557,0,-4.710731506347656,1.4562581481460073,0.8,0,nan,35,10001,c_lagr_075_040/final
8.968875565418395,5.924066738479734,1.6255688583271977,3,3,0.4894810914993286,25.561848089848123,0,1,0,14.743099443903834,0,-4.5825347900390625,1.4910076361716598,0.8,0,nan,36,10001,c_lagr_075_040/final
8.952125265740772,5.893995526035776,1.495413861715548,3,3,0.5103117823600769,25.51274461411659,0,1,0,15.07868952227706,0,-4.5398406982421875,1.569516379131343,0.8,0,nan,37,10001,c_lagr_075_040/final
8.936748045129743,5.841159853942568,1.311183698548715,3,3,0.528861403465271,25.432960452300197,0,1,0,15.38604536060478,0,-4.618804931640625,1.6456370536467388,0.8,0,nan,38,10001,c_lagr_075_040/final
8.927536543212963,5.778012840052414,1.157350545547294,3,3,0.5283341407775879,25.33346666855468,0,1,0,15.675047195087153,0,-4.749931335449219,1.3895696176783476,0.8,0,nan,39,10001,c_lagr_075_040/final
8.91106262287981,5.734138941920622,1.1036794598498938,3,3,0.5035903453826904,25.217966025486295,0,1,0,15.736310205722965,0,-4.811210632324219,1.4638165601097346,0.9,0,nan,40,10001,c_lagr_075_040/final
8.895014737721535,5.69714238693629,1.1439214286585695,3,3,0.4980277121067047,25.104187113054557,0,1,0,15.612258269052887,0,-4.802864074707031,1.2170060043225104,0.8,0,nan,41,10001,c_lagr_075_040/final
8.87490032550404,5.657956285987387,1.240394157907813,3,3,0.4904536008834839,24.98636139154125,0,1,0,15.513953495109805,0,-4.7652740478515625,1.3279593343389569,0.8,0,nan,42,10001,c_lagr_075_040/final
8.837129079336536,5.62412296243526,1.4154883163357872,3,3,0.488984078168869,24.819670044511383,0,1,0,15.373827361988937,0,-4.721351623535156,1.5845575323051724,0.7,0,nan,43,10001,c_lagr_075_040/final
8.798326916721795,5.580972704171908,1.5906129231540478,3,2,0.5060320496559143,24.614432842088313,0,1,0,15.190363860855719,0,-4.7034912109375,1.5187284955082825,0.8,0,nan,44,10001,c_lagr_075_040/final
8.7713415004836,5.522938736059913,1.6993925308731015,3,2,0.5181871056556702,24.383727736392984,0,1,0,15.004020467936439,0,-4.740394592285156,1.348755981187974,0.9,0,nan,45,10001,c_lagr_075_040/final
8.757107507074023,5.467701522270952,1.7889761202440049,5,2,0.5318359732627869,24.150392571905098,0,1,0,14.853334444722215,0,-4.880767822265625,1.272309613616041,0.8,0,nan,46,10001,c_lagr_075_040/final
8.743953614143354,5.428701060324773,1.9392368689587158,5,3,0.5325364470481873,23.949489236049732,0,1,0,14.707696740167627,0,-5.039268493652344,1.198037242643348,0.8,0,nan,47,10001,c_lagr_075_040/final
8.716817710309723,5.386123860321791,2.086517164936142,5,3,0.5388500094413757,23.765212137892387,0,0,1,nan,0,-5.1366424560546875,1.4454946964442523,0.8,1,24.384486503365633,48,10001,c_lagr_075_040/final
8.67991235402949,5.333824696958764,2.218380936428383,5,3,0.522662878036499,22.37030009217071,0,0,1,nan,0,-5.1715850830078125,1.4595493466616676,0.7,0,nan,49,10001,c_lagr_075_040/final
8.640875715569031,5.282884597655358,2.33155357237659,5,3,0.5110102891921997,20.97628815508887,0,0,1,nan,0,-5.2024688720703125,1.3495972082368375,1.0,0,nan,50,10001,c_lagr_075_040/final
8.595144311243551,5.237309414127506,2.3151693153232538,5,3,0.5034773945808411,19.583368546133077,0,0,1,nan,0,-5.2595062255859375,1.2740376754645968,0.9,0,nan,51,10001,c_lagr_075_040/final
8.556119325578052,5.203443034579107,2.27256274001782,5,3,0.5126870274543762,18.191792181058762,0,0,1,nan,0,-5.301506042480469,1.2345103923006606,0.9,0,nan,52,10001,c_lagr_075_040/final
8.53131205503214,5.181108060863091,2.261153090355219,5,3,0.5024107694625854,16.80189164565713,0,0,1,nan,0,-5.312568664550781,1.1338321718899107,0.9,0,nan,53,10001,c_lagr_075_040/final
8.50504046383974,5.180458221404968,2.2987732517115385,5,3,0.4930761754512787,15.414121801804605,0,0,1,nan,0,-5.302032470703125,1.1217720778569593,0.9,0,nan,54,10001,c_lagr_075_040/final
8.471298943398468,5.187740747911286,2.3988991877981998,5,3,0.4971393048763275,14.029114972236357,0,0,1,nan,0,-5.289176940917969,1.3646675461907147,0.8,0,nan,55,10001,c_lagr_075_040/final
8.442065262197662,5.196986229628271,2.3697489964335365,5,3,0.48238691687583923,12.647778888898939,0,0,1,nan,0,-5.2147369384765625,1.2649086971570271,0.9,0,nan,56,10001,c_lagr_075_040/final
8.421925048568792,5.24837877147691,2.3755540040065473,5,3,0.48572468757629395,11.271463200295786,0,0,1,nan,0,-5.035591125488281,1.4577043077064107,0.8,0,nan,57,10001,c_lagr_075_040/final
8.401122372291685,5.296794517043333,2.3819903230618484,5,3,0.4834771156311035,9.902261482290783,0,0,1,nan,0,-4.8299713134765625,1.0856200406430507,0.9,0,nan,58,10001,c_lagr_075_040/final
8.381488241985286,5.324098676586344,2.3720046359006894,5,3,0.47686707973480225,8.543594687635307,0,0,1,nan,0,-4.6312255859375,1.1688463061808103,1.0,0,nan,59,10001,c_lagr_075_040/final
8.35907179763454,5.333252452546364,2.3854929919888868,5,3,0.4658561646938324,7.201428042021522,1,0,1,nan,0,-4.446388244628906,1.1270889230428343,1.0,0,nan,60,10001,c_lagr_075_040/final
8.317339783109768,5.317056514607076,2.4348141809983743,5,2,0.4640754759311676,5.887057791217163,1,0,1,nan,0,-4.307121276855469,1.1194415913000528,0.9,0,nan,61,10001,c_lagr_075_040/final
8.27097238296522,5.287532888831558,2.4883756688616776,5,2,0.45197224617004395,4.624247070036435,1,0,1,nan,0,-4.185462951660156,0.9691518555605116,1.0,0,nan,62,10001,c_lagr_075_040/final
8.22320182732482,5.267723244572457,2.5459659397255594,5,2,0.4399827718734741,3.469755096147779,1,0,1,nan,0,-4.075782775878906,1.1240165492251741,0.9,0,nan,63,10001,c_lagr_075_040/final
8.178535100506615,5.25229036991755,2.6159234040249784,5,2,0.44299373030662537,2.5737264471267136,1,0,1,nan,0,-4.0183258056640625,1.3496830277615497,0.8,0,nan,64,10001,c_lagr_075_040/final
8.140710929512393,5.22738745030082,2.6310285716610955,5,2,0.4276866614818573,2.266781632089139,1,0,1,nan,0,-3.9933395385742188,1.3851017640234067,0.7,0,nan,65,10001,c_lagr_075_040/final
8.08793567314508,5.188957634588856,2.6006255181361273,5,3,0.4322702884674072,2.3743767296019835,1,1,0,2.210921234825803,0,-3.9530029296875,1.6944089302201246,0.6,0,nan,66,10001,c_lagr_075_040/final
16.33233963527684,10.308103826348196,7.149780403086837,1,0,0.2534606158733368,35.02790381950977,0,1,0,12.066094273692167,0,-3.3747177124023438,0.6299999934563185,1.0,0,nan,1,10002,c_lagr_075_040/final
16.295457834748778,10.281042404182655,7.081768617835347,1,0,0.2657916843891144,34.93867270925335,0,1,0,11.871445451560676,0,-3.36444091796875,0.8286777011179083,1.0,0,nan,2,10002,c_lagr_075_040/final
16.24488082221618,10.259840312304195,7.013705213214843,1,0,0.27107444405555725,34.84727655185582,0,1,0,11.621483986620067,0,-3.3472976684570312,0.8804560110724763,0.9,0,nan,3,10002,c_lagr_075_040/final
16.192802638838117,10.235607047581274,6.963238934013705,1,0,0.28908583521842957,34.80986191557078,0,1,0,11.34479592601274,0,-3.356414794921875,1.0032420811889768,1.0,0,nan,4,10002,c_lagr_075_040/final
16.147508693031273,10.220384604029329,6.866362364601878,1,0,0.3090481460094452,34.822728356169776,0,1,0,11.040852727691375,0,-3.3638229370117188,1.0503157424587506,0.9,0,nan,5,10002,c_lagr_075_040/final
16.105427331775207,10.19949377913996,6.82415147966526,1,0,0.29977965354919434,34.827874848377775,0,1,0,10.67656918879041,0,-3.334075927734375,1.1360098344904663,0.8,0,nan,6,10002,c_lagr_075_040/final
16.051857145303476,10.157600537156496,6.781530349747056,1,0,0.32772544026374817,34.820028760489784,0,1,0,10.221626244209709,0,-3.2914810180664062,1.2840150957183176,0.8,0,nan,7,10002,c_lagr_075_040/final
15.988135983116518,10.127758567073966,6.709687150858493,1,0,0.3130834996700287,34.801304233141686,0,1,0,9.711845738173073,0,-3.2388839721679688,1.2096261283155838,0.9,0,nan,8,10002,c_lagr_075_040/final
15.935585522942409,10.109878081952349,6.67249700606015,1,0,0.32167401909828186,34.73427802947435,0,1,0,9.183950547875785,0,-3.181304931640625,1.4050020982208964,0.8,0,nan,9,10002,c_lagr_075_040/final
15.911799991293964,10.110521978697141,6.713367135000795,1,0,0.33585548400878906,34.67516837443709,0,1,0,8.66966707483804,0,-3.088104248046875,1.43217262410402,0.8,0,nan,10,10002,c_lagr_075_040/final
15.913739784005875,10.14541805457333,6.837989322306574,1,0,0.3181421458721161,34.65193439365114,0,1,0,8.192617112304669,0,-2.9539642333984375,1.3897632782930978,0.7,0,nan,11,10002,c_lagr_075_040/final
15.921787419072018,10.180213473797092,6.927806089385746,1,0,0.3244400918483734,34.60623252264876,0,1,0,7.721871875705887,0,-2.7952346801757812,1.4618534851824205,0.8,0,nan,12,10002,c_lagr_075_040/final
15.911374523956505,10.188424444643841,6.971306489825674,1,0,0.3386777937412262,34.55762574956149,0,1,0,7.26452816689805,0,-2.6524581909179688,1.4724464175600596,0.8,0,nan,13,10002,c_lagr_075_040/final
15.877322724991336,10.175230774443405,7.058848720776318,1,0,0.33626505732536316,34.50621333247898,0,1,0,6.822937115279734,0,-2.55291748046875,1.382276807818084,0.8,0,nan,14,10002,c_lagr_075_040/final
15.82607613873067,10.125863454360777,7.232450408530615,1,0,0.34985271096229553,34.38554259667731,0,1,0,6.339713006765618,0,-2.447418212890625,1.7373806100719484,0.6,0,nan,15,10002,c_lagr_075_040/final
15.755381935443499,10.033170149830838,7.434823493280603,1,0,0.3574991226196289,34.19552002105894,0,1,0,5.826650000749526,0,-2.4683914184570312,2.006810517931226,0.6,0,nan,16,10002,c_lagr_075_040/final
15.681752228517118,9.906639669850561,7.5905186761218,1,0,0.37292125821113586,34.00479714763026,0,1,0,5.3393370163465255,0,-2.7797164916992188,2.1087728190097232,0.5,0,nan,17,10002,c_lagr_075_040/final
15.618388158016705,9.787977674629763,7.659663458029347,2,0,0.3632526397705078,33.88139362727095,0,1,0,4.911515064534847,0,-3.0201873779296875,1.7657618761048188,0.7,0,nan,18,10002,c_lagr_075_040/final
15.556090564325894,9.685847922484816,7.64625993716081,2,0,0.38018468022346497,33.82256543945603,0,1,0,4.554870409443608,0,-3.1689224243164062,1.7865788064951882,0.7,0,nan,19,10002,c_lagr_075_040/final
15.491304570909737,9.588604462653397,7.465920193231883,2,0,0.3783501088619232,33.82878863600194,0,1,0,4.263823848594618,0,-3.2920608520507812,1.7743685423111326,0.4,0,nan,20,10002,c_lagr_075_040/final
15.428751488831463,9.518898312886686,7.265926578959363,2,0,0.3763493001461029,33.84317607685232,0,1,0,4.024593055737449,0,-3.3511505126953125,1.7803829403582274,0.6,0,nan,21,10002,c_lagr_075_040/final
15.377798530349036,9.485059979955103,7.174244357613643,2,0,0.38164377212524414,33.79739840750952,0,1,0,3.8524307937496323,0,-3.328338623046875,1.4300166402676882,0.7,0,nan,22,10002,c_lagr_075_040/final
15.32766788042918,9.470586968690412,7.144369386549812,2,0,0.3893105089664459,33.737927484284064,0,1,0,3.7211667883675426,0,-3.2999114990234375,1.6435009369048725,0.6,0,nan,23,10002,c_lagr_075_040/final
15.266486448579073,9.450849037840193,7.075794682386872,2,0,0.3961801528930664,33.71632611615002,0,1,0,3.648652870292763,0,-3.2863235473632812,1.6560053098756953,0.7,0,nan,24,10002,c_lagr_075_040/final
15.20644518688285,9.426621586159992,7.024394913019459,2,0,0.4067400395870209,33.67673524115378,0,1,0,3.6493148564002875,0,-3.2913284301757812,1.6228104214238521,0.7,0,nan,25,10002,c_lagr_075_040/final
15.143741316622984,9.418776908013148,7.002730098931083,2,0,0.40226277709007263,33.5804247342918,0,1,0,3.668404141090209,0,-3.3092117309570312,1.4693597991252176,0.8,0,nan,26,10002,c_lagr_075_040/final
15.084963307379132,9.417557249491143,6.987947929878933,2,0,0.408681720495224,33.487336043933944,0,1,0,3.6690654281858595,0,-3.2929000854492188,1.3296975260495674,0.9,0,nan,27,10002,c_lagr_075_040/final
15.032070399496977,9.40155778778441,6.936555213866054,2,0,0.39794600009918213,33.38587189161129,0,1,0,3.680568555981153,0,-3.2574539184570312,1.4927207032413792,0.7,0,nan,28,10002,c_lagr_075_040/final
14.983275027441204,9.368221665353191,6.815860026465421,2,0,0.4065934717655182,33.26991828546452,0,1,0,3.7443225186016886,0,-3.247650146484375,1.6222659132712725,0.7,0,nan,29,10002,c_lagr_075_040/final
14.949630857282932,9.336457738718446,6.693490625471835,2,0,0.3999556005001068,33.19536259990577,0,1,0,3.8000837489344113,0,-3.2825469970703125,1.6621627141966056,0.8,0,nan,30,10002,c_lagr_075_040/final
14.932855474899412,9.326307577387524,6.594662504332196,2,0,0.37374523282051086,33.14868042292436,0,1,0,3.78956249024652,0,-3.278045654296875,1.572044572673874,0.8,0,nan,31,10002,c_lagr_075_040/final
14.919119958394438,9.33851825393136,6.518253116388109,2,0,0.34862861037254333,33.14265091678476,0,1,0,3.7335313716688936,0,-3.204254150390625,1.075031247853141,0.8,0,nan,32,10002,c_lagr_075_040/final
14.904976829530492,9.36366931437634,6.436890321452193,2,0,0.33913519978523254,33.17488589923645,0,1,0,3.700444439514504,0,-3.1245651245117188,1.410398467455105,0.8,0,nan,33,10002,c_lagr_075_040/final
14.884881838091172,9.388494121922212,6.300116178057041,2,0,0.33069631457328796,33.175622064914776,0,1,0,3.71317754337084,0,-3.0709915161132812,1.4897646309661927,0.7,0,nan,34,10002,c_lagr_075_040/final
14.850617655517357,9.388975300526052,6.1360422585610355,2,0,0.35146307945251465,33.12307899187373,0,1,0,3.7718151630663272,0,-3.117950439453125,1.4435483331617416,0.9,0,nan,35,10002,c_lagr_075_040/final
14.803496864252761,9.363004284252508,6.056617663982561,2,0,0.3559986650943756,33.01708058218372,0,1,0,3.8727085553755085,0,-3.245758056640625,1.3568427463494832,0.7,0,nan,36,10002,c_lagr_075_040/final
14.741449614450278,9.320946792282149,5.989097297776495,2,0,0.3714585304260254,32.90244609086466,0,1,0,3.9551044302267213,0,-3.420654296875,1.7036072105010043,0.6,0,nan,37,10002,c_lagr_075_040/final
14.662601787698904,9.283289255854914,5.873431534796957,2,0,0.36253979802131653,32.848065099626986,0,1,0,3.9917535976364564,0,-3.6228103637695312,1.7523003267296282,0.6,0,nan,38,10002,c_lagr_075_040/final
14.563635092201201,9.234127866936266,5.722229641337306,2,0,0.356192022562027,32.79313426316549,0,1,0,4.026412936155968,0,-3.7724151611328125,1.899113043485994,0.6,0,nan,39,10002,c_lagr_075_040/final
14.46599495238053,9.180496197492706,5.536160434501211,2,0,0.3275218904018402,32.72016683483539,0,1,0,4.101835624644317,0,-3.8404617309570312,1.7318409786333682,0.6,0,nan,40,10002,c_lagr_075_040/final
14.380670716346476,9.12992057722214,5.348404836716212,2,0,0.31648018956184387,32.6805158547352,0,1,0,4.225827832681948,0,-3.86761474609375,1.7933593837187882,0.6,0,nan,41,10002,c_lagr_075_040/final
14.296406572083333,9.05805838649242,5.16606208497791,2,0,0.32114049792289734,32.66323218595172,0,1,0,4.339434175845973,0,-3.8875045776367188,1.4524871647306528,0.7,0,nan,42,10002,c_lagr_075_040/final
14.207829691960205,8.98346440825418,4.975940233343541,2,0,0.33751440048217773,32.68370410716662,0,1,0,4.422021993015396,0,-3.9027786254882812,1.7417553163136836,0.6,0,nan,43,10002,c_lagr_075_040/final
14.133248877842941,8.951115963021461,4.790883885438133,2,0,0.3440581262111664,32.7702231847477,0,1,0,4.510181547542458,0,-3.896728515625,1.8110936516141856,0.5,0,nan,44,10002,c_lagr_075_040/final
14.090252099283253,8.962415129983798,4.630110137923314,2,0,0.3622492253780365,32.89479588010162,0,1,0,4.56854508092101,0,-3.8837890625,1.7641065621099283,0.7,0,nan,45,10002,c_lagr_075_040/final
14.054829464071702,8.962751261170258,4.529428737980001,2,0,0.3760380744934082,32.98868308299819,0,1,0,4.603810791523946,0,-3.9014816284179688,1.8004319970542646,0.5,0,nan,46,10002,c_lagr_075_040/final
14.00095175154036,8.926289426296808,4.463493651218593,2,0,0.38236257433891296,33.01903232400309,0,1,0,4.633990026270353,0,-3.96380615234375,1.7375723172614534,0.5,0,nan,47,10002,c_lagr_075_040/final
13.938977193599225,8.875040627924555,4.425396912335969,2,0,0.37473878264427185,33.02806349639481,0,1,0,4.6823743413361845,0,-4.0189361572265625,1.7615834938730388,0.7,0,nan,48,10002,c_lagr_075_040/final
13.871086142640541,8.805683018552354,4.402600121589863,2,0,0.36276936531066895,33.01801763039962,0,1,0,4.745571472381383,0,-4.0074462890625,1.780708606004995,0.6,0,nan,49,10002,c_lagr_075_040/final
13.79685913089006,8.715372599802542,4.325871832641032,2,0,0.3728165626525879,32.999770693178604,0,1,0,4.7684637578066,0,-4.026214599609375,1.8292945431788232,0.7,0,nan,50,10002,c_lagr_075_040/final
13.718577808324966,8.629050755141032,4.25438601106816,2,0,0.38757404685020447,32.9655279035309,0,1,0,4.78218590622811,0,-4.131813049316406,1.7422096081806093,0.6,0,nan,51,10002,c_lagr_075_040/final
13.636971811437004,8.529913396093288,4.197082396643312,2,0,0.4130460023880005,32.8706229918356,0,1,0,4.793467727196931,0,-4.3294677734375,2.018329222947213,0.6,0,nan,52,10002,c_lagr_075_040/final
13.564761351934404,8.442988611790566,4.125686516888526,2,0,0.4257630407810211,32.77093619599194,0,1,0,4.758681934484136,0,-4.591300964355469,1.9503899011843053,0.5,0,nan,53,10002,c_lagr_075_040/final
13.494144543407216,8.405313318063637,4.105993381276582,2,0,0.4198096692562103,32.66114449951701,0,1,0,4.688904057387641,0,-4.7842559814453125,1.9534091610618276,0.7,0,nan,54,10002,c_lagr_075_040/final
13.414088677713892,8.37862394017185,4.122100878160137,2,0,0.41243496537208557,32.4879605165975,0,1,0,4.614952508010646,0,-4.8460235595703125,1.9983241125989206,0.4,0,nan,55,10002,c_lagr_075_040/final
13.326133378975772,8.334807602604814,4.14039770460702,2,0,0.40570512413978577,32.26098671568758,0,1,0,4.54688040960796,0,-4.824531555175781,1.8244248071742688,0.6,0,nan,56,10002,c_lagr_075_040/final
13.23882894127559,8.290934319334417,4.164722767109106,2,0,0.4000989496707916,32.04698460457612,0,1,0,4.484080318995703,0,-4.806243896484375,1.73249753609782,0.6,0,nan,57,10002,c_lagr_075_040/final
13.159738425810229,8.254243632858865,4.211728503970954,2,0,0.3984912931919098,31.89636483140424,0,1,0,4.429240428796375,0,-4.774436950683594,1.6679630959189278,0.8,0,nan,58,10002,c_lagr_075_040/final
13.08090194305827,8.20856930221006,4.256392913365906,2,0,0.4016246795654297,31.786700217936424,0,1,0,4.352676946582897,0,-4.7135009765625,1.6084277756267333,0.7,0,nan,59,10002,c_lagr_075_040/final
13.004830948078597,8.155898532952284,4.275474876274664,2,0,0.39088883996009827,31.702558624064732,0,1,0,4.269417363790203,0,-4.648750305175781,1.328049517294798,0.9,0,nan,60,10002,c_lagr_075_040/final
12.94626419366135,8.107451658699562,4.292846775975348,2,0,0.3793330192565918,31.656848333996287,0,1,0,4.21626484028179,0,-4.610221862792969,1.222119947137405,0.9,0,nan,61,10002,c_lagr_075_040/final
12.897541402172127,8.066955663571939,4.324008672382034,2,0,0.38250431418418884,31.643759099598437,0,1,0,4.193544431169035,0,-4.641456604003906,1.1081373145247801,1.0,0,nan,62,10002,c_lagr_075_040/final
12.851470149719358,8.051267217810643,4.375234571829427,2,0,0.38122430443763733,31.6579742510015,0,1,0,4.1602487673515975,0,-4.694427490234375,1.3525185147601442,0.7,0,nan,63,10002,c_lagr_075_040/final
12.80015118081325,8.051231298712437,4.452747950804894,2,0,0.39630112051963806,31.66112298552623,0,1,0,4.12234703241501,0,-4.699592590332031,1.3649516928282137,0.9,0,nan,64,10002,c_lagr_075_040/final
12.724957582371427,8.045488971465051,4.5696386324268135,2,0,0.41038528084754944,31.615161188076346,0,1,0,4.149907910530096,0,-4.630531311035156,1.6122466324815672,0.7,0,nan,65,10002,c_lagr_075_040/final
12.637585669988662,8.032184955867786,4.692033044624878,2,0,0.4029887020587921,31.563693615134,0,1,0,4.232080261390109,0,-4.587043762207031,1.4493662437281216,0.8,0,nan,66,10002,c_lagr_075_040/final
12.549290143038995,8.010229413895392,4.805627444112296,2,0,0.4167082607746124,31.509779408820705,0,1,0,4.316621918856031,0,-4.562324523925781,1.5862417809786853,0.7,0,nan,67,10002,c_lagr_075_040/final
12.46384109788298,7.990593379469937,4.867896486388187,2,0,0.4337823688983917,31.47281256778912,0,1,0,4.3781175336693146,0,-4.5453643798828125,1.4626464518562243,0.7,0,nan,68,10002,c_lagr_075_040/final
12.393716665023453,7.99450240042697,4.703201212233137,2,0,0.4331253468990326,31.49868507252631,0,1,0,4.428507085996502,0,-4.56494140625,1.4735754828228118,0.8,0,nan,69,10002,c_lagr_075_040/final
12.323566494139058,8.001942813383176,4.621109697523005,2,0,0.45585575699806213,31.521240873431232,0,1,0,4.493194381588942,0,-4.577606201171875,1.6031124978325075,0.7,0,nan,70,10002,c_lagr_075_040/final
12.238370229928982,7.970501692000684,4.575243158049568,3,0,0.48461803793907166,31.50475367141121,0,1,0,4.550032678758813,0,-4.7052459716796875,1.7935627768218645,0.7,0,nan,71,10002,c_lagr_075_040/final
12.146268405628799,7.911229144674469,4.526457972823956,3,0,0.4670393168926239,31.459823474398416,0,1,0,4.572732805533333,0,-4.8386688232421875,1.5673584530917646,0.7,0,nan,72,10002,c_lagr_075_040/final
12.069632583624076,7.881844266063057,4.457496173559052,3,0,0.45332202315330505,31.403221713129472,0,1,0,4.608449831642435,0,-4.864204406738281,1.4540512863103707,0.8,0,nan,73,10002,c_lagr_075_040/final
12.022324258950126,7.880180283108982,4.370631494801594,3,0,0.4624379575252533,31.37168454301602,0,1,0,4.684086461598225,0,-4.839469909667969,1.381101748732985,0.8,0,nan,74,10002,c_lagr_075_040/final
11.980779040747198,7.883378681478381,4.269963714623371,3,0,0.46417340636253357,31.31845535285402,0,1,0,4.7941577836026985,0,-4.8282318115234375,1.4846968762447321,0.8,0,nan,75,10002,c_lagr_075_040/final
11.946133994047306,7.893394786684243,4.196906817176146,3,0,0.4594620168209076,31.24753554068259,0,1,0,4.9351206796826474,0,-4.802360534667969,1.4667661915080583,0.9,0,nan,76,10002,c_lagr_075_040/final
11.918858426649441,7.91186872585416,4.16489127915457,3,0,0.4670182764530182,31.15956741540053,0,1,0,5.1052353484729505,0,-4.7206573486328125,1.6889598670657997,0.7,0,nan,77,10002,c_lagr_075_040/final
11.877861213041347,7.905125876609143,4.122337889174043,3,0,0.4627818167209625,31.00624257951836,0,1,0,5.293354481507548,0,-4.591941833496094,1.6764471405735448,0.7,0,nan,78,10002,c_lagr_075_040/final
11.814416795513006,7.862699191993653,4.032904762164166,3,0,0.47813737392425537,30.78971426929697,0,1,0,5.49424499431614,0,-4.4776153564453125,1.6552922536471226,0.6,0,nan,79,10002,c_lagr_075_040/final
11.741202268331715,7.777656941461467,3.90852487277712,3,0,0.46876609325408936,30.571236928970013,0,1,0,5.6724737954621265,0,-4.4243316650390625,1.601969735095843,0.8,0,nan,80,10002,c_lagr_075_040/final
11.658401806924381,7.685812572471081,3.74709223353916,3,0,0.48339948058128357,30.37249927671933,0,1,0,5.800790656336893,0,-4.43621826171875,1.653889945599212,0.6,0,nan,81,10002,c_lagr_075_040/final
11.561565130227674,7.604861848338021,3.565479907153242,3,0,0.4883022606372833,30.19861779297466,0,1,0,5.88862387076668,0,-4.4497528076171875,1.6320716772849397,0.7,0,nan,82,10002,c_lagr_075_040/final
11.485422937099978,7.543099297655571,3.4241030713449097,3,0,0.5042819380760193,30.091824755496656,0,1,0,5.944621652020156,0,-4.467231750488281,1.2697252726004737,0.8,0,nan,83,10002,c_lagr_075_040/final
11.440693620055017,7.501152712414592,3.325381501939625,3,0,0.525456428527832,30.051777013598837,0,1,0,5.964363214075782,0,-4.5912322998046875,1.259195421943215,0.7,0,nan,84,10002,c_lagr_075_040/final
11.417626640760986,7.429526718427148,3.18372751309698,3,0,0.5152528882026672,30.074945294488092,0,1,0,5.953970416755984,0,-4.722999572753906,1.1913692276161227,0.8,0,nan,85,10002,c_lagr_075_040/final
11.397852010697314,7.344532882727425,2.9848715910429466,3,2,0.5086954236030579,30.15557216353035,0,1,0,5.937722596903874,0,-4.757942199707031,1.5411439185327616,0.6,0,nan,86,10002,c_lagr_075_040/final
11.367933365827904,7.261217683543788,2.802282628887164,3,2,0.5200350880622864,30.23006720027652,0,1,0,5.943324889538757,0,-4.757942199707031,1.4070448772994517,0.9,0,nan,87,10002,c_lagr_075_040/final
11.34555790544826,7.1925936542518984,2.681899566030597,3,4,0.5221176743507385,30.295386445365086,0,1,0,5.938337105021448,0,-4.757942199707031,1.2446219378676573,0.8,0,nan,88,10002,c_lagr_075_040/final
11.324637436869331,7.131789889001536,2.6206325536736097,3,4,0.5381690859794617,30.36051736709273,0,1,0,5.9343284647422285,0,-4.787017822265625,1.3427069594666323,0.9,0,nan,89,10002,c_lagr_075_040/final
11.288096440953662,7.065522634470137,2.542147414379339,4,4,0.5340837836265564,30.364883357804814,0,1,0,5.985774605593275,0,-4.810813903808594,1.2712207309338377,0.9,0,nan,90,10002,c_lagr_075_040/final
11.264508166914512,7.017717160916909,2.4345388063669664,5,4,0.5328475832939148,30.347894136577573,0,1,0,6.07604070788866,0,-4.771392822265625,1.0730596864665924,1.0,0,nan,91,10002,c_lagr_075_040/final
11.258124523738687,7.01922344104082,2.3771333547430005,5,4,0.5396496653556824,30.379635990035,0,1,0,6.169066765057804,0,-4.728401184082031,0.9791627304282106,1.0,0,nan,92,10002,c_lagr_075_040/final
11.249701320437795,7.0427675635645315,2.370577479876422,5,4,0.5387135744094849,30.436370485290244,0,1,0,6.225700384365468,0,-4.6757049560546875,0.9333619413165323,0.9,0,nan,93,10002,c_lagr_075_040/final
11.231902555810436,7.059241126534671,2.4191165818514007,5,4,0.5335299372673035,30.458725039156725,0,1,0,6.295604936325874,0,-4.6230010986328125,1.1529852198436221,0.9,0,nan,94,10002,c_lagr_075_040/final
11.203610413361258,7.082169117113809,2.478581653716779,5,4,0.5366052985191345,30.468691296852658,0,1,0,6.422834899647687,0,-4.6073150634765625,1.4164370679258567,0.9,0,nan,95,10002,c_lagr_075_040/final
11.174898682988895,7.117118017303987,2.5246845343150603,5,4,0.5505132079124451,30.518909646970034,0,1,0,6.509593617516224,0,-4.603157043457031,1.4370986650663948,0.9,0,nan,96,10002,c_lagr_075_040/final
11.156523623686883,7.17528615910952,2.6128604306906063,5,4,0.5761234164237976,30.5960504006939,0,1,0,6.533998725763926,0,-4.617408752441406,1.5203334557445884,0.6,0,nan,97,10002,c_lagr_075_040/final
11.14588449456064,7.234519978900176,2.6770921966346717,5,4,0.5824381709098816,30.638820934494312,0,1,0,6.539957336319365,0,-4.6441192626953125,1.6637717680893829,0.7,0,nan,98,10002,c_lagr_075_040/final
11.149608988682031,7.266000884494598,2.7465222506507656,5,4,0.5967600345611572,30.644008696033023,0,1,0,6.528336114394695,0,-4.6084136962890625,1.6413432431831865,0.7,0,nan,99,10002,c_lagr_075_040/final
11.163634331548447,7.2965702309491665,2.8473134766827335,5,4,0.6028258204460144,30.610008931020644,0,1,0,6.566556695421675,0,-4.536888122558594,1.391208082535773,0.8,0,nan,100,10002,c_lagr_075_040/final
11.180921734838625,7.321596265567384,2.9463910132165823,5,4,0.5889493823051453,30.54072498188401,0,1,0,6.652018746987163,0,-4.460807800292969,1.2385289079824309,0.8,0,nan,101,10002,c_lagr_075_040/final
11.19757337422544,7.318801681947269,2.962878969862441,5,2,0.5954040288925171,30.456539203730344,0,1,0,6.7157326080870945,0,-4.396484375,1.2244136730037591,0.9,0,nan,102,10002,c_lagr_075_040/final
11.193977187266167,7.284084548049949,2.860765770253051,6,2,0.6091786026954651,30.360567658027698,0,1,0,6.726833608716861,0,-4.425697326660156,1.2822573081773958,0.9,0,nan,103,10002,c_lagr_075_040/final
11.174427523648323,7.22532018404285,2.756148404816801,6,4,0.6209535002708435,30.28208105651882,0,1,0,6.728092050912402,0,-4.543190002441406,1.2166552506867636,0.9,0,nan,104,10002,c_lagr_075_040/final
11.147129062277447,7.1650399271744405,2.7125879449225394,6,4,0.6204416751861572,30.189424868342755,0,1,0,6.748257182466096,0,-4.637550354003906,1.442651179274821,0.8,0,nan,105,10002,c_lagr_075_040/final
11.131728530595323,7.125948606330317,2.7289673750049777,6,4,0.6307136416435242,30.10013838449398,0,1,0,6.762682206268609,0,-4.610450744628906,1.3066521528875719,0.7,0,nan,106,10002,c_lagr_075_040/final
11.129996544227179,7.111388809316044,2.787484988887811,6,4,0.6387738585472107,30.0390770790225,0,1,0,6.804335618971316,0,-4.51910400390625,1.546476236428098,0.7,0,nan,107,10002,c_lagr_075_040/final
11.133241402216502,7.078921123235513,2.8223064631053347,6,4,0.6316201090812683,29.970758521703818,0,1,0,6.850055047896334,0,-4.4058837890625,1.6520212806689543,0.6,0,nan,108,10002,c_lagr_075_040/final
11.146020925544038,7.013885168013469,2.81282374620438,6,4,0.6385607123374939,29.89864148529496,0,1,0,6.839435480017816,0,-4.30413818359375,1.8220507984085077,0.5,0,nan,109,10002,c_lagr_075_040/final
11.156889151969828,6.920380430093713,2.7752535278269206,6,4,0.6428090929985046,29.81604227766922,0,1,0,6.834763405994034,0,-4.28143310546875,1.745161546945646,0.6,0,nan,110,10002,c_lagr_075_040/final
11.14624705270761,6.820123136125642,2.7709986116072534,6,4,0.6561415791511536,29.691389343908643,0,1,0,6.894592974947497,0,-4.379570007324219,1.6361318674157004,0.7,0,nan,111,10002,c_lagr_075_040/final
11.123461921948127,6.735019503744939,2.7981140093854235,6,4,0.6475583910942078,29.55973978762747,0,1,0,6.951745056275469,0,-4.518341064453125,1.3563110296813519,0.8,0,nan,112,10002,c_lagr_075_040/final
11.106376372332484,6.66781251105869,2.8078605117683737,6,4,0.6422133445739746,29.469844424658714,0,1,0,6.991202690014894,0,-4.597145080566406,1.3628839319562982,0.8,0,nan,113,10002,c_lagr_075_040/final
11.080913542780973,6.620417460510806,2.805977088555156,6,4,0.6386052966117859,29.394088679492675,0,1,0,7.019823576835815,0,-4.6390228271484375,1.1708608454659317,0.8,0,nan,114,10002,c_lagr_075_040/final
11.034522818968757,6.5643146859673935,2.7967629619922127,6,4,0.6353186964988708,29.285341877615526,0,1,0,7.028828942034081,0,-4.710479736328125,1.56591385128141,0.7,0,nan,115,10002,c_lagr_075_040/final
10.967672682206306,6.504161022875041,2.7319947301579757,6,4,0.6253527998924255,29.144472738925895,0,1,0,7.074685417644976,0,-4.78765869140625,1.6700108802426024,0.6,0,nan,116,10002,c_lagr_075_040/final
10.896149603820751,6.462798720841725,2.631828102010607,6,4,0.6352460384368896,29.036581833989608,0,1,0,7.132297598581249,0,-4.846763610839844,1.5980764233020472,0.6,0,nan,117,10002,c_lagr_075_040/final
10.829718286398004,6.427250155092496,2.5800950079328997,6,4,0.6412215828895569,28.930709419283907,0,1,0,7.203077591863541,0,-4.915687561035156,1.5101974774793272,0.6,0,nan,118,10002,c_lagr_075_040/final
10.773142144914345,6.416885757620202,2.599900659819199,6,4,0.6390364170074463,28.813580904184402,0,1,0,7.312395709645203,0,-5.033714294433594,1.532760548180057,0.7,0,nan,119,10002,c_lagr_075_040/final
10.730769638225865,6.423512632189427,2.646415964094446,6,4,0.6397450566291809,28.73902815994043,0,1,0,7.3936802253044425,0,-5.170417785644531,1.3919214349674838,0.6,0,nan,120,10002,c_lagr_075_040/final
10.70116105864874,6.418338178242008,2.6632336024272183,6,5,0.631514310836792,28.672438231823747,0,1,0,7.473143788023514,0,-5.244010925292969,1.0855029653414978,0.9,0,nan,121,10002,c_lagr_075_040/final
10.67509967913725,6.4110294294052155,2.613106177186965,6,5,0.6346063017845154,28.579823346009107,0,1,0,7.618553594056442,0,-5.229469299316406,1.3401811338685055,0.9,0,nan,122,10002,c_lagr_075_040/final
10.652746400129205,6.417231989803577,2.5409056486602037,6,5,0.6314849257469177,28.509780310159737,0,1,0,7.774346498624214,0,-5.172515869140625,1.0413549730969025,1.0,0,nan,123,10002,c_lagr_075_040/final
10.639589621523502,6.40979767254146,2.4864707208863663,6,5,0.6249775886535645,28.471877728953785,0,1,0,7.883721236409359,0,-5.1348114013671875,1.0886137593918448,1.0,0,nan,124,10002,c_lagr_075_040/final
10.632250455550693,6.403325760392103,2.4661668027239583,6,5,0.6302424669265747,28.462344858784263,0,1,0,7.937192315284853,0,-5.108879089355469,0.9878460360557504,1.0,0,nan,125,10002,c_lagr_075_040/final
10.627782246954345,6.407628459037729,2.4332804097755956,6,5,0.6280447244644165,28.462794950861902,0,1,0,7.99407657524663,0,-5.0902862548828125,1.0942267470596634,0.9,0,nan,126,10002,c_lagr_075_040/final
10.626769959471385,6.389523507345384,2.3091292569047477,6,5,0.6241288781166077,28.40688817831419,0,1,0,8.106127376362743,0,-5.046440124511719,1.3445157216915047,0.8,0,nan,127,10002,c_lagr_075_040/final
10.623906486086543,6.360618962349518,2.241975599485725,6,5,0.6159274578094482,28.296196678245494,0,1,0,8.228738942376905,0,-5.010078430175781,1.1047223226250575,0.8,0,nan,128,10002,c_lagr_075_040/final
10.603800383709714,6.337475824241755,2.201046991343824,6,5,0.6121916174888611,28.13167145627659,0,1,0,8.371226400176111,0,-5.042442321777344,1.0967447231209821,0.8,0,nan,129,10002,c_lagr_075_040/final
10.562209555513299,6.3279040584569275,2.1806931979125634,6,5,0.618186354637146,27.94236429504464,0,1,0,8.563900063336005,0,-5.135955810546875,1.3134801144740051,0.8,0,nan,130,10002,c_lagr_075_040/final
10.519230876904935,6.323746644141985,2.169097681340169,6,5,0.6125698685646057,27.727427978415697,0,1,0,8.798281984133162,0,-5.2212371826171875,1.3941420578438302,0.7,0,nan,131,10002,c_lagr_075_040/final
10.483033011383366,6.322079827253793,2.160148902731506,6,5,0.6233977675437927,27.506502546245933,0,1,0,9.051678937438917,0,-5.306571960449219,1.3094619558713079,0.9,0,nan,132,10002,c_lagr_075_040/final
10.444219833101386,6.324249343096095,2.1375437265650654,6,5,0.6178005933761597,27.28084897310628,0,1,0,9.318334910117636,0,-5.391845703125,1.1859981808880775,0.8,0,nan,133,10002,c_lagr_075_040/final
10.404431387880393,6.329718276313622,2.139257774162263,6,5,0.6258309483528137,27.008099575237587,0,0,1,nan,0,-5.416160583496094,1.2678890549308366,0.7,1,26.67719956817126,134,10002,c_lagr_075_040/final
10.354030641104046,6.324623303808921,2.1087451260162653,6,5,0.618213415145874,25.572184750581517,0,0,1,nan,0,-5.391868591308594,1.3885104003326538,0.7,0,nan,135,10002,c_lagr_075_040/final
10.286465285849365,6.299136230379988,2.0780589835897154,6,5,0.6090602278709412,24.137585514613594,0,0,1,nan,0,-5.350685119628906,1.4668148049382068,0.7,0,nan,136,10002,c_lagr_075_040/final
10.2183566395729,6.276139220173256,2.009305903054638,6,5,0.6145605444908142,22.704554914458175,0,0,1,nan,0,-5.3285980224609375,1.0717354788537479,0.9,0,nan,137,10002,c_lagr_075_040/final
10.162347297125013,6.267619687260972,1.9220380803085284,6,5,0.6134253144264221,21.27340239711745,0,0,1,nan,0,-5.294364929199219,1.1415950912220927,0.8,0,nan,138,10002,c_lagr_075_040/final
10.097679004561412,6.252281404661379,1.8009457002717457,6,5,0.6093296408653259,19.84453809035871,0,0,1,nan,0,-5.265586853027344,1.2096915267960349,0.9,0,nan,139,10002,c_lagr_075_040/final
10.019004640766644,6.224732397489035,1.6390826352827523,6,5,0.5962098240852356,18.418494080863265,0,0,1,nan,0,-5.26702880859375,1.1818669979550547,0.9,0,nan,140,10002,c_lagr_075_040/final
9.935290300266258,6.1698030914506194,1.4617709434333765,6,5,0.5797874927520752,16.995981363414074,0,0,1,nan,0,-5.275848388671875,1.0486407901423915,0.9,0,nan,141,10002,c_lagr_075_040/final
9.844782090650208,6.111376075001943,1.3513682337099286,6,5,0.5839455723762512,15.577966332061118,0,0,1,nan,0,-5.248878479003906,1.222728702083085,0.8,0,nan,142,10002,c_lagr_075_040/final
9.759561176493378,6.065010910030208,1.3241077619892692,6,4,0.5731237530708313,14.165800689345494,0,0,1,nan,0,-5.158271789550781,1.1081486560584752,0.9,0,nan,143,10002,c_lagr_075_040/final
9.688049201855817,6.013092878484857,1.3262615863323628,6,4,0.5699640512466431,12.761425549592262,0,0,1,nan,0,-5.053886413574219,1.0380897645798246,0.8,0,nan,144,10002,c_lagr_075_040/final
9.6137626024943,5.954085302202552,1.3350356465887974,6,6,0.5659875273704529,11.367729159810075,0,0,1,nan,0,-4.96533203125,1.1233207370729097,0.9,0,nan,145,10002,c_lagr_075_040/final
9.535436461464911,5.900681835744126,1.3369501141815423,6,6,0.5701565742492676,9.989182236263959,0,0,1,nan,0,-4.874931335449219,1.106936503916671,0.9,0,nan,146,10002,c_lagr_075_040/final
9.464723749321625,5.856143670868218,1.3388900233619563,6,6,0.5552299618721008,8.633045149498045,0,0,1,nan,0,-4.750724792480469,1.1503134766861982,0.9,0,nan,147,10002,c_lagr_075_040/final
9.398359724632225,5.809873666313292,1.370910718962087,6,6,0.5398277640342712,7.311797772281254,1,0,1,nan,0,-4.654937744140625,1.0908122181477227,0.9,0,nan,148,10002,c_lagr_075_040/final
9.339391169229653,5.771970619639348,1.46312077617991,6,6,0.5432520508766174,6.048348210684271,1,0,1,nan,0,-4.6037139892578125,0.9593162646635106,1.0,0,nan,149,10002,c_lagr_075_040/final
9.288249172106864,5.75276273088706,1.6286951474182747,6,6,0.5478379726409912,4.887723981243747,1,0,1,nan,0,-4.5954742431640625,0.992589115548426,1.0,0,nan,150,10002,c_lagr_075_040/final
9.237273091419691,5.738878938253279,1.730618706822159,6,6,0.5448007583618164,3.9222943822758944,1,0,1,nan,0,-4.5735626220703125,1.0018679999134423,1.0,0,nan,151,10002,c_lagr_075_040/final
9.184596950751475,5.722086354005254,1.6968651825995054,6,6,0.5410781502723694,3.3265796107761028,1,0,1,nan,0,-4.4366607666015625,1.0299324736284103,0.8,0,nan,152,10002,c_lagr_075_040/final
9.125092554634254,5.700517093730123,1.6503833355221103,6,6,0.5349947810173035,3.239402109255951,1,1,0,0.7005219421452634,0,-4.2433624267578125,1.1005556211241936,0.8,0,nan,153,10002,c_lagr_075_040/final
