spread,nn_mean,nn_min,n_in_disc,n_near,zone_control,ball_d_zone,ball_in_disc,carried,in_flight,carrier_clear,n_offside,max_offside,mean_speed,pass_started,pass_len,tick,seed,policy
18.396451433030336,8.761312273971022,5.089821097839119,0,0,0.0002534635995827042,53.06522760971479,0,1,0,24.581653751938504,0,-15.074005126953125,0.699999987230228,0,nan,1,10000,scripted
18.392293773325786,8.752663825915494,5.089821097839119,0,0,0.0003868120417797395,52.96123840148133,0,1,0,24.514498999586905,0,-14.8914794921875,1.399999974460456,0,nan,2,10000,scripted
18.385388547828917,8.738527711431642,5.089821097839119,0,0,0.0005981080347810572,52.78792981580219,0,1,0,24.4042929213075,0,-14.587196350097656,2.0999999080465037,0,nan,3,10000,scripted
18.375773560670492,8.719339660505828,5.089821097839119,0,0,0.000941941421030932,52.545318557258575,0,1,0,24.253765551235027,0,-14.160995483398438,2.799999948920912,0,nan,4,10000,scripted
18.363501781614737,8.69574332121979,5.089821097839119,0,0,0.0014531837953051484,52.23342073332513,0,1,0,24.067071751537195,0,-13.612564086914062,3.499999972936581,0,nan,5,10000,scripted
18.34940316772373,8.670124579675235,5.089821097839119,0,0,0.0021414128663942676,51.859688934219825,0,1,0,23.857585514871502,0,-12.941513061523438,4.1849998538604165,0,nan,6,10000,scripted
18.337122991975935,8.650670997795848,5.089824136354889,0,0,0.0029449337196149707,51.45879439849156,0,1,0,23.668904507566324,0,-12.14813232421875,4.81499968219904,0,nan,7,10000,scripted
18.327657283909797,8.640006192051858,5.089818059324393,0,0,0.003535099931271399,51.05796450484218,0,1,0,23.525742350270022,0,-11.287017822265625,4.905000025521794,0,nan,8,10000,scripted
18.318823380790853,8.633725739019082,5.089818059324393,0,0,0.004074652762664016,50.65720093417137,0,1,0,23.418350907828117,0,-10.423080444335938,4.905000025521794,0,nan,9,10000,scripted
18.310304699635907,8.631187327211517,5.089818059324393,0,0,0.004661178146851682,50.256505273129484,0,1,0,23.346864652680694,0,-9.570510864257812,4.905000025521794,0,nan,10,10000,scripted
18.302104654250048,8.632411956088339,5.089818059324393,0,0,0.005545698755213585,49.85587915910181,0,1,0,23.313572549840487,0,-8.739013671875,4.905000025521794,0,nan,11,10000,scripted
18.29422663432465,8.637389475187089,5.089818059324393,0,0,0.009957572481469215,49.455324282241065,0,1,0,23.318963063194435,0,-7.9491119384765625,4.905000025521794,0,nan,12,10000,scripted
18.286674001351575,8.646079000414412,5.089818059324393,0,0,0.019573843075361187,49.05484238759794,0,1,0,23.36087894433281,0,-7.2217864990234375,4.905000025521794,0,nan,13,10000,scripted
18.279450084448914,8.658410565923965,5.089818059324393,0,0,0.02731351847174777,48.65443527735491,0,1,0,23.4347293423728,0,-6.562339782714844,4.905000025521794,0,nan,14,10000,scripted
18.272558176105893,8.674287859141872,5.089818059324393,0,0,0.03534042922991703,48.25410481316953,0,1,0,23.53502827210104,0,-5.965995788574219,4.905000025521794,0,nan,15,10000,scripted
18.2660015864872,8.693591919247151,5.089818059324393,0,0,0.04679997118452558,47.85385291863315,0,1,0,23.656613248641452,0,-5.4268035888671875,4.905000025521794,0,nan,16,10000,scripted
18.25978340368134,8.716184778480088,5.089818059324393,0,0,0.06434077174429297,47.453681581851896,0,1,0,23.32951687993609,0,-4.956336975097656,4.905000025521794,0,nan,17,10000,scripted
18.25390684353661,8.741914561586423,5.089818059324393,0,0,0.079363567891451,47.05359285815691,0,1,0,22.526994430450735,0,-4.881500244140625,4.905000025521794,0,nan,18,10000,scripted
18.248375008158238,8.770619337633601,5.089818059324393,0,0,0.09311924600080523,46.65358887295159,0,1,0,21.725333930001216,0,-4.8270111083984375,4.905000025521794,0,nan,19,10000,scripted
18.243190940844507,8.802131314400608,5.089818059324393,0,0,0.10954920359929843,46.253671824703595,0,1,0,20.924630955888457,0,-4.787567138671875,4.905000025521794,0,nan,20,10000,scripted
18.238357621542857,8.836280482039765,5.089818059324393,0,0,0.13206220654625303,45.85384398809065,0,1,0,20.124999156024895,0,-4.758979797363281,4.905000025521794,0,nan,21,10000,scripted
18.23387796229712,8.872897727632775,5.089818059324393,0,0,0.15014740390526832,45.454107717308965,0,1,0,19.326579779664144,0,-4.7379302978515625,4.905000025521794,0,nan,22,10000,scripted
18.229754802698597,8.911817380031625,5.089818059324393,0,0,0.16497869476030355,45.05446544955434,0,1,0,18.52955611240331,0,-4.721916198730469,4.905000025521794,0,nan,23,10000,scripted
18.225990938954077,8.952879192678527,5.089818059324393,0,0,0.18284025258810463,44.654919985889364,0,1,0,17.73418444637427,0,-4.703269958496094,4.905000025521794,0,nan,24,10000,scripted
18.22258901795775,8.995929792900748,5.089818059324393,0,0,0.202623109149607,44.25547366232616,0,1,0,16.940858339161252,0,-4.672821044921875,4.905000025521794,0,nan,25,10000,scripted
18.219551634876552,9.040823695310957,5.089818059324393,0,0,0.21648116319674293,43.856129187800825,0,1,0,16.171558249023214,0,-4.6285247802734375,4.905000025521794,0,nan,26,10000,scripted
18.216881294542638,9.08742389938232,5.089818059324393,0,0,0.22792141198760407,43.456889370120294,0,1,0,15.460014112727025,0,-4.575859069824219,4.905000025521794,0,nan,27,10000,scripted
18.214580407132978,9.135602175817711,5.089818059324393,0,0,0.24896206732946946,43.05775712047994,0,1,0,14.817370599077844,0,-4.5717315673828125,4.905000025521794,0,nan,28,10000,scripted
18.212651283938815,9.185239101988623,5.089818059324393,0,0,0.2612762794118184,42.65873545822914,0,1,0,14.243305851032005,0,-4.567375183105469,4.905000025521794,0,nan,29,10000,scripted
18.211096133239973,9.236223907447243,5.089818059324393,0,0,0.2700112874525152,42.2598275159007,0,1,0,13.739659213722144,0,-4.557548522949219,4.905000025521794,0,nan,30,10000,scripted
18.209917056299343,9.288454181763086,5.089818059324393,0,0,0.2744150282446281,41.861036544521305,0,1,0,13.308120870929566,0,-4.5340728759765625,4.905000025521794,0,nan,31,10000,scripted
18.209116043492344,9.341835487888709,5.089818059324393,0,0,0.2789157893685942,41.462365919221085,0,1,0,12.9495535395608,0,-4.494758605957031,4.905000025521794,0,nan,32,10000,scripted
18.208694970586464,9.396280915695302,5.089818059324393,0,0,0.2850777804508183,41.06381914516223,0,1,0,12.664968221257922,0,-4.4413604736328125,4.905000025521794,0,nan,33,10000,scripted
18.208655595185355,9.45171060267011,5.089818059324393,0,0,0.28721124548360427,40.66539986380763,0,1,0,12.455410011310267,0,-4.375831604003906,4.905000025521794,0,nan,34,10000,scripted
18.20899955335168,9.508051242219151,5.089818059324393,0,0,0.2873966262362072,40.26711185955242,0,1,0,12.321863617699163,0,-4.299980163574219,4.905000025521794,0,nan,35,10000,scripted
18.2097285601079,9.565234864895242,5.089818059324393,0,0,0.28684403803189595,39.868959066742846,0,1,0,12.265183548843174,0,-4.215431213378906,4.905000025521794,0,nan,36,10000,scripted
18.210843773131007,9.623201586289703,5.089818059324393,0,0,0.28784592252126884,39.470945577108914,0,1,0,12.28601753332747,0,-4.123619079589844,4.905000025521794,0,nan,37,10000,scripted
18.212346285786502,9.681893558073401,5.089818059324393,0,0,0.2905039539198195,39.07307564763924,0,1,0,12.38476192774815,0,-4.025794982910156,4.905000025521794,0,nan,38,10000,scripted
18.21423740032394,9.741259273432092,5.089818059324393,0,0,0.2927042252967091,38.67535370892879,0,1,0,12.510473089285671,0,-3.9230194091796875,4.905000025521794,0,nan,39,10000,scripted
18.21720815601634,9.796453409879241,5.089818059324393,0,0,0.3018039625890569,38.27778437403258,0,1,0,12.600237187292294,0,-3.8295974731445312,4.703497892281861,0,nan,40,10000,scripted
18.221823748701997,9.842394378225078,5.089818059324393,0,0,0.31283741747803906,37.880372447861184,0,1,0,12.642144188407059,0,-3.759674072265625,4.58805726481461,0,nan,41,10000,scripted
18.227929677304807,9.878793221953103,5.089818059324393,1,0,0.32518007891994233,37.48312293715663,0,1,0,12.62917077547718,0,-3.7138900756835938,4.565847519720245,0,nan,42,10000,scripted
18.235408364244332,9.905499124677302,5.089818059324393,1,0,0.3395616744108962,37.08604106109038,0,1,0,12.555050892804966,0,-3.6927566528320312,4.638336468116964,0,nan,43,10000,scripted
18.24418489893581,9.92248230885691,5.089818059324393,1,0,0.3582367129563331,36.68913226252882,0,1,0,12.420935719221804,0,-3.6967010498046875,4.800841565161245,0,nan,44,10000,scripted
18.25389082354141,9.932402071567719,5.089818059324393,1,0,0.3764353121539514,36.29240222001505,0,1,0,12.245762627262682,0,-3.7178955078125,4.905000024371902,0,nan,45,10000,scripted
18.263267722274637,9.94496556911173,5.089818059324393,1,0,0.3860066300091125,35.895856860520006,0,1,0,12.06460112920783,0,-3.726837158203125,4.703497950108688,0,nan,46,10000,scripted
18.27141129390362,9.967158030890943,5.089818059324393,1,0,0.39527516211763647,35.49950237302062,0,1,0,11.926548442722495,0,-3.7003555297851562,4.588057360162731,0,nan,47,10000,scripted
18.278373955815958,9.998955790977842,5.089818059324393,1,0,0.40570110564155876,35.10334522296728,0,1,0,11.86265747013197,0,-3.6352691650390625,4.565847828223764,0,nan,48,10000,scripted
18.284252679532386,10.040448728995063,5.089818059324393,1,0,0.4050389656378706,34.70739216770847,0,1,0,11.871241652924354,0,-3.5288009643554688,4.638336790311639,0,nan,49,10000,scripted
18.28918261970644,10.091830564717602,5.089818059324393,1,0,0.40867783424033627,34.31165027294622,0,1,0,11.936287941232072,0,-3.3708267211914062,4.800841931460217,0,nan,50,10000,scripted
18.29361578008497,10.150743209107736,5.089818059324393,1,0,0.41124537394430893,33.916126930302596,0,1,0,11.994031109595866,0,-3.1422042846679688,4.905000025521794,0,nan,51,10000,scripted
18.298656828015012,10.20738984069068,5.089818059324393,1,0,0.42359821431555894,33.520829365660575,0,1,0,11.997426809876572,0,-2.8522720336914062,4.703497892281861,0,nan,52,10000,scripted
18.304916687592705,10.254261592591353,5.089818059324393,1,0,0.4284060853916318,33.12576619480797,0,1,0,11.949129990317468,0,-2.520660400390625,4.58805726481461,0,nan,53,10000,scripted
18.312241005253696,10.291142062901113,5.089818059324393,1,0,0.42950095734113497,32.73094590515905,0,1,0,11.866135051258302,0,-2.147674560546875,4.565847519720245,0,nan,54,10000,scripted
18.320513270891823,10.31792157744351,5.089818059324393,2,0,0.42640731753869193,32.33637739329852,0,1,0,11.780219552661235,0,-1.7335357666015625,4.638336468116964,0,nan,55,10000,scripted
18.329660784874488,10.334585776465312,5.089818059324393,2,0,0.429724329114136,31.942069989579913,0,1,0,11.736378307463088,0,-1.2781982421875,4.800841565161245,0,nan,56,10000,scripted
18.339429271749477,10.343893182142121,5.089818059324393,2,0,0.4269289285240818,31.548033484492038,0,1,0,11.760887155355759,0,-0.7747879028320312,4.905000024371902,0,nan,57,10000,scripted
18.34897974265575,10.355946297816956,5.089818059324393,2,0,0.403339444466785,31.154278156941054,0,1,0,11.8499942662837,0,-0.26177215576171875,4.703497950108688,0,nan,58,10000,scripted
18.357712195433628,10.37803697894564,5.089818059324393,2,0,0.3732692823592052,30.76081480460966,0,1,0,11.991905139029537,1,0.215484619140625,4.588057360162731,0,nan,59,10000,scripted
18.3656766475957,10.410137041043692,5.089818059324393,2,0,0.33918002607115555,30.36765477657018,0,1,0,12.130988963333378,2,0.662139892578125,4.565847828223764,0,nan,60,10000,scripted
18.369541633370698,10.442211324851126,5.089818059324393,2,0,0.32484972752293406,29.974810008345564,0,1,0,12.22365543749844,2,1.063201904296875,3.935847867189243,0,nan,61,10000,scripted
18.365897949928332,10.464312974839881,5.089818059324393,2,0,0.3207122402729858,29.582293059631056,0,1,0,12.27320140060107,3,1.3985671997070312,3.3058479061547237,0,nan,62,10000,scripted
18.354723728402615,10.476674869786972,5.089818059324393,2,0,0.3224757094411634,29.19011715491037,0,1,0,12.290964765540497,3,1.6682357788085938,2.6758479451202044,0,nan,63,10000,scripted
18.336006216336564,10.479620352223431,5.089818059324393,2,0,0.3255220452601833,28.798296227223315,0,1,0,12.30444472881526,3,1.8921585083007812,2.0458479840856865,0,nan,64,10000,scripted
18.30974631140652,10.473570813718649,5.089818059324393,2,0,0.33179721094519327,28.406844965367604,0,1,0,12.35378682806196,3,2.0898208618164062,1.415848032307082,0,nan,65,10000,scripted
18.27595048599381,10.459054885301066,5.089818059324393,2,0,0.33496030343380484,28.015778864846357,0,1,0,12.458320699885329,3,2.2597732543945312,0.7858479890866179,0,nan,66,10000,scripted
18.23614154469289,10.438539935019287,5.089818059324393,2,0,0.3428196343727295,27.62511428290438,0,1,0,12.613708392183273,3,2.3762283325195312,0.40500002552179354,0,nan,67,10000,scripted
18.194130188770096,10.417095101952611,5.089818059324393,2,0,0.3471121951733979,27.23486849803204,0,1,0,12.809692253357126,3,2.434173583984375,0.40500002552179354,0,nan,68,10000,scripted
18.152214404992893,10.397604975391895,5.089818059324393,2,0,0.3497109285896592,26.845059774354816,0,1,0,13.002779929570453,3,2.4534912109375,0.40500002552179354,0,nan,69,10000,scripted
18.110394999510753,10.380106368074259,5.089818059324393,2,0,0.3482695576127213,26.455707431370694,0,1,0,13.159801392624344,3,2.4534912109375,0.40500002552179354,0,nan,70,10000,scripted
18.068672819272077,10.364633122273228,5.089818059324393,2,0,0.35056563183719663,26.06683191954667,0,1,0,13.284155742855434,3,2.4534912109375,0.40500002552179354,0,nan,71,10000,scripted
18.027048754808686,10.351215804484271,5.089818059324393,2,0,0.3567015294611991,25.678454902340327,0,1,0,13.38578345758091,3,2.4534912109375,0.40500002552179354,0,nan,72,10000,scripted
17.9855237432454,10.33988141934553,5.089818059324393,2,0,0.3675698336724918,25.29059934527392,0,1,0,13.485987738912115,3,2.4534912109375,0.40500002552179354,0,nan,73,10000,scripted
17.944098771555833,10.330653148673708,5.089818059324393,2,0,0.3733694447203127,24.90328961275655,0,1,0,13.61411810029535,3,2.4701614379882812,0.40500002552179354,0,nan,74,10000,scripted
17.90277450977728,10.323549543065564,5.089818059324393,2,0,0.35349558980375156,24.516548192488756,0,1,0,13.783408827198262,3,2.5202560424804688,0.40500002552179354,0,nan,75,10000,scripted
17.861552796138415,10.318586653710302,5.089818059324393,2,0,0.33344797889750505,24.130409325106655,0,1,0,13.989623146178497,3,2.6040267944335938,0.40500002552179354,0,nan,76,10000,scripted
17.820434419134017,10.315774369617035,5.089818059324393,2,0,0.3192123424407706,23.74489886990002,0,1,0,14.22469112257288,3,2.68792724609375,0.40500002552179354,0,nan,77,10000,scripted
17.779420603487516,10.315118659856847,5.089818059324393,2,0,0.3144914498562233,23.360047938914406,0,1,0,14.45711784253499,3,2.7382659912109375,0.40500002552179354,0,nan,78,10000,scripted
17.738512644655717,10.316620919345663,5.089818059324393,2,0,0.31887255916843527,22.975889673677354,0,1,0,14.663324103872487,3,2.7550506591796875,0.40500002552179354,0,nan,79,10000,scripted
17.697711914152027,10.320277954046706,5.089818059324393,2,0,0.32353823059031633,22.592459408121613,0,1,0,14.846290872197937,3,2.7550506591796875,0.40500002552179354,0,nan,80,10000,scripted
17.657019865344434,10.326082014822177,5.089818059324393,2,0,0.3360292358706866,22.209794846874804,0,1,0,15.013752109112515,3,2.7550506591796875,0.40500002552179354,0,nan,81,10000,scripted
17.61643803977727,10.334020879100711,5.089818059324393,2,0,0.3495898905728321,21.82793626055668,0,1,0,15.181160847429837,3,2.7550506591796875,0.40500002552179354,0,nan,82,10000,scripted
17.57596807407143,10.34407797836567,5.089818059324393,2,0,0.36232568397007753,21.446926699916663,0,1,0,15.36857229924974,3,2.7550506591796875,0.40500002552179354,0,nan,83,10000,scripted
17.535611707464405,10.356232568394963,5.089818059324393,2,0,0.3679728004491216,21.066812230859373,0,1,0,15.584148152310105,3,2.7722702026367188,0.40500002552179354,0,nan,84,10000,scripted
17.49537079005865,10.370459938239858,5.089818059324393,2,0,0.34752751216567046,20.687642192647004,0,1,0,15.824340639768355,3,2.8239059448242188,0.40500002552179354,0,nan,85,10000,scripted
17.45524729185514,10.386731653154374,5.089818059324393,2,0,0.32554002252857966,20.30946948183792,0,1,0,16.08344355312616,3,2.9099197387695312,0.40500002552179354,0,nan,86,10000,scripted
17.415243312658596,10.405015826102744,5.089818059324393,2,0,0.30942794121801315,19.93235086482369,0,1,0,16.340561022725268,3,2.99591064453125,0.40500002552179354,0,nan,87,10000,scripted
17.37536109295132,10.425277412093788,5.089818059324393,2,0,0.30221332231659376,19.55634732216587,0,1,0,16.58030045050945,3,3.0475082397460938,0.40500002552179354,0,nan,88,10000,scripted
17.335603025845103,10.447478519418985,5.089818059324393,2,0,0.308570660005499,19.1815244283124,0,1,0,16.805072412120357,3,3.0647048950195312,0.40500002552179354,0,nan,89,10000,scripted
17.295971670234202,10.471578731896376,5.089818059324393,2,0,0.3146678325870432,18.80795277069573,0,1,0,16.47991152167344,3,3.0647048950195312,0.40500002552179354,0,nan,90,10000,scripted
17.256476040221212,10.490545681929774,5.089818059324393,2,0,0.32910384488117944,18.43515911344891,0,1,0,16.161047243577755,3,3.0647048950195312,0.38370152891462905,0,nan,91,10000,scripted
17.21708796399711,10.497317324432498,5.089818059324393,2,0,0.34170775951944793,18.061844674801325,0,1,0,15.835558416760533,3,3.0647048950195312,0.37447123243964786,0,nan,92,10000,scripted
17.177799095927742,10.491840473211266,5.089818059324393,2,0,0.3527107904455815,17.687382219706347,0,1,0,15.488041304885165,3,3.0647048950195312,0.378193812826966,0,nan,93,10000,scripted
17.138666245205535,10.474103839280207,5.089818059324393,2,0,0.34880217689621196,17.311933589745504,0,1,0,15.111461610282698,3,3.0647048950195312,0.39450272200660513,0,nan,94,10000,scripted
17.099779701160127,10.448140844777468,5.089818059324393,2,0,0.34034036317133715,16.936628186412914,0,1,0,14.713553996219101,3,3.0852813720703125,0.4050000190734863,0,nan,95,10000,scripted
17.061171400340207,10.417332375535533,5.089818059324393,2,0,0.3380997449930953,16.56253077606403,0,1,0,14.309210591380737,3,3.1058578491210938,0.4050000190734863,0,nan,96,10000,scripted
17.022704415947977,10.368894501190724,5.089818059324393,2,0,0.33844466499072134,16.18944291595051,0,1,0,13.920233354708849,3,3.1058578491210938,0.38370154077440694,0,nan,97,10000,scripted
16.98415289775269,10.330619433125056,5.089818059324393,2,0,0.3342452465988719,15.816031998918662,0,1,0,13.562611594238362,3,3.1314468383789062,0.3744712616591126,0,nan,98,10000,scripted
16.945415923518134,10.30255976831819,5.089818059324393,2,0,0.3295819875998837,15.441595672650049,0,1,0,13.238093607728622,3,3.2093048095703125,0.3781938160919945,0,nan,99,10000,scripted
16.906457701713897,10.284846333053249,5.089818059324393,2,0,0.32695908237428123,15.066335733654105,0,1,0,12.923460033357461,3,3.2876968383789062,0.39450274273289443,0,nan,100,10000,scripted
16.867388060536776,10.274996359890103,5.089818059324393,2,0,0.32722766641189044,14.69146851537658,0,1,0,12.585655815556775,3,3.3138275146484375,0.40500002552179354,0,nan,101,10000,scripted
16.82838355491223,10.26843921236556,5.089818059324393,2,0,0.3289626125241076,14.318084614846667,0,1,0,12.210677247832784,3,3.3138275146484375,0.40500002552179354,0,nan,102,10000,scripted
16.78960697022379,10.258349824092841,5.089818059324393,2,0,0.32713694155891443,13.945740276642304,0,1,0,11.793301529904776,3,3.3389205932617188,0.38370152891462905,0,nan,103,10000,scripted
16.751119578341424,10.23973699048627,5.089818059324393,2,0,0.3348503415605628,13.572727136751084,0,1,0,11.360306328640753,3,3.413482666015625,0.37447123243964786,0,nan,104,10000,scripted
16.712923198647832,10.212419551365006,5.089818059324393,2,0,0.34347581618381245,13.19819236084471,0,1,0,10.938679652749101,3,3.4876861572265625,0.378193812826966,0,nan,105,10000,scripted
16.6751028739926,10.176308736205415,5.089818059324393,2,0,0.3544782701018363,12.822323911502888,0,1,0,10.528304591338877,3,3.5124130249023438,0.39450272200660513,0,nan,106,10000,scripted
16.637732689258588,10.13419510639088,5.089818059324393,2,0,0.35621335222935646,12.446624405005823,0,1,0,10.126513032502071,3,3.5124130249023438,0.4050000190734863,0,nan,107,10000,scripted
16.60076816292224,10.090978975667099,5.089818059324393,2,0,0.36109046650289783,12.072555601617097,0,1,0,9.72798789010286,3,3.5124130249023438,0.4050000190734863,0,nan,108,10000,scripted
16.563897986341544,10.053567181576177,5.089818059324393,2,0,0.3665558386452467,11.699884376484269,0,1,0,9.31458189439899,3,3.5124130249023438,0.38370154077440694,0,nan,109,10000,scripted
16.52672431551236,10.026745833648047,5.089818059324393,2,0,0.366234678255765,11.326790026253859,0,1,0,8.873019919899907,3,3.5415725708007812,0.3744712616591126,0,nan,110,10000,scripted
16.489099943266023,10.010559847564192,5.089818059324393,2,0,0.36615027606458267,10.952271830547947,0,1,0,8.408372242309861,3,3.6294937133789062,0.3781938160919945,0,nan,111,10000,scripted
16.450957041585244,10.00519424102804,5.089818059324393,2,0,0.3866425781729133,10.57657520948575,0,1,0,7.928448535687639,3,3.7176361083984375,0.39450274273289443,0,nan,112,10000,scripted
16.412478714478578,10.008142303982613,5.089818059324393,2,0,0.40848652718688144,10.201412766879809,0,1,0,7.431682208698757,3,3.7470169067382812,0.40500002552179354,0,nan,113,10000,scripted
16.37399393017994,10.014691634725926,5.089818059324393,2,0,0.4197520746071488,9.82838817958965,0,1,0,6.906939462137696,3,3.7470169067382812,0.40500002552179354,0,nan,114,10000,scripted
16.335883290160577,10.01767113445263,5.089818059324393,2,0,0.42068792734378263,9.456926548649381,0,1,0,6.331896361014885,3,3.7734527587890625,0.38370152891462905,0,nan,115,10000,scripted
16.29836500820575,10.011749535596524,5.089818059324393,2,0,0.42259352449249604,9.084537322194823,0,1,0,5.695402125022165,3,3.8518142700195312,0.37447123243964786,0,nan,116,10000,scripted
16.26146955441167,9.996662135575951,5.089818059324393,2,0,0.44392915295588314,8.709895576833066,0,1,0,5.019156054767579,3,3.9296951293945312,0.378193812826966,0,nan,117,10000,scripted
16.2253438217336,9.972237099459562,5.089818059324393,2,0,0.473559203861226,8.333195301013886,0,1,0,4.330722194865059,3,3.9556503295898438,0.39450272200660513,0,nan,118,10000,scripted
16.190048762832326,9.94138911434104,5.089818059324393,3,0,0.48979494126382117,7.956679671281098,1,1,0,3.6322682462206135,3,3.9556503295898438,0.4050000190734863,0,nan,119,10000,scripted
9.860332974962022,6.551989495539296,1.8101614482494346,2,3,0.6447500471299911,26.801420958090777,0,0,1,nan,0,-8.763427734375,0.6999999795906405,1,31.738105206582706,1,10001,scripted
9.860333750977457,6.5519904782621055,1.8101614482494346,2,3,0.6274262851868678,25.36688111392079,0,0,1,nan,0,-8.699020385742188,1.399999959181281,0,nan,2,10001,scripted
9.86033371781185,6.551990081322209,1.8101614482494346,2,3,0.610709900331893,23.939491325289477,0,0,1,nan,0,-8.591743469238281,2.099999938771922,0,nan,3,10001,scripted
9.86033371781185,6.551990081322209,1.8101614482494346,2,3,0.6038875581805241,22.520611176658694,0,0,1,nan,0,-8.434219360351562,2.4507211000883156,0,nan,4,10001,scripted
9.860334334043666,6.5519908123177455,1.8101614482494346,2,3,0.5998144881045702,21.11195647062806,0,0,1,nan,0,-8.218467712402344,2.9295167507651665,0,nan,5,10001,scripted
9.860334950275682,6.551991543313538,1.8101614482494346,2,3,0.5967229155691848,19.71571910065567,0,0,1,nan,0,-7.943092346191406,3.483978030383318,0,nan,6,10001,scripted
9.860335258391768,6.551991908811532,1.8101614482494346,2,3,0.6026250839415294,18.334736122590883,0,0,1,nan,0,-7.602630615234375,4.083398005752543,0,nan,7,10001,scripted
9.860335566507906,6.551992274309586,1.8101614482494346,2,3,0.5892929423583128,16.97273145680843,0,0,1,nan,0,-7.198516845703125,4.094538980630694,0,nan,8,10001,scripted
9.860335566507906,6.551992274309586,1.8101614482494346,3,3,0.5797125619812703,15.634665743649432,0,0,1,nan,0,-6.7367401123046875,4.223311476095573,0,nan,9,10001,scripted
9.860335874624095,6.551992639807706,1.8101614482494346,3,3,0.5734309829559486,14.327247750952415,0,0,1,nan,0,-6.217308044433594,4.459537011174233,0,nan,10,10001,scripted
9.86033626780901,6.551993118440504,1.8101614482494346,3,3,0.5639836221561897,13.05968574885884,0,0,1,nan,0,-5.654380798339844,4.78733548580429,0,nan,11,10001,scripted
9.860336969110454,6.5519939625718875,1.8101614482494346,3,3,0.5537534051569014,11.844781230949692,0,0,1,nan,0,-5.088508605957031,4.999999998722343,0,nan,12,10001,scripted
9.8603366411217,6.551993851944253,1.8101614482494346,4,3,0.5674468842841741,10.70048481147201,0,0,1,nan,0,-4.531707763671875,4.776108805096549,0,nan,13,10001,scripted
9.8603366411217,6.551993851944253,1.8101614482494346,4,3,0.5596021985123723,9.651942984852509,0,0,1,nan,0,-3.9700698852539062,4.647841482934374,0,nan,14,10001,scripted
9.86033563438671,6.551993466481593,1.8101605173834994,4,3,0.5595133893347141,8.73371209486317,0,0,1,nan,0,-3.404266357421875,4.623164225224412,0,nan,15,10001,scripted
9.860335140482672,6.551993309717261,1.8101605173834994,4,3,0.5639714960124859,7.99084137747022,1,0,1,nan,0,-2.8347091674804688,4.703707516433162,0,nan,16,10001,scripted
9.860334646578684,6.551993152952937,1.8101605173834994,4,3,0.5541167399992916,7.475789930075678,1,0,1,nan,0,-2.2617263793945312,4.884268784376025,0,nan,17,10001,scripted
9.860335140482672,6.551993309717261,1.8101605173834994,4,3,0.5547285177348101,7.237361567810641,1,0,1,nan,0,-1.6935272216796875,5.0,0,nan,18,10001,scripted
9.860335140482672,6.551993309717261,1.8101605173834994,4,3,0.5605537030479959,7.302701423014291,1,0,1,nan,0,-1.1461410522460938,5.0,0,nan,19,10001,scripted
9.86033563438671,6.551993466481593,1.8101605173834994,4,3,0.5672606285063411,7.664040351409272,1,0,1,nan,0,-0.6427764892578125,4.77610874084452,0,nan,20,10001,scripted
9.860335634386711,6.551993466481593,1.8101605173834994,3,3,0.5728157289975595,8.282740553376692,0,0,1,nan,0,-0.2005157470703125,4.647841376992018,0,nan,21,10001,scripted
9.860336622194934,6.551993780010288,1.8101605173834994,3,3,0.5757544661376597,9.106484913433071,0,0,1,nan,1,0.1770782470703125,4.623163882442724,0,nan,22,10001,scripted
9.860337116099121,6.55199393677465,1.8101605173834994,3,3,0.5694297904889997,9.345928551771943,0,0,0,nan,1,0.5067520141601562,4.703707158439078,0,nan,23,10001,scripted
16.347024063113544,10.322113003229529,7.149780403086837,1,0,0.27166903705915774,35.02145087140503,0,1,0,12.073844784649333,0,-3.3397140502929688,0.699999988079071,0,nan,1,10002,scripted
16.347025110261363,10.322113396248884,7.149782368183619,1,0,0.29102355706664856,34.917629908958084,0,1,0,11.89026913858198,0,-3.2244338989257812,1.399999976158142,0,nan,2,10002,scripted
16.34702615740936,10.322113789268538,7.149784333281897,1,0,0.3113420018984552,34.74461071254456,0,1,0,11.585827446494127,0,-3.0323028564453125,2.0999999046325684,0,nan,3,10002,scripted
16.347027204557538,10.322114182288493,7.149786298381669,1,0,0.3322655658002074,34.5024173909492,0,1,0,11.163057067446402,0,-2.7633209228515625,2.799999952316284,0,nan,4,10002,scripted
16.347028070564033,10.322114424340294,7.149786298381669,1,0,0.3545355420881425,34.19108471986188,0,1,0,10.626110724714568,0,-2.4174880981445312,3.5,0,nan,5,10002,scripted
16.347693980339482,10.322787365126583,7.149786298381669,1,0,0.3756339224944818,33.818068863559766,0,1,0,9.986855575655612,0,-1.9953231811523438,4.18499984741211,0,nan,6,10002,scripted
16.352129872684138,10.327274925955708,7.149786298381669,2,0,0.39428821006937237,33.417991361363796,0,1,0,9.278426328762087,0,-1.5005035400390625,4.814999675750732,0,nan,7,10002,scripted
16.360117293912946,10.335363123356025,7.149786298381669,2,0,0.39976246714350056,33.01803385452205,0,1,0,8.556190396899247,0,-0.9727401733398438,4.905000019073486,0,nan,8,10002,scripted
16.368557854810017,10.343916001724052,7.149786298381669,2,0,0.3934145331457464,32.61820075710809,0,1,0,7.860490309814899,0,-0.4574737548828125,4.905000019073486,0,nan,9,10002,scripted
16.377006421580848,10.35248403381376,7.149786298381669,2,0,0.3967687763836732,32.21849670090325,0,1,0,7.205062754389381,1,0.0313262939453125,4.905000019073486,0,nan,10,10002,scripted
16.385463087810248,10.36106693787475,7.149786298381669,2,0,0.4038932841079618,31.818926548890435,0,1,0,6.601913227237723,1,0.4821929931640625,4.905000019073486,0,nan,11,10002,scripted
16.393927565055964,10.369664259410628,7.149786298381669,2,0,0.4060685802295154,31.419495409756646,0,1,0,6.066657939425393,1,0.8806228637695312,4.905000019073486,0,nan,12,10002,scripted
16.402399948582673,10.378275735717052,7.149786298381669,2,0,0.4020835441236905,31.020208653492606,0,1,0,5.618729652671049,1,1.2158584594726562,4.905000019073486,0,nan,13,10002,scripted
16.410880206858447,10.38690105233825,7.149786298381669,2,0,0.40491502228920817,30.62107192818664,0,1,0,5.280398784884691,1,1.4874114990234375,4.905000019073486,0,nan,14,10002,scripted
16.419368309157136,10.395539903580996,7.149786298381669,2,0,0.4132217808959511,30.222091178120124,0,1,0,5.073638123360155,1,1.7004547119140625,4.905000019073486,0,nan,15,10002,scripted
16.427864225542585,10.404191992229876,7.149786298381669,2,0,0.42341805023718254,29.823272663282555,0,1,0,5.014748283614084,1,1.8644561767578125,4.905000019073486,0,nan,16,10002,scripted
16.43636792685323,10.41285702927274,7.149786298381669,1,0,0.4315811273144268,29.424622980436823,0,1,0,5.108841943360061,1,1.9921951293945312,4.905000019073486,0,nan,17,10002,scripted
16.44487938468701,10.421534733635962,7.149786298381669,1,0,0.4416062092456301,29.026149085878906,0,1,0,5.347853703847155,1,2.094696044921875,4.905000019073486,0,nan,18,10002,scripted
16.45339857138665,10.430224831929179,7.149786298381669,1,0,0.4544079170209119,28.627858320051654,0,1,0,5.713628574190108,1,2.1806869506835938,4.905000019073486,0,nan,19,10002,scripted
16.461925460025192,10.43892705819908,7.149786298381669,1,0,0.4614481392133969,28.229758434189563,0,1,0,6.183709872855182,1,2.2578506469726562,4.905000019073486,0,nan,20,10002,scripted
16.470460226551744,10.44764139574387,7.149786298381669,1,0,0.4570210034832956,27.831857619190757,0,1,0,6.730948999405823,1,2.3335342407226562,4.905000019073486,0,nan,21,10002,scripted
16.479002441201636,10.456367108676778,7.149786298381669,1,0,0.4550755489478943,27.43416453693424,0,1,0,7.314566637927302,1,2.4164352416992188,4.905000019073486,0,nan,22,10002,scripted
16.487552281252547,10.465104194016401,7.149786298381669,1,0,0.45717911982297266,27.036688354284777,0,1,0,7.897708037035619,1,2.5403900146484375,4.905000019073486,0,nan,23,10002,scripted
16.496109722560636,10.473852413266147,7.149786298381669,1,0,0.4554890237117674,26.6394387800554,0,1,0,8.462311685934095,1,2.7341156005859375,4.905000019073486,0,nan,24,10002,scripted
16.504674741644745,10.482611534260569,7.149786298381669,1,0,0.44136731698624915,26.24242610522863,0,1,0,8.996409059937625,1,2.9962997436523438,4.905000019073486,0,nan,25,10002,scripted
16.513247315673677,10.491381330967018,7.149786298381669,1,0,0.43376628773999953,25.845661246772437,0,1,0,9.492037666048804,1,3.3257217407226562,4.905000019073486,0,nan,26,10002,scripted
16.521827422453775,10.500161583294316,7.149786298381669,2,0,0.4292970812297012,25.449155795426847,0,1,0,9.943912678447326,1,3.6302566528320312,4.905000019073486,0,nan,27,10002,scripted
16.530415040416734,10.508952076908091,7.149786298381669,2,0,0.4220948134154958,25.052922067881926,0,1,0,10.348580003170268,1,3.9166336059570312,4.905000019073486,0,nan,28,10002,scripted
16.539010148607655,10.517752603052589,7.149786298381669,2,0,0.40430345429875514,24.65697316381892,0,1,0,10.703886050513288,1,4.272918701171875,4.905000019073486,0,nan,29,10002,scripted
16.54761272667337,10.526562958378669,7.149786298381669,2,0,0.3827663129861009,24.261323028344343,0,1,0,11.008645528076826,1,4.699127197265625,4.905000019073486,0,nan,30,10002,scripted
16.556222754850964,10.535382944777808,7.149786298381669,2,0,0.36136765843820057,23.865986520412697,0,1,0,11.313482922841814,2,5.19525146484375,4.905000019073486,0,nan,31,10002,scripted
16.564840213956522,10.544212369221828,7.149786298381669,2,0,0.34402342503995936,23.470979487908753,0,1,0,11.669763866381354,2,5.761299133300781,4.905000019073486,0,nan,32,10002,scripted
16.573465085374135,10.553051043608178,7.149786298381669,2,0,0.32551823670590513,23.076318850146144,0,1,0,12.056742098513995,2,6.397270202636719,4.905000019073486,0,nan,33,10002,scripted
16.582097351045082,10.561898784610548,7.149786298381669,2,0,0.29673180578217667,22.682022688637165,0,1,0,12.448878673544044,2,7.1031646728515625,4.905000019073486,0,nan,34,10002,scripted
16.590736993457206,10.570755413534595,7.149786298381669,1,0,0.28353877157715307,22.288110347101114,0,1,0,12.841813674462955,2,7.8608856201171875,4.905000019073486,0,nan,35,10002,scripted
16.56055162276706,10.530121112011273,7.149786298381669,1,0,0.2889381481297246,21.894602541807522,0,1,0,13.235475990424057,2,8.156814575195312,4.405000019073486,0,nan,36,10002,scripted
16.52567585647207,10.48727299523642,7.149786298381669,1,0,0.29486069572345464,21.501521483498717,0,1,0,13.373139758183223,2,8.326484680175781,3.845000171661377,0,nan,37,10002,scripted
16.490762519815412,10.448160409675136,7.149786298381669,1,0,0.29043982924092765,21.108891012306955,0,1,0,13.432239981965946,2,8.42620849609375,3.285000133514404,0,nan,38,10002,scripted
16.455652043214037,10.41147509472908,7.149786298381669,1,0,0.2841902962602931,20.71673674727788,0,1,0,13.49292991978999,2,8.458587646484375,2.725000095367432,0,nan,39,10002,scripted
16.4202268356329,10.37602752484037,7.149786298381669,1,0,0.27992058986590235,20.325086252339446,0,1,0,13.555183427959653,2,8.458587646484375,2.165000057220459,0,nan,40,10002,scripted
16.384414578146043,10.340821163310524,7.149786298381669,1,0,0.2851812044104531,19.93396922081817,0,1,0,13.618970065818095,2,8.458587646484375,1.6050000190734863,0,nan,41,10002,scripted
16.348190750913638,10.305114313342953,7.149786298381669,1,0,0.28884845310844093,19.5434176809093,0,1,0,13.684263747488584,2,8.458587646484375,1.0450000286102294,0,nan,42,10002,scripted
16.311580347812978,10.26846728193218,7.149786298381669,1,0,0.293760777071494,19.153466224861084,0,1,0,13.75101343613164,2,8.458587646484375,0.4850000381469727,0,nan,43,10002,scripted
16.274836074040543,10.23129391608354,7.149786298381669,1,0,0.2983394921284666,18.76415226504449,0,1,0,13.819168267236707,2,8.458587646484375,0.4050000190734863,0,nan,44,10002,scripted
16.238207171705934,10.194242546966802,7.149786298381669,1,0,0.3061974678338636,18.375516320558674,0,1,0,13.888665319881564,2,8.458587646484375,0.4050000190734863,0,nan,45,10002,scripted
16.201728104842726,10.157424266106,7.149786298381669,1,0,0.31536524620326084,17.987602338581034,0,1,0,13.959427167505508,2,8.458587646484375,0.4050000190734863,0,nan,46,10002,scripted
16.165401277701783,10.12086224899556,7.149786298381669,1,0,0.322667890595465,17.60045805532338,0,1,0,14.031325459740444,2,8.458587646484375,0.4050000190734863,0,nan,47,10002,scripted
16.12922937475248,10.084582652331301,7.149786298381669,1,0,0.32950879555314866,17.21413540221911,0,1,0,14.10416135630861,2,8.458587646484375,0.4050000190734863,0,nan,48,10002,scripted
16.093215386829446,10.048615070511621,7.149786298381669,1,0,0.3317636581346492,16.82869096386088,0,1,0,14.148640567677615,2,8.458587646484375,0.4050000190734863,0,nan,49,10002,scripted
16.057362639938667,10.012993069136769,7.149786298381669,1,0,0.33257515946105115,16.444186495257107,0,1,0,14.13094076745485,2,8.458587646484375,0.4050000190734863,0,nan,50,10002,scripted
16.021674827077174,9.977754808215058,7.149786298381669,1,0,0.3276518370362105,16.060689507207453,0,1,0,14.046162159384538,2,8.493576049804688,0.4050000190734863,0,nan,51,10002,scripted
15.98615604346902,9.942943769153302,7.149786298381669,1,0,0.31412538392589406,15.678273930044561,0,1,0,13.895044039206088,2,8.598556518554688,0.4050000190734863,0,nan,52,10002,scripted
15.950810825675788,9.90860960059064,7.149786298381669,1,0,0.3110769309691172,15.297020867690877,0,1,0,13.67831095925361,2,8.703536987304688,0.4050000190734863,0,nan,53,10002,scripted
15.915644195103658,9.874809098293703,7.149786298381669,1,0,0.31340895066785546,14.917019455980114,0,1,0,13.39471893119299,2,8.738533020019531,0.4050000190734863,0,nan,54,10002,scripted
15.880661706501655,9.82575947681988,7.149786298381669,1,0,0.31198936002438965,14.538367841545085,0,1,0,13.043199759135694,2,8.738533020019531,0.4050000190734863,0,nan,55,10002,scripted
15.845869502129043,9.760702682578929,7.149786298381669,1,0,0.3083512808657184,14.161174300336794,0,1,0,12.623611478781877,2,8.738533020019531,0.4050000190734863,0,nan,56,10002,scripted
15.811274372364736,9.697163898391906,7.149786298381669,1,0,0.2997530459132035,13.785558518080801,0,1,0,12.135776476671174,2,8.773529052734375,0.4050000190734863,0,nan,57,10002,scripted
15.776883823640025,9.635339591731173,7.149786298381669,1,0,0.2894182066253308,13.411653058769637,0,1,0,11.579543071035134,2,8.878524780273438,0.4050000190734863,0,nan,58,10002,scripted
15.74237087362925,9.581848983592291,7.097044397119016,1,0,0.2935806647505364,13.038970471025674,0,1,0,10.972439505410462,2,8.9835205078125,0.38370154077440694,0,nan,59,10002,scripted
15.707321228301959,9.543817565170176,6.9068873050084365,1,0,0.3002330967894141,12.665824555331332,0,1,0,10.37356325632443,2,9.018524169921875,0.3744712616591126,0,nan,60,10002,scripted
15.671673907703383,9.522233781770563,6.798968388010371,1,0,0.30448218792066056,12.29132001912323,0,1,0,9.854282978511433,2,9.018524169921875,0.3781938160919945,0,nan,61,10002,scripted
15.635456673462864,9.518007929075493,6.77783912453502,1,0,0.30321841423958745,11.915680771940405,0,1,0,9.380625494851438,2,9.018524169921875,0.39450274273289443,0,nan,62,10002,scripted
15.598958641003184,9.527933067553487,6.827464816924991,1,0,0.29992862592642544,11.540451327538852,0,1,0,8.88180337949449,2,9.052490234375,0.40500002552179354,0,nan,63,10002,scripted
15.562574051568783,9.54538612070231,6.914730082669104,1,0,0.29993343713122045,11.167078642185752,0,1,0,8.3458534941925,2,9.1529541015625,0.40500002552179354,0,nan,64,10002,scripted
15.526661157151494,9.560328453130179,6.989441744808456,1,0,0.3187562093224357,10.795100030090346,0,1,0,7.749518879162829,2,9.252632141113281,0.38370152891462905,0,nan,65,10002,scripted
15.491326233655505,9.565487623911295,7.015237598714027,1,0,0.34384696624998395,10.422378406707374,0,1,0,7.075458685999488,2,9.285812377929688,0.37447123243964786,0,nan,66,10002,scripted
15.45647568764565,9.56067195140832,6.991159236199155,1,0,0.36477958179505693,10.04778559118596,0,1,0,6.340135613106558,2,9.285812377929688,0.378193812826966,0,nan,67,10002,scripted
15.42211721528236,9.545897913279578,6.917289045555438,1,0,0.38501812476863395,9.67153220318366,0,1,0,5.564479979652365,2,9.285812377929688,0.39450272200660513,0,nan,68,10002,scripted
15.388230450517261,9.525368808246025,6.814643520387678,1,0,0.40130370427678236,9.29555516133762,0,1,0,4.771640505153509,2,9.314178466796875,0.4050000190734863,0,nan,69,10002,scripted
15.35467880217161,9.506327733387717,6.719438146096147,1,0,0.4113776241552432,8.921785032291647,0,1,0,3.9973521728198103,4,9.400428771972656,0.4050000190734863,0,nan,70,10002,scripted
15.32105157583708,9.498750324297669,6.6815511006458905,1,0,0.4393942417976135,8.549890103744614,0,1,0,3.2469675906868307,4,9.487228393554688,0.38370154077440694,0,nan,71,10002,scripted
15.28690753410699,9.509143483442411,6.733516896369606,1,0,0.46783719157076087,8.177350006084433,0,1,0,2.516755855278465,4,9.516159057617188,0.3744712616591126,0,nan,72,10002,scripted
15.252158809801307,9.536793856524223,6.871768761778668,2,0,0.4846099010540925,7.802728144223593,1,1,0,1.8255118050187094,4,9.516159057617188,0.3781938160919945,0,nan,73,10002,scripted
19.469177403808054,10.395630729604225,6.21218257327424,1,0,0.20679207044644654,35.616662924447,0,1,0,12.921791825025618,0,-2.1784439086914062,0.699999988079071,0,nan,1,10003,scripted
19.469178304703373,10.39563185170091,6.21218257327424,1,0,0.18915901606459504,35.51252695422008,0,1,0,12.803406898659874,0,-2.101409912109375,1.399999976158142,0,nan,2,10003,scripted
19.46917920559876,10.395632973797612,6.21218257327424,1,0,0.1760457099714596,35.33897836074467,0,1,0,12.607677676484618,0,-1.9730224609375,2.0999999046325684,0,nan,3,10003,scripted
19.469180106494225,10.395634095894328,6.21218257327424,1,0,0.16734732720678466,35.096034533173786,0,1,0,12.337130143496344,0,-1.79327392578125,2.799999952316284,0,nan,4,10003,scripted
19.469181007389764,10.39563521799106,6.21218257327424,1,0,0.1508043885907176,34.78372054416595,0,1,0,11.995639426220583,0,-1.5621719360351562,3.5,0,nan,5,10003,scripted
19.469900350486355,10.39607112959986,6.21218257327424,1,0,0.14715602819718798,34.409503696682094,0,1,0,11.589136633558422,0,-1.2799758911132812,4.18499984741211,0,nan,6,10003,scripted
19.47469249163578,10.398978680086298,6.21218257327424,1,0,0.14756034971679852,34.00810642855095,0,1,0,11.124811372118124,0,-0.9484405517578125,4.814999675750732,0,nan,7,10003,scripted
19.483321994694514,10.404242084361288,6.21218257327424,1,0,0.15098941677288855,33.60679557889718,0,1,0,10.636619255803806,0,-0.592620849609375,4.905000019073486,0,nan,8,10003,scripted
19.49244162246862,10.409846671209333,6.21218257327424,0,0,0.16089645028172914,33.20557428099054,0,1,0,10.16192490263519,0,-0.24083709716796875,4.905000019073486,0,nan,9,10003,scripted
19.501570510470422,10.415498458172063,6.21218257327424,0,0,0.16490688708953818,32.804445820672576,0,1,0,9.708435612110751,1,0.10064697265625,4.905000019073486,0,nan,10,10003,scripted
19.51070858309202,10.421196806214379,6.21218257327424,0,0,0.16817791619239197,32.40341364570974,0,1,0,9.279260860437393,2,0.42877960205078125,4.905000019073486,0,nan,11,10003,scripted
19.519855765822598,10.426941082661651,6.21218257327424,0,0,0.1729668394054302,32.00248137583956,0,1,0,8.87792757187354,2,0.7403106689453125,4.905000019073486,0,nan,12,10003,scripted
19.529011985229783,10.432730661287833,6.21218257327424,0,0,0.17856232740877886,31.601652813569913,0,1,0,8.508376437409288,2,1.0325164794921875,4.905000019073486,0,nan,13,10003,scripted
19.538177168941395,10.438564922394601,6.21218257327424,0,0,0.19347994698394022,31.20093195579787,0,1,0,8.174918776583214,2,1.3041534423828125,4.905000019073486,0,nan,14,10003,scripted
19.547351245627482,10.444443252881793,6.21218257327424,0,0,0.1982255843209488,30.800323006321054,0,1,0,7.882136777590583,2,1.5550613403320312,4.905000019073486,0,nan,15,10003,scripted
19.556534144982752,10.45036504630954,6.21218257327424,0,0,0.20133027776115753,30.39983038932216,0,1,0,7.634709575149747,2,1.7853851318359375,4.905000019073486,0,nan,16,10003,scripted
19.565725585261497,10.456329193328456,6.21218257327424,0,0,0.20487793644100183,29.999458763915467,0,1,0,7.437166778270821,2,1.9954071044921875,4.905000019073486,0,nan,17,10003,scripted
19.574925923096423,10.462336121907315,6.21218257327424,0,0,0.20996308224313662,29.599213039853566,0,1,0,7.293562802460942,2,2.1855697631835938,4.905000019073486,0,nan,18,10003,scripted
19.58413487866118,10.468384734548613,6.21218257327424,0,0,0.21428435350277,29.199098394503118,0,1,0,7.207125285227033,2,2.3564834594726562,4.905000019073486,0,nan,19,10003,scripted
19.593352385579536,10.474474451919955,6.21218257327424,0,0,0.22364056747534847,28.79912029120986,0,1,0,7.179916933664193,2,2.5088958740234375,4.905000019073486,0,nan,20,10003,scripted
19.59967350842785,10.482205143665535,6.21218257327424,0,0,0.25237966129714245,28.3992844991866,0,1,0,7.212604949887874,2,2.6325225830078125,4.7034978858335545,0,nan,21,10003,scripted
19.600224808507686,10.49315368427423,6.21218257327424,0,0,0.2787973621155414,27.999597115072373,0,1,0,7.3174211961710345,2,2.7237167358398438,4.588057258366303,0,nan,22,10003,scripted
19.59506986308209,10.507349036715102,6.21218257327424,0,0,0.3060148473668642,27.600064586327726,0,1,0,7.499616261179646,2,2.790069580078125,4.5658475132719385,0,nan,23,10003,scripted
19.584306755766892,10.524903732192383,6.21218257327424,0,0,0.33390470157933344,27.20069373664978,0,1,0,7.745629332756387,2,2.8323211669921875,4.638336461668656,0,nan,24,10003,scripted
19.568063784224783,10.54600611432054,6.21218257327424,0,0,0.36210968359026285,26.801491793611767,0,1,0,8.040328895881146,2,2.8510055541992188,4.800841558712937,0,nan,25,10003,scripted
19.548000400279875,10.569975579441337,6.21218257327424,0,0,0.3801111021982357,26.40246641875572,0,1,0,8.37141834428597,2,2.8539886474609375,4.905000017923595,0,nan,26,10003,scripted
19.529788078379617,10.593396963904024,6.21218257327424,0,0,0.37040890452077835,26.003625740393815,0,1,0,8.729574969566864,2,2.8691864013671875,4.7034979436603805,0,nan,27,10003,scripted
19.51739578804445,10.613467561380832,6.21218257327424,0,0,0.35132669146795203,25.604978389404746,0,1,0,9.108251116851573,2,2.92999267578125,4.588057353714423,0,nan,28,10003,scripted
19.510673283900402,10.629978730423982,6.21218257327424,0,0,0.32152394222811265,25.20653353834597,0,1,0,9.503324174000443,2,3.0611495971679688,4.565847821775456,0,nan,29,10003,scripted
19.509497665622995,10.64280551054,6.21218257327424,0,0,0.2749982498456745,24.80830094424244,0,1,0,9.912711033166564,2,3.274658203125,4.638336783863332,0,nan,30,10003,scripted
19.51378187281936,10.65190049680783,6.21218257327424,0,0,0.21726605232602866,24.410290995457313,0,1,0,10.322125456163635,2,3.4635543823242188,4.800841925011909,0,nan,31,10003,scripted
19.522039543809424,10.658275578736763,6.21218257327424,0,0,0.1741902681342653,24.012514763101603,0,1,0,10.720439568055811,2,3.6969528198242188,4.905000019073486,0,nan,32,10003,scripted
19.528873480490905,10.665657744358574,6.21218257327424,0,0,0.17733908322533085,23.614984057498415,0,1,0,11.115013369848558,2,3.978790283203125,4.7034978858335545,0,nan,33,10003,scripted
19.530371186830866,10.676733945405896,6.21218257327424,0,0,0.18079434634873767,23.21771149028474,0,1,0,11.510311373457785,2,4.284698486328125,4.588057258366303,0,nan,34,10003,scripted
19.526602836754158,10.691518527889013,6.21218257327424,0,0,0.1837136042744485,22.820710542810883,0,1,0,11.906261446753764,2,4.618171691894531,4.5658475132719385,0,nan,35,10003,scripted
19.517677677861794,10.710093187783155,6.21218257327424,0,0,0.1869761661268441,22.423991906310036,0,1,0,12.302804369395632,2,4.982383728027344,4.638336461668656,0,nan,36,10003,scripted
19.50374281168934,10.732602239714073,6.21218257327424,0,0,0.19069214461285014,22.027578509262906,0,1,0,12.699877488029045,2,5.3768768310546875,4.800841558712937,0,nan,37,10003,scripted
19.486356388550572,10.758201374606397,6.21218257327424,0,0,0.1854195462725605,21.631483189362857,0,1,0,13.09743597398886,2,5.808570861816406,4.905000017923595,0,nan,38,10003,scripted
19.470736192173412,10.783052005567331,6.21218257327424,0,0,0.1608206725670209,21.235723745238793,0,1,0,13.495436932422455,2,6.304206848144531,4.7034979436603805,0,nan,39,10003,scripted
19.45588343148442,10.802858584335372,6.21218257327424,0,0,0.15478798124918405,20.840319311828537,0,1,0,13.706900518625117,2,6.84246826171875,4.073497997872198,0,nan,40,10003,scripted
19.437027366396645,10.816363730407165,6.21218257327424,0,0,0.1506117371386146,20.445290486474192,0,1,0,13.769527240913993,3,7.35589599609375,3.443498052084016,0,nan,41,10003,scripted
19.41403904740094,10.82365693684999,6.21218257327424,0,0,0.14904043419384322,20.050659469356983,0,1,0,13.83383607358451,3,7.784980773925781,2.813498041402719,0,nan,42,10003,scripted
19.386832188921186,10.824846651920968,6.21218257327424,0,0,0.1466523627866522,19.65645022017916,0,1,0,13.899789258990655,3,8.096710205078125,2.183498030721423,0,nan,43,10003,scripted
19.355356296844985,10.820059284632626,6.21218257327424,0,0,0.14317188217316,19.26268863329083,0,1,0,13.967347897198115,3,8.29107666015625,1.5534980200401303,0,nan,44,10003,scripted
19.319602899332317,10.809447948152613,6.21218257327424,0,0,0.13724742520156388,18.86940273379913,0,1,0,14.036466677832813,3,8.381866455078125,0.9234980034080597,0,nan,45,10003,scripted
19.27997937617101,10.793748853539455,6.21218257327424,0,0,0.12867834240336548,18.47662289759588,0,1,0,14.107082090560187,3,8.404800415039062,0.4050000190734863,0,nan,46,10003,scripted
19.2386765968311,10.776258470103377,6.21218257327424,0,0,0.1234361033146029,18.08438209870845,0,1,0,14.050713786505536,3,8.404800415039062,0.4050000190734863,0,nan,47,10003,scripted
19.197465114603588,10.759607105177139,6.21218257327424,0,0,0.11900207235356797,17.692716187930916,0,1,0,13.92936695890245,3,8.404800415039062,0.4050000190734863,0,nan,48,10003,scripted
19.15634748483086,10.743821370444431,6.21218257327424,0,0,0.11515008122285092,17.301664207344988,0,1,0,13.808844391214008,3,8.404800415039062,0.4050000190734863,0,nan,49,10003,scripted
19.115326470953978,10.728927542835205,6.21218257327424,0,0,0.10964740011359632,16.91126874611236,0,1,0,13.689135582288745,3,8.404800415039062,0.4050000190734863,0,nan,50,10003,scripted
19.07440506577759,10.71495139811336,6.21218257327424,0,0,0.10280693770442367,16.521576343836397,0,1,0,13.57023995429755,3,8.404800415039062,0.4050000190734863,0,nan,51,10003,scripted
19.033586515339074,10.701918034450253,6.21218257327424,0,0,0.09623193248432983,16.132637948880408,0,1,0,13.452136923788215,3,8.404800415039062,0.4050000190734863,0,nan,52,10003,scripted
18.992874345752906,10.689851687851634,6.21218257327424,0,0,0.0856975224644226,15.744509440327507,0,1,0,13.334796028198436,3,8.404800415039062,0.4050000190734863,0,nan,53,10003,scripted
18.95227239346088,10.6787755417452,6.21218257327424,0,0,0.07586160319052597,15.35725222381698,0,1,0,13.218186739575746,3,8.404800415039062,0.4050000190734863,0,nan,54,10003,scripted
18.911784839389597,10.668711533458747,6.21218257327424,0,0,0.07078241782493566,14.970933913345725,0,1,0,13.102260847471282,3,8.438087463378906,0.4050000190734863,0,nan,55,10003,scripted
18.871416247599807,10.65968016070245,6.21218257327424,0,0,0.06660749589876044,14.585629113345183,0,1,0,12.98695125484223,3,8.538421630859375,0.4050000190734863,0,nan,56,10003,scripted
18.83117160911102,10.651700291489613,6.21218257327424,0,0,0.06614604221600394,14.201420318011293,0,1,0,12.872166702879666,3,8.63897705078125,0.4050000190734863,0,nan,57,10003,scripted
18.79105639170158,10.644788981164897,6.21218257327424,0,0,0.06762379337983639,13.818398948070982,0,1,0,12.564629635901705,3,8.6724853515625,0.4050000190734863,0,nan,58,10003,scripted
18.751076596623303,10.638961300335122,6.21218257327424,0,0,0.06739577229871932,13.4366665490269,0,1,0,12.032532849472704,3,8.6724853515625,0.4050000190734863,0,nan,59,10003,scripted
18.711238823334757,10.634230177497594,6.21218257327424,0,0,0.0681285403153586,13.056336179567818,0,1,0,11.431857400442524,3,8.6724853515625,0.4050000190734863,0,nan,60,10003,scripted
18.67155034355389,10.630606260021533,6.21218257327424,0,0,0.07198728757080197,12.677534024427171,0,1,0,10.780201997079322,3,8.6724853515625,0.4050000190734863,0,nan,61,10003,scripted
18.63201918616469,10.628097796854174,6.21218257327424,0,0,0.08024609318450492,12.300401272706088,0,1,0,10.146828946008865,3,8.707305908203125,0.4050000190734863,0,nan,62,10003,scripted
18.592654234791738,10.626710545897282,6.21218257327424,0,0,0.09234665714740499,11.925096310769757,0,1,0,9.583354159992902,3,8.81182861328125,0.4050000190734863,0,nan,63,10003,scripted
18.55346534018971,10.62644770844452,6.21218257327424,0,0,0.1038589310877081,11.551797288523687,0,1,0,9.089972699617615,3,8.916366577148438,0.4050000190734863,0,nan,64,10003,scripted
18.51428316663209,10.630495028713323,6.21218257327424,0,0,0.11696565243888236,11.179832163749008,0,1,0,8.68248261030794,3,8.951217651367188,0.38370154077440694,0,nan,65,10003,scripted
18.474838723813242,10.641879961298049,6.21218257327424,0,0,0.12387372881136993,10.807099905482707,0,1,0,8.347814170700742,3,8.951217651367188,0.3744712616591126,0,nan,66,10003,scripted
18.435065526167104,10.660363940966226,6.21218257327424,0,0,0.12999641522822425,10.432513090239421,0,1,0,8.059301121113274,3,8.951217651367188,0.3781938160919945,0,nan,67,10003,scripted
18.395003024959944,10.685715367743507,6.21218257327424,0,0,0.136973594172748,10.056281702773084,0,1,0,7.822590318578149,3,8.951217651367188,0.39450274273289443,0,nan,68,10003,scripted
18.35487728332385,10.715971654402466,6.21218257327424,0,0,0.14229097901977036,9.680274921050271,0,1,0,7.631505146057081,3,8.985610961914062,0.40500002552179354,0,nan,69,10003,scripted
18.314944426440427,10.747955694887008,6.21218257327424,0,0,0.146656429037359,9.306365075213758,0,1,0,7.467543162688088,3,9.087669372558594,0.40500002552179354,0,nan,70,10003,scripted
18.27531508294188,10.777323455676447,6.21218257327424,0,0,0.1525440398052187,8.934261077575716,0,1,0,7.296374982015406,3,9.252235412597656,0.38370152891462905,0,nan,71,10003,scripted
18.23588248055912,10.753913651296855,6.21218257327424,0,0,0.15539235560155298,8.561586992439231,0,1,0,7.058403314487442,3,9.413276672363281,0.37447123243964786,0,nan,72,10003,scripted
18.196520020835802,10.732029603412588,6.21218257327424,0,0,0.16112215450869047,8.18698203658046,0,1,0,6.716134301752827,3,9.508834838867188,0.378193812826966,0,nan,73,10003,scripted
18.15721876297896,10.716334260963823,6.21218257327424,1,0,0.18522427733126476,7.810699944236641,1,1,0,6.3254506601527964,3,9.540245056152344,0.39450272200660513,0,nan,74,10003,scripted
18.1180744065792,10.705510630119388,6.21218257327424,1,0,0.21088848672200575,7.435044228793855,1,1,0,5.963509267528297,3,9.540245056152344,0.4050000190734863,0,nan,75,10003,scripted
18.079156884559225,10.696897870117951,6.21218257327424,1,0,0.22154410802210278,7.06229916880527,1,1,0,5.629042400790619,3,9.540245056152344,0.4050000190734863,0,nan,76,10003,scripted
18.040322817961105,10.686366227222967,6.21218257327424,1,0,0.23039582121181312,6.691842467689558,1,1,0,5.334912933080384,3,9.540245056152344,0.38370154077440694,0,nan,77,10003,scripted
18.001296731494005,10.670800022145054,6.21218257327424,1,0,0.22861557428053314,6.320252240504753,1,1,0,5.1170966546600285,3,9.540245056152344,0.3744712616591126,0,nan,78,10003,scripted
17.961991133536735,10.649969864668353,6.21218257327424,1,0,0.22239980502207382,5.9455518347015035,1,1,0,4.94863106394498,3,9.540245056152344,0.3781938160919945,0,nan,79,10003,scripted
17.922481092158197,10.623678365187947,6.21218257327424,1,0,0.22147185776804257,5.567867483763502,1,1,0,4.803562130254661,3,9.540245056152344,0.39450274273289443,0,nan,80,10003,scripted
17.883066949288054,10.5935230618369,6.21218257327424,1,0,0.2234307946212819,5.190392447355799,1,1,0,4.671662068600729,3,9.540245056152344,0.40500002552179354,0,nan,81,10003,scripted
17.844046805251736,10.562523623780535,6.21218257327424,1,0,0.22551425873768408,4.816739633424402,1,1,0,4.593581445053655,3,9.567558288574219,0.40500002552179354,0,nan,82,10003,scripted
17.805412136270178,10.535174552686723,6.21218257327424,1,0,0.2117079247147654,4.446763092156459,1,1,0,4.528669164194094,3,9.64825439453125,0.38370152891462905,0,nan,83,10003,scripted
17.766820478301305,10.514791540142008,6.21218257327424,1,0,0.19787163117785544,4.075974020569463,1,1,0,4.377132976591678,3,9.7789306640625,0.37447123243964786,0,nan,84,10003,scripted
17.728013181049143,10.50161545600075,6.21218257327424,1,0,0.18790216271732407,3.701293398825482,1,1,0,4.137508864436257,3,9.907691955566406,0.378193812826966,0,nan,85,10003,scripted
17.68890640823951,10.495892675336648,6.21218257327424,1,0,0.19612825132981335,3.3226622607054375,1,1,0,3.8136277478847047,3,9.984840393066406,0.39450272200660513,0,nan,86,10003,scripted
17.649708929763104,10.495975808577963,6.21218257327424,1,0,0.21355776407929528,2.9450094546822476,1,1,0,3.4342492142729646,3,10.010513305664062,0.4050000190734863,0,nan,87,10003,scripted
17.610721334633798,10.498687617948516,6.21218257327424,1,0,0.22223154226703254,2.574753550406837,1,1,0,3.0420894801365796,3,10.010513305664062,0.4050000190734863,0,nan,88,10003,scripted
17.57201414010939,10.499260941913898,6.21218257327424,1,0,0.21697438834399607,2.2122604641662633,1,1,0,2.686640398355934,3,10.010513305664062,0.38370154077440694,0,nan,89,10003,scripted
17.533348202841932,10.494214945642833,6.21218257327424,1,0,0.2174286249173524,1.849053413495175,1,1,0,2.3867522057776362,3,10.010513305664062,0.3744712616591126,0,nan,90,10003,scripted
17.494613121863022,10.483404706466228,6.21218257327424,1,0,0.22035540621727936,1.4775195417563223,1,1,0,2.1347349823348556,3,10.010513305664062,0.3781938160919945,0,nan,91,10003,scripted
17.459571330170768,10.471336486998254,6.21218257327424,1,0,0.21948389364808293,1.134957300657947,1,1,0,1.8845513232980482,3,10.010513305664062,0.3081938160878027,0,nan,92,10003,scripted
17.431838681648397,10.462300446740235,6.21218257327424,1,0,0.21643691711708715,0.8626279586196225,1,1,0,1.5858885682406527,3,10.010513305664062,0.238193816083611,0,nan,93,10003,scripted
17.41132928162546,10.455914746175637,6.21218257327424,1,0,0.213008356990519,0.6605422388086234,1,1,0,1.2382068684847687,3,10.010513305664062,0.16819381913715742,0,nan,94,10003,scripted
17.39795035481118,10.451886219180896,6.21218257327424,1,0,0.21234829935654567,0.5285298343294266,1,1,0,0.8392562986977491,3,10.010513305664062,0.09819382219070386,0,nan,95,10003,scripted
17.391623570102972,10.450018999498482,6.21218257327424,1,0,0.21401882576814915,0.46613360074855814,1,1,0,0.39023942404532247,3,10.042312622070312,0.028193823715381355,0,nan,96,10003,scripted
17.39021418889435,10.44960622575916,6.21218257327424,1,0,0.20540982611522207,0.45224435462959117,1,1,0,0.1165874861083184,3,10.138084411621094,0.0,0,nan,97,10003,scripted
17.39021418889435,10.44960622575916,6.21218257327424,1,0,0.20276772877225505,0.45224435462959117,1,1,0,0.5661697243247881,3,10.234039306640625,0.0,0,nan,98,10003,scripted
17.39021418889435,10.44960622575916,6.21218257327424,1,0,0.2033064351914442,0.45224435462959117,1,1,0,0.8827379388583332,3,10.266021728515625,0.0,0,nan,99,10003,scripted
17.39021418889435,10.44960622575916,6.21218257327424,1,0,0.20266867243874875,0.45224435462959117,1,1,0,0.5827388415667144,3,10.266021728515625,0.0,0,nan,100,10003,scripted
17.39021418889435,10.44960622575916,6.21218257327424,1,0,0.2067216191258988,0.45224435462959117,1,1,0,0.2827405580214538,3,10.266021728515625,0.0,0,nan,101,10003,scripted
17.39021418889435,10.44960622575916,6.21218257327424,1,0,0.2078759293976514,0.45224435462959117,1,1,0,0.01725997875904797,3,10.266021728515625,0.0,0,nan,102,10003,scripted
17.39021418889435,10.44960622575916,6.21218257327424,1,0,0.2084718448429019,0.45224435462959117,1,1,0,0.2822631316279191,3,10.266021728515625,0.0,0,nan,103,10003,scripted
17.39021418889435,10.44960622575916,6.21218257327424,1,0,0.20958541906092534,0.45224435462959117,1,1,0,0.47726363248108344,3,10.266021728515625,0.0,0,nan,104,10003,scripted
17.39021418889435,10.44960622575916,6.21218257327424,1,0,0.21179149025364352,0.45224435462959117,1,1,0,0.6022642177782526,3,10.266021728515625,0.0,0,nan,105,10003,scripted
17.39021418889435,10.44960622575916,6.21218257327424,1,0,0.21481574759263666,0.45224435462959117,1,1,0,0.6572648874902143,3,10.266021728515625,0.0,0,nan,106,10003,scripted
17.39021418889435,10.44960622575916,6.21218257327424,1,0,0.2168849094478661,0.45224435462959117,1,1,0,0.6422656416126103,3,10.266021728515625,0.0,0,nan,107,10003,scripted
17.39021418889435,10.44960622575916,6.21218257327424,1,0,0.21621295796394432,0.45224435462959117,1,1,0,0.5572664801481977,3,10.266021728515625,0.0,0,nan,108,10003,scripted
17.39021418889435,10.44960622575916,6.21218257327424,1,0,0.21326251383335218,0.45224435462959117,1,1,0,0.4022674031129717,3,10.266021728515625,0.0,0,nan,109,10003,scripted
17.39021418889435,10.44960622575916,6.21218257327424,1,0,0.20181505552250734,0.45224435462959117,1,1,0,0.1772658342673448,3,10.266021728515625,0.0,0,nan,110,10003,scripted
17.39021418889435,10.44960622575916,6.21218257327424,1,0,0.18976578279959366,0.45224435462959117,1,1,0,0.10273914174255136,3,10.266021728515625,0.0,0,nan,111,10003,scripted
17.39021418889435,10.44960622575916,6.21218257327424,1,0,0.18781934744078554,0.45224435462959117,1,1,0,0.2315164344344159,3,10.266021728515625,0.0,0,nan,112,10003,scripted
17.39021418889435,10.44960622575916,6.21218257327424,1,0,0.19366403070624294,0.45224435462959117,1,1,0,0.5627427965451199,3,10.266021728515625,0.0,0,nan,113,10003,scripted
17.39021418889435,10.44960622575916,6.21218257327424,1,0,0.20532288043699745,0.45224435462959117,1,1,0,0.6877461192763076,3,10.266021728515625,0.0,0,nan,114,10003,scripted
17.39021418889435,10.44960622575916,6.21218257327424,1,0,0.21368917061330764,0.45224435462959117,1,1,0,0.7427442128606034,3,10.266021728515625,0.0,0,nan,115,10003,scripted
17.39021418889435,10.44960622575916,6.21218257327424,1,0,0.22425747597891088,0.45224435462959117,1,1,0,0.7277423908943441,3,10.266021728515625,0.0,0,nan,116,10003,scripted
17.39021418889435,10.44960622575916,6.21218257327424,1,0,0.23729895656185762,0.45224435462959117,1,1,0,0.6427459668459988,3,10.266021728515625,0.0,0,nan,117,10003,scripted
17.39021418889435,10.44960622575916,6.21218257327424,1,0,0.25074207494586215,0.45224435462959117,1,1,0,0.487746889751859,3,10.266021728515625,0.0,0,nan,118,10003,scripted
17.39021418889435,10.44960622575916,6.21218257327424,1,0,0.26196890588004806,0.45224435462959117,1,1,0,0.2627478970631924,3,10.266021728515625,0.0,0,nan,119,10003,scripted
17.39021418889435,10.44960622575916,6.21218257327424,1,0,0.263746460056886,0.45224435462959117,1,1,0,0.01725176541708279,3,10.266021728515625,0.0,0,nan,120,10003,scripted
17.39021418889435,10.44960622575916,6.21218257327424,1,0,0.25061194650463997,0.45224435462959117,1,1,0,0.28225234324456244,3,10.266021728515625,0.0,0,nan,121,10003,scripted
17.39021418889435,10.44960622575916,6.21218257327424,1,0,0.23773803915153002,0.45224435462959117,1,1,0,0.47725042985783017,3,10.266021728515625,0.0,0,nan,122,10003,scripted
17.39021418889435,10.44960622575916,6.21218257327424,1,0,0.226632043803916,0.45224435462959117,1,1,0,0.602251176758918,3,10.266021728515625,0.0,0,nan,123,10003,scripted
17.39021418889435,10.44960622575916,6.21218257327424,1,0,0.21873699944465994,0.45224435462959117,1,1,0,0.6572492706027757,3,10.266021728515625,0.0,0,nan,124,10003,scripted
17.39021418889435,10.44960622575916,6.21218257327424,1,0,0.21419840899127318,0.45224435462959117,1,1,0,0.6422527621909567,3,10.266021728515625,0.0,0,nan,125,10003,scripted
17.39021418889435,10.44960622575916,6.21218257327424,1,0,0.21760174694616788,0.45224435462959117,1,1,0,0.37153401437395844,3,10.266021728515625,0.0,0,nan,126,10003,scripted
17.39021418889435,10.44960622575916,6.21218257327424,1,0,0.22448943456618564,0.45224435462959117,1,1,0,0.11846240839317108,3,10.266021728515625,0.0,0,nan,127,10003,scripted
17.39021418889435,10.44960622575916,6.21218257327424,1,0,0.23400684090376733,0.45224435462959117,1,1,0,0.1772498942853092,3,10.266021728515625,0.0,0,nan,128,10003,scripted
17.39021418889435,10.44960622575916,6.21218257327424,1,0,0.2413790200472765,0.45224435462959117,1,1,0,0.10274735402357335,3,10.266021728515625,0.0,0,nan,129,10003,scripted
17.39021418889435,10.44960622575916,6.21218257327424,1,0,0.23763790299863416,0.45224435462959117,1,1,0,0.3677453562429509,3,10.266021728515625,0.0,0,nan,130,10003,scripted
17.39021418889435,10.44960622575916,6.21218257327424,1,0,0.23379330596102732,0.45224435462959117,1,1,0,0.5627434430174941,3,10.266021728515625,0.0,0,nan,131,10003,scripted
17.39021418889435,10.44960622575916,6.21218257327424,1,0,0.22699370206762984,0.45224435462959117,1,1,0,0.6877441899358341,3,10.266021728515625,0.0,0,nan,132,10003,scripted
17.39021418889435,10.44960622575916,6.21218257327424,1,0,0.22015990756441153,0.45224435462959117,1,1,0,0.7427422838106221,3,10.266021728515625,0.0,0,nan,133,10003,scripted
17.39021418889435,10.44960622575916,6.21218257327424,1,0,0.21505693801835113,0.45224435462959117,1,1,0,0.7277430378036875,3,10.266021728515625,0.0,0,nan,134,10003,scripted
17.39021418889435,10.44960622575916,6.21218257327424,1,0,0.2135010752524087,0.45224435462959117,1,1,0,0.6427438763684681,3,10.266021728515625,0.0,0,nan,135,10003,scripted
17.39021418889435,10.44960622575916,6.21218257327424,1,0,0.21673569594271078,0.45224435462959117,1,1,0,0.4877446374299684,3,10.266021728515625,0.0,0,nan,136,10003,scripted
17.39021418889435,10.44960622575916,6.21218257327424,1,0,0.22579229190735842,0.45224435462959117,1,1,0,0.26274274545501003,3,10.266021728515625,0.0,0,nan,137,10003,scripted
17.39021418889435,10.44960622575916,6.21218257327424,1,0,0.24008707028569956,0.45224435462959117,1,1,0,0.01725724056949369,3,10.266021728515625,0.0,0,nan,138,10003,scripted
17.39021418889435,10.44960622575916,6.21218257327424,1,0,0.25507409929109665,0.45224435462959117,1,1,0,0.28226071791645707,3,10.266021728515625,0.0,0,nan,139,10003,scripted
17.39021418889435,10.44960622575916,6.21218257327424,1,0,0.26269061478117184,0.45224435462959117,1,0,0,nan,3,10.266021728515625,0.0,0,nan,140,10003,scripted
13.743134172094164,9.75721908439545,2.3735327604510683,1,3,0.4528197650282089,32.750890366493735,0,1,0,22.31099612731487,1,0.43511962890625,0.699999987230228,0,nan,1,10004,scripted
13.739565689159651,9.760594392273525,2.3735327604510683,1,3,0.4468850422402226,32.64966599605426,0,1,0,22.149633404461266,1,0.5429763793945312,1.399999974460456,0,nan,2,10004,scripted
13.733692308704253,9.766301574623661,2.3735327604510683,1,3,0.44021820851911625,32.4810094404724,0,1,0,21.88140866763954,1,0.7240753173828125,2.0999999080465037,0,nan,3,10004,scripted
13.72562917841627,9.774469344731617,2.3735327604510683,1,3,0.43202042238532523,32.24500565745954,0,1,0,21.50745057786033,1,0.9829788208007812,2.799999948920912,0,nan,4,10004,scripted
13.715537244696488,9.785279945213727,2.3735327604510683,1,3,0.41986738646594496,31.941769232155924,0,1,0,21.029491875393393,1,1.3227310180664062,3.499999972936581,0,nan,5,10004,scripted
13.704497909172465,9.795302840941266,2.3735327604510683,1,3,0.4105141641386349,31.578670789070316,0,1,0,20.457645246962336,1,1.7092514038085938,3.623584891606364,0,nan,6,10004,scripted
13.696052094239846,9.803326062170564,2.3735327604510683,1,3,0.40115208297689753,31.18950349047009,0,1,0,19.831339658054194,1,2.1215972900390625,3.8093908767345135,0,nan,7,10004,scripted
13.692737045262955,9.811668775261126,2.3735327604510683,1,3,0.39505898716959714,30.80074441278366,0,1,0,19.1979303016395,1,2.4645156860351562,4.094751506099615,0,nan,8,10004,scripted
13.694422885325817,9.820192658539124,2.3735327604510683,1,3,0.38804012563729445,30.41240921076817,0,1,0,18.577470306148534,1,2.8046188354492188,4.458696373969238,0,nan,9,10004,scripted
13.701043932169593,9.828834974227874,2.3735327604510683,1,3,0.3769082824421199,30.024514331572856,0,1,0,17.974895657854677,1,3.1408767700195312,4.882101978738481,0,nan,10,10004,scripted
13.70882053085209,9.839309962093253,2.3735327604510683,1,3,0.36452826594480575,29.637077064252573,0,1,0,17.392847118200663,1,3.4854736328125,4.6861291950153525,0,nan,11,10004,scripted
13.714011119050877,9.853380872114334,2.3735327604510683,1,3,0.3465763680329304,29.250115592935398,0,1,0,16.833524194713338,1,3.851165771484375,4.576989158704132,0,nan,12,10004,scripted
13.716707460310023,9.871172485694714,2.3735327604510683,1,3,0.32394755477388515,28.86364905395251,0,1,0,16.298997572761195,1,4.2378082275390625,4.561527340096762,0,nan,13,10004,scripted
13.717082543836796,9.892911169259207,2.3735327604510683,1,3,0.3118701220150965,28.477697597267227,0,1,0,15.79151774708437,1,4.504310607910156,4.640769367612355,0,nan,14,10004,scripted
13.715388011545116,9.9189249319064,2.3735327604510683,1,3,0.28549545905820556,28.092282452571922,0,1,0,15.31346239915212,1,4.7491302490234375,4.8096076196473065,0,nan,15,10004,scripted
13.712589278933772,9.948467185591657,2.3735327604510683,1,3,0.2645600284873748,27.70742600045655,0,1,0,14.867488848551881,1,4.978790283203125,4.905000025521794,0,nan,16,10004,scripted
13.71103277704967,9.962639134860666,2.3735327604510683,1,3,0.264712492508486,27.323151849091012,0,1,0,14.456669764190764,1,5.158699035644531,4.703497892281861,0,nan,17,10004,scripted
13.712020844941893,9.96264008799804,2.3735327604510683,2,3,0.2805420465965817,26.93948491690608,0,1,0,14.084281421756458,1,5.296669006347656,4.58805726481461,0,nan,18,10004,scripted
13.715268349251009,9.965359843150939,2.3735327604510683,2,3,0.2878905749171199,26.55645152180444,0,1,0,13.75354054673595,1,5.4029541015625,4.565847519720245,0,nan,19,10004,scripted
13.720571647093527,9.970507222991396,2.3735327604510683,2,3,0.3069195410863457,26.174079477485037,0,1,0,13.467494457615897,1,5.4765777587890625,4.638336468116964,0,nan,20,10004,scripted
13.727810558421051,9.977892148991282,2.3735337043320315,2,3,0.31995764567378887,25.792398197520757,0,1,0,13.2287789930955,1,5.5163726806640625,4.800841565161245,0,nan,21,10004,scripted
13.73644223052653,9.986858659011785,2.3735332323908307,2,3,0.3269099445415899,25.41143880789231,0,1,0,13.03909932147803,1,5.528900146484375,4.905000024371902,0,nan,22,10004,scripted
13.744577065852322,9.995261205970824,2.3735337043320315,2,3,0.31748074539610843,25.03123426875018,0,1,0,12.899038693478664,1,5.5412139892578125,4.703497950108688,0,nan,23,10004,scripted
13.750836959273844,10.001573559888993,2.3735337043320315,2,3,0.33060981428180924,24.6518195062528,0,1,0,12.808388901832013,1,5.573600769042969,4.588057360162731,0,nan,24,10004,scripted
13.755298820253937,10.005930147376745,2.3735337043320315,2,3,0.32731964207574626,24.273231555412917,0,1,0,12.7663627430278,1,5.626762390136719,4.565847828223764,0,nan,25,10004,scripted
13.758118806036629,10.00856357576145,2.3735337043320315,2,3,0.32376052665143484,23.895506221387414,0,1,0,12.77166584939085,1,5.701416015625,4.638336790311639,0,nan,26,10004,scripted
13.759530065947132,10.004919601653901,2.3735337043320315,2,3,0.33435007390394933,23.518692212346846,0,1,0,12.822599349335244,1,5.7981719970703125,4.800841931460217,0,nan,27,10004,scripted
13.760242279206091,9.999565653805565,2.3735337043320315,3,3,0.3376340861421631,23.142830388780414,0,1,0,12.91735321211194,1,5.909706115722656,4.905000025521794,0,nan,28,10004,scripted
13.761899772477056,9.995749917094637,2.3735337043320315,3,3,0.3553053412263451,22.767967907800355,0,1,0,13.054128924533703,1,6.00762939453125,4.703497892281861,0,nan,29,10004,scripted
13.765357036631002,9.995165733864976,2.3735337043320315,3,3,0.37502527148352444,22.394154954349368,0,1,0,13.23075543271231,1,6.069847106933594,4.58805726481461,0,nan,30,10004,scripted
13.77097397251219,9.99863919963704,2.3735337043320315,3,3,0.3895936008390322,22.021018046514804,0,1,0,13.420640495924381,1,6.10723876953125,4.54454902311308,0,nan,31,10004,scripted
13.779160217440836,10.00701221423708,2.3735337043320315,3,3,0.40240902491371205,21.647503064078943,0,1,0,13.592596703557414,1,6.1364593505859375,4.6078076750348185,0,nan,32,10004,scripted
13.789938944721857,10.020205732993702,2.3735337043320315,3,3,0.42882643805857423,21.27309587080984,0,1,0,13.738510995733497,1,6.1826171875,4.774035352466417,0,nan,33,10004,scripted
13.803261806769466,10.0378379669477,2.3735337043320315,4,3,0.4319090530598462,20.897943215213814,0,1,0,13.8520617654044,1,6.2723388671875,4.894502720856714,0,nan,34,10004,scripted
13.817654862359097,10.056989291641369,2.3735337043320315,3,3,0.4220088372909405,20.522971134496686,0,1,0,13.941942227679098,1,6.427803039550781,4.7034979436603805,0,nan,35,10004,scripted
13.831244620865139,10.074390641622623,2.3735337043320315,3,3,0.42740445962503265,20.149021082488243,0,1,0,14.02972033330471,1,6.6614227294921875,4.588057353714423,0,nan,36,10004,scripted
13.842618654320654,10.087833659261639,2.3735337043320315,3,3,0.4378243578425128,19.775866395208883,0,1,0,14.150702209811486,1,6.966949462890625,4.544549343476378,0,nan,37,10004,scripted
13.850713508176117,10.095746619328969,2.3735337043320315,2,3,0.4417561254110038,19.402369618352086,0,1,0,14.33280857144893,1,7.340484619140625,4.607808026448959,0,nan,38,10004,scripted
13.855530602855959,10.098230771785484,2.3735337043320315,3,3,0.4509446067731187,19.027959788001997,0,1,0,14.580000942489802,1,7.779563903808594,4.774035722030417,0,nan,39,10004,scripted
13.832496724949067,10.074294482050627,2.3735337043320315,3,3,0.4663881252812607,18.652806527743735,0,1,0,14.896252529751154,1,8.034194946289062,3.7677859275882213,0,nan,40,10004,scripted
13.78524781745202,10.027931383465202,2.3735337043320315,3,3,0.46117712354487184,18.27791542333023,0,1,0,15.269049408737953,1,8.108222961425781,3.1924151503592713,0,nan,41,10004,scripted
13.74030219657202,9.983037558001339,2.3735337043320315,3,3,0.4480722076338197,17.904192178370636,0,1,0,15.365085372486803,1,8.240707397460938,2.6324151038425887,0,nan,42,10004,scripted
13.697872327234538,9.940619544432705,2.3735337043320315,3,3,0.4328343563572979,17.531322766914823,0,1,0,15.290071129198035,1,8.429496765136719,2.051116560718741,0,nan,43,10004,scripted
13.65839180289818,9.9015253741236,2.3735337043320315,3,3,0.4227610826114101,17.15798763284284,0,1,0,15.151204201858347,2,8.671112060546875,1.4818862177270775,0,nan,44,10004,scripted
13.621705226128208,9.865623634714245,2.3735337043320315,3,3,0.41241684272280027,16.78352947278886,0,1,0,14.941961856788584,2,8.956680297851562,0.9256087991902182,0,nan,45,10004,scripted
13.587787100769157,9.833063030016216,2.3735337043320315,3,3,0.4001857856397429,16.40812110905668,0,1,0,14.65752276993197,2,9.236602783203125,0.39450272200660513,0,nan,46,10004,scripted
13.555632510615087,9.803081846389436,2.3735337043320315,3,3,0.3889608333426257,16.03293144653543,0,1,0,14.302324104113527,2,9.465133666992188,0.4050000190734863,0,nan,47,10004,scripted
13.523939976755821,9.774233306927231,2.3735337043320315,3,3,0.38355871935045344,15.659044844946775,0,1,0,13.890154490765518,3,9.638656616210938,0.4050000190734863,0,nan,48,10004,scripted
13.491749955373805,9.744618954087468,2.3735337043320315,3,3,0.3826364254395657,15.286189387903796,0,1,0,13.442904159939856,3,9.756362915039062,0.38370154077440694,0,nan,49,10004,scripted
13.458304028640683,9.712601306646308,2.3735337043320315,3,3,0.37507554484330674,14.9129042356815,0,1,0,12.975137421955615,3,9.818244934082031,0.3744712616591126,0,nan,50,10004,scripted
13.423566431642865,9.677891757647952,2.3735337043320315,3,3,0.3647398357088969,14.538435158360773,0,1,0,12.484229775707298,3,9.835235595703125,0.3781938160919945,0,nan,51,10004,scripted
13.38758575632102,9.640278423653779,2.3735337043320315,3,3,0.3546832960115831,14.162984286921862,0,1,0,11.982840418104004,3,9.805862426757812,0.39450274273289443,0,nan,52,10004,scripted
13.350865800040722,9.600513987415065,2.3735337043320315,3,3,0.3471367373806083,13.787865293503579,0,1,0,11.514499333273777,3,9.711196899414062,0.40500002552179354,0,nan,53,10004,scripted
13.314154431958883,9.560099181424334,2.3735337043320315,3,3,0.3435798651358318,13.414291876884418,0,1,0,11.106314212995184,3,9.63946533203125,0.40500002552179354,0,nan,54,10004,scripted
13.27830342314896,9.521254270267507,2.3735337043320315,3,3,0.34498391177532595,13.04187592596105,0,1,0,10.738639622864735,3,9.583709716796875,0.38370152891462905,0,nan,55,10004,scripted
13.24375549498584,9.48564115671609,2.3735337043320315,3,3,0.3520330149013447,12.668855428406687,0,1,0,10.393343656179646,3,9.548133850097656,0.37447123243964786,0,nan,56,10004,scripted
13.210401174831627,9.451733115599776,2.3735337043320315,3,3,0.3635953442217564,12.29432075215541,0,1,0,10.056467678238587,3,9.536369323730469,0.378193812826966,0,nan,57,10004,scripted
13.178227303786358,9.417684589284738,2.3735337043320315,3,3,0.3767507042627489,11.918475304762891,0,1,0,9.697918240681071,3,9.547592163085938,0.39450272200660513,0,nan,58,10004,scripted
13.146996061307892,9.385399875343065,2.3735337043320315,3,3,0.3824281213265362,11.542904526540374,0,1,0,9.277651664345376,3,9.581565856933594,0.4050000190734863,0,nan,59,10004,scripted
13.116220395037436,9.354240038059107,2.3735337043320315,3,3,0.3944814296917733,11.169132817150748,0,1,0,8.78052505186644,3,9.638626098632812,0.4050000190734863,0,nan,60,10004,scripted
13.085025048822487,9.32272129792808,2.3735337043320315,3,3,0.4051076945071037,10.796827676784257,0,1,0,8.236229028720766,3,9.720130920410156,0.38370154077440694,0,nan,61,10004,scripted
13.052671910807337,9.289376297029007,2.3735337043320315,3,3,0.4171815750513615,10.423947727980195,0,1,0,7.669635532963693,3,9.830886840820312,0.3744712616591126,0,nan,62,10004,scripted
13.01910012054599,9.253815889938803,2.3735337043320315,3,3,0.4408279754655464,10.049385432527774,0,1,0,7.09054879427804,3,9.835235595703125,0.3781938160919945,0,nan,63,10004,scripted
12.984360577531245,9.215762679221728,2.3735337043320315,3,3,0.46962394156934856,9.673379141714285,0,1,0,6.515170258884771,3,9.866523742675781,0.39450274273289443,0,nan,64,10004,scripted
12.948960935087849,9.175833812857752,2.3735337043320315,3,3,0.49368235107687114,9.297820929593614,0,1,0,5.951664824766445,3,9.959388732910156,0.40500002552179354,0,nan,65,10004,scripted
12.9136284934762,9.135333874275535,2.3735337043320315,3,3,0.5195867640211509,8.924548342300996,0,1,0,5.397090848670488,3,10.051742553710938,0.40500002552179354,0,nan,66,10004,scripted
12.879119123374986,9.09617917187706,2.3735337043320315,3,3,0.5436774765260047,8.55306874380067,0,1,0,4.834482390495991,3,10.082511901855469,0.38370152891462905,0,nan,67,10004,scripted
12.845756668258295,9.059832432776059,2.3735337043320315,3,3,0.5659565407900282,8.180737355553742,0,1,0,4.251167825569539,3,10.082511901855469,0.37447123243964786,0,nan,68,10004,scripted
12.81339890193269,9.026686934762548,2.3735337043320315,4,3,0.5915252577787338,7.806086824228076,1,1,0,3.637377431952776,3,10.089164733886719,0.378193812826966,0,nan,69,10004,scripted
