event_id,frame,type,team,pcf_in_area,dist_to_goal_m,kept
3,45,PASS,Away,0.6789,61.99,1
4,77,PASS,Away,0.3034,49.25,1
5,191,PASS,Away,0.6522,45.19,1
6,279,PASS,Away,0.367,51.84,1
7,346,BALL LOST,Away,0.753,62.8,0
9,378,BALL LOST,Home,0.2942,79.69,0
11,453,BALL LOST,Away,0.8129,61.52,0
12,497,CHALLENGE,Away,0.2963,41.91,0
13,498,CHALLENGE,Home,0.4059,68.82,0
15,498,PASS,Home,0.4059,68.82,1
16,536,PASS,Home,0.1835,50.19,1
17,572,BALL LOST,Home,0.3177,53.97,0
19,763,PASS,Away,0.5226,63.44,1
20,784,PASS,Away,0.3143,55.28,1
21,834,PASS,Away,0.5679,56.22,1
22,976,PASS,Away,0.3849,49.34,1
23,1110,BALL LOST,Away,0.7106,48.69,0
25,1134,PASS,Home,0.6757,76.8,1
26,1154,PASS,Home,0.5871,75.58,1
27,1226,PASS,Home,0.405,58.53,1
28,1370,BALL LOST,Home,0.3616,22.06,0
32,2143,PASS,Home,0.9914,33.32,1
33,2263,PASS,Home,0.4515,27.12,1
34,2289,SHOT,Home,0.3428,8.72,0
36,3675,PASS,Away,0.8593,51.94,1
37,3780,PASS,Away,0.4413,60.45,1
38,3829,PASS,Away,0.4507,62.95,1
39,3882,PASS,Away,0.3783,65.84,1
40,3930,PASS,Away,0.4689,79.14,1
43,4386,PASS,Home,0.9649,64.23,1
44,4445,BALL LOST,Home,0.1645,53.01,0
46,4489,BALL LOST,Away,0.391,62.53,0
48,4620,BALL LOST,Home,0.4883,74.03,0
50,4709,BALL LOST,Away,0.4482,70.58,0
54,5057,PASS,Away,0.9081,70.59,1
55,5081,BALL LOST,Away,0.4221,65.98,0
57,5149,PASS,Home,0.4636,83.45,1
58,5202,BALL LOST,Home,0.3384,76.8,0
59,5228,CHALLENGE,Home,0.4005,71.24,0
60,5228,CHALLENGE,Away,0.3657,44.27,0
62,5228,BALL LOST,Away,0.3657,44.27,0
64,5316,BALL LOST,Home,0.3032,84.45,0
66,5385,PASS,Away,0.3606,67.93,1
67,5431,PASS,Away,0.2769,62.47,1
68,5507,BALL LOST,Away,0.2354,40.33,0
70,5520,BALL LOST,Home,0.5911,74.35,0
72,5627,CHALLENGE,Home,0.5144,91.41,0
74,5627,PASS,Home,0.5144,91.41,0
75,5628,CHALLENGE,Away,0.1555,16.42,0
76,5628,BALL LOST,Away,0.1555,16.42,0
77,5663,PASS,Home,0.6888,86.94,1
78,5761,PASS,Home,0.7385,66.22,1
79,5923,SHOT,Home,0.5291,23.07,0
81,6685,PASS,Away,0.9924,100.76,1
82,6779,BALL LOST,Away,0.3298,64.3,0
84,6863,CHALLENGE,Away,0.4179,57.97,0
86,6863,PASS,Away,0.4179,57.97,0
87,6864,BALL LOST,Home,0.2708,50.62,0
88,6905,PASS,Away,0.263,55.46,1
89,6987,BALL LOST,Away,0.9512,46.44,0
90,7041,CHALLENGE,Home,0.6196,95.55,0
92,7041,PASS,Home,0.6196,95.55,0
93,7043,CHALLENGE,Away,0.1653,12.97,0
94,7199,BALL LOST,Home,0.4294,101.05,0
96,7203,PASS,Away,0.4228,36.06,1
97,7266,PASS,Away,0.2926,33.95,1
98,7334,PASS,Away,0.4817,41.38,1
99,7404,PASS,Away,0.9621,49.38,1
100,7465,BALL LOST,Away,0.2353,29.34,0
102,7472,BALL LOST,Home,0.5899,85.99,0
104,7519,PASS,Away,0.4308,31.04,1
105,7603,PASS,Away,0.7667,42.43,1
106,7698,CHALLENGE,Away,0.2429,31.78,0
107,7698,BALL LOST,Away,0.2429,31.78,0
108,7699,CHALLENGE,Home,0.4941,85.67,0
110,7753,SHOT,Away,0.3587,25.19,0
112,8482,BALL LOST,Home,0.9919,101.77,0
113,8576,CHALLENGE,Away,0.4811,66.41,0
115,8576,BALL LOST,Away,0.4811,66.41,0
117,8581,BALL LOST,Home,0.352,43.31,0
119,8650,PASS,Away,0.3974,70.7,1
120,8686,BALL LOST,Away,0.3845,79.92,0
124,8868,PASS,Away,0.3795,88.68,1
125,8937,BALL LOST,Away,0.6535,79.8,0
129,9215,PASS,Away,0.9728,34.59,1
130,9306,PASS,Away,0.8093,32.67,1
131,9337,BALL LOST,Away,0.4753,28.85,0
133,9390,PASS,Home,0.362,75.7,1
134,9599,PASS,Home,0.485,19.84,1
135,9628,SHOT,Home,0.4311,9.8,0
139,10387,PASS,Home,0.9921,33.34,1
140,10453,PASS,Home,0.3965,28.6,1
141,10493,PASS,Home,0.4031,30.39,1
142,10551,PASS,Home,0.4869,24.21,1
143,10613,BALL LOST,Home,0.5322,28.4,0
145,10653,BALL LOST,Away,0.3669,96.48,0
146,10708,CHALLENGE,Home,0.4748,18.03,0
148,10708,PASS,Home,0.4748,18.03,0
149,10709,CHALLENGE,Away,0.3369,89.04,0
150,10742,BALL LOST,Home,0.291,18.22,0
152,10761,BALL LOST,Away,0.5116,91.18,0
153,10801,CHALLENGE,Home,0.5334,27.41,0
154,10801,CHALLENGE,Away,0.254,81.2,0
156,11586,PASS,Away,0.992,82.75,1
157,11674,PASS,Away,0.9394,72.46,1
158,11727,PASS,Away,0.6191,68.37,1
159,11788,PASS,Away,0.2006,57.97,1
160,11831,PASS,Away,0.3111,53.11,1
161,11882,PASS,Away,0.5709,41.79,1
162,11987,BALL LOST,Away,0.6979,34.81,0
168,13543,PASS,Home,0.9921,101.84,1
169,13625,PASS,Home,0.2424,58.38,1
170,13672,BALL LOST,Home,0.5938,66.92,0
172,13701,BALL LOST,Away,0.4134,65.19,0
174,13739,BALL LOST,Home,0.3744,58.54,0
176,13766,BALL LOST,Away,0.4503,67.93,0
178,13843,CHALLENGE,Home,0.181,21.24,0
179,13843,BALL LOST,Home,0.181,21.24,0
180,13844,CHALLENGE,Away,0.6532,85.88,0
184,14574,PASS,Home,0.944,38.35,1
185,14607,PASS,Home,0.1926,27.53,1
186,14637,PASS,Home,0.7542,37.88,1
187,14730,BALL LOST,Home,0.3498,15.29,0
189,14772,PASS,Away,0.8523,97.0,1
190,14793,PASS,Away,0.5721,88.92,1
191,14834,PASS,Away,0.8591,97.0,1
192,14870,PASS,Away,0.7194,88.65,1
193,14890,PASS,Away,0.898,91.51,1
194,14967,BALL LOST,Away,0.2973,68.98,0
196,15043,PASS,Home,0.4456,75.34,1
197,15152,BALL LOST,Home,0.6419,89.05,0
198,15222,CHALLENGE,Away,0.3225,61.73,0
200,15222,BALL LOST,Away,0.3225,61.73,0
201,15224,CHALLENGE,Home,0.4133,54.92,0
203,15298,PASS,Home,0.4183,67.74,0
205,15300,BALL LOST,Away,0.3721,58.68,0
206,15363,PASS,Home,0.3348,56.16,1
207,15419,PASS,Home,0.3419,46.09,1
208,15430,BALL LOST,Home,0.4359,40.97,0
210,15473,PASS,Away,0.344,85.99,1
211,15521,BALL LOST,Away,0.802,99.92,0
213,15646,PASS,Home,0.4433,58.26,1
214,15690,CHALLENGE,Home,0.4147,64.72,0
216,15690,CHALLENGE,Away,0.3454,42.49,0
218,15917,PASS,Home,0.8488,70.08,1
219,16045,PASS,Home,0.8034,58.02,1
220,16066,PASS,Home,0.1908,51.21,1
221,16094,PASS,Home,0.4787,56.76,1
222,16162,PASS,Home,0.9561,71.67,1
223,16223,PASS,Home,0.3887,75.41,1
224,16252,PASS,Home,0.9491,57.36,1
225,16332,PASS,Home,0.669,62.34,1
226,16383,PASS,Home,0.4028,49.88,1
227,16465,BALL LOST,Home,0.6476,38.07,0
231,17276,BALL LOST,Home,0.9921,33.34,0
235,18203,PASS,Home,0.9919,33.92,1
236,18252,CHALLENGE,Home,0.2313,11.97,0
237,18252,PASS,Home,0.2313,11.97,0
238,18252,CHALLENGE,Away,0.6047,94.36,0
239,18270,SHOT,Home,0.4408,7.21,0
241,18558,PASS,Away,0.9915,101.99,1
242,18725,PASS,Away,0.3924,75.12,1
243,18793,PASS,Away,0.3472,71.83,1
244,18878,PASS,Away,0.3803,84.45,1
245,18931,BALL LOST,Away,0.9748,103.06,0
247,19018,BALL LOST,Home,0.4395,56.79,0
249,19214,PASS,Away,0.9386,58.83,1
250,19269,PASS,Away,0.7187,57.42,1
251,19348,PASS,Away,0.6122,54.09,1
252,19380,PASS,Away,0.419,46.66,1
253,19412,PASS,Away,0.3828,37.65,1
254,19470,SHOT,Away,0.2875,16.37,0
256,19482,PASS,Home,0.9504,102.84,1
257,19529,PASS,Home,0.3632,97.71,1
258,19571,BALL LOST,Home,0.3574,84.41,0
262,20146,BALL LOST,Home,0.8245,73.05,0
263,20182,CHALLENGE,Away,0.6079,59.92,0
265,20182,PASS,Away,0.6079,59.92,0
266,20183,CHALLENGE,Home,0.2216,59.57,0
267,20293,PASS,Away,0.5842,49.55,1
268,20345,BALL LOST,Away,0.8824,46.6,0
270,20362,PASS,Home,0.4368,80.15,1
271,20471,PASS,Home,0.2706,82.74,1
272,20552,PASS,Home,0.3558,63.63,1
273,20622,BALL LOST,Home,0.8164,73.35,0
275,20666,PASS,Away,0.4534,58.63,1
276,20834,PASS,Away,0.4362,66.22,1
277,20904,PASS,Away,0.7997,65.81,1
278,21063,PASS,Away,0.9548,56.09,1
279,21128,PASS,Away,0.4358,53.1,1
280,21294,PASS,Away,0.4837,43.72,1
281,21362,PASS,Away,0.6764,47.9,1
282,21413,PASS,Away,0.4292,38.3,1
283,21437,BALL LOST,Away,0.4406,33.98,0
285,21471,BALL LOST,Home,0.8143,72.69,0
287,21515,PASS,Away,0.645,41.43,1
288,21580,PASS,Away,0.9049,56.22,1
289,21716,PASS,Away,0.8548,52.1,1
290,21811,PASS,Away,0.9824,59.75,1
293,22578,BALL LOST,Home,0.9919,101.76,0
294,22660,CHALLENGE,Away,0.4425,64.62,0
296,22660,BALL LOST,Away,0.4425,64.62,0
297,22661,CHALLENGE,Home,0.3129,55.83,0
299,22665,BALL LOST,Home,0.3142,56.17,0
301,22681,BALL LOST,Away,0.3785,64.59,0
303,22738,BALL LOST,Home,0.454,51.47,0
305,22746,PASS,Away,0.6439,58.7,1
306,22795,PASS,Away,0.5647,65.34,1
307,22814,PASS,Away,0.8222,73.59,1
308,22996,PASS,Away,0.6455,62.99,1
309,23061,PASS,Away,0.7728,62.23,1
310,23146,PASS,Away,0.4046,46.96,1
311,23193,PASS,Away,0.8887,54.89,1
312,23305,PASS,Away,0.6728,50.56,1
313,23320,PASS,Away,0.3031,43.72,1
314,23344,PASS,Away,0.7375,54.57,1
315,23500,PASS,Away,0.9188,55.12,1
316,23578,PASS,Away,0.391,52.64,1
317,23683,PASS,Away,0.5169,39.2,1
318,23729,PASS,Away,0.432,34.61,1
319,23748,PASS,Away,0.3159,24.29,1
320,23812,CHALLENGE,Away,0.3349,32.84,0
321,23812,CHALLENGE,Home,0.4028,76.14,0
322,23846,BALL LOST,Away,0.2955,32.83,0
324,23860,PASS,Home,0.3806,72.08,1
325,23903,BALL LOST,Home,0.2053,74.21,0
327,23909,PASS,Away,0.4659,32.89,1
328,23958,PASS,Away,0.6926,32.06,1
329,24026,BALL LOST,Away,0.5386,29.13,0
331,24035,PASS,Home,0.6284,80.56,1
332,24072,PASS,Home,0.5538,87.37,1
333,24098,BALL LOST,Home,0.7736,90.14,0
335,24186,PASS,Away,0.9325,52.01,1
336,24218,PASS,Away,0.6331,37.46,1
337,24266,PASS,Away,0.5711,36.1,1
338,24308,PASS,Away,0.4446,36.63,1
339,24393,PASS,Away,0.3777,33.3,1
340,24433,BALL LOST,Away,0.2546,25.79,0
341,24448,CHALLENGE,Away,0.2169,25.43,0
342,24450,CHALLENGE,Home,0.5003,99.19,0
344,24551,BALL LOST,Home,0.3768,94.6,0
348,24980,PASS,Home,0.8753,85.76,0
349,25074,CHALLENGE,Away,0.7218,43.6,0
350,25087,CHALLENGE,Home,0.3159,69.78,0
353,25476,PASS,Home,0.7041,62.11,1
354,25546,PASS,Home,0.7348,64.64,1
355,25595,CHALLENGE,Home,0.3776,60.86,0
356,25704,BALL LOST,Home,0.5579,41.9,0
360,26544,PASS,Home,0.9915,32.79,1
361,26590,PASS,Home,0.6006,18.4,1
362,26608,SHOT,Home,0.2391,5.68,0
364,27247,BALL LOST,Away,0.9913,100.74,0
365,27329,CHALLENGE,Home,0.401,62.23,0
367,27329,BALL LOST,Home,0.401,62.23,0
368,27330,CHALLENGE,Away,0.3565,53.68,0
370,27412,PASS,Away,0.6294,47.74,1
371,27534,PASS,Away,0.6083,43.54,1
372,27578,PASS,Away,0.6573,42.1,1
373,27609,PASS,Away,0.2553,31.78,1
374,27657,PASS,Away,0.4796,35.15,1
375,27711,BALL LOST,Away,0.6847,33.24,0
377,27724,PASS,Home,0.7874,85.85,1
378,27778,PASS,Home,0.5385,90.31,1
379,27797,PASS,Home,0.3376,86.03,1
380,27839,PASS,Home,0.3737,77.8,1
381,27942,PASS,Home,0.228,51.21,1
382,28079,BALL LOST,Home,0.3745,24.77,0
384,28339,PASS,Away,0.9771,91.22,1
385,28527,BALL LOST,Away,0.9428,54.41,0
389,28788,PASS,Away,0.9235,40.1,1
390,28858,PASS,Away,0.9058,41.18,1
391,28917,PASS,Away,0.3575,35.63,1
392,28956,PASS,Away,0.7128,40.68,1
393,29016,BALL LOST,Away,0.4445,35.58,0
395,29063,PASS,Home,0.4379,93.32,1
396,29096,PASS,Home,0.3095,77.68,1
397,29208,PASS,Home,0.4229,84.81,1
398,29264,BALL LOST,Home,0.379,86.83,0
400,29337,PASS,Away,0.3668,42.14,1
401,29394,PASS,Away,0.8819,31.44,1
402,29468,PASS,Away,0.5915,28.56,1
403,29517,BALL LOST,Away,0.8941,31.89,0
405,30368,BALL LOST,Home,0.992,91.66,0
407,30442,PASS,Away,0.5132,73.71,1
408,30503,BALL LOST,Away,0.2792,65.26,0
410,30593,PASS,Home,0.6232,44.1,1
411,30655,PASS,Home,0.5113,41.39,1
412,30708,PASS,Home,0.3684,43.99,1
413,30729,PASS,Home,0.425,47.37,1
414,30807,CHALLENGE,Home,0.1399,27.67,0
415,30807,BALL LOST,Home,0.1399,27.67,0
416,30807,CHALLENGE,Away,0.6955,81.29,0
418,30807,PASS,Away,0.6955,81.29,1
419,30867,BALL LOST,Away,0.5689,79.92,0
421,30933,PASS,Home,0.4346,45.43,1
422,30990,PASS,Home,0.3191,42.01,1
423,31037,PASS,Home,0.5358,35.14,1
424,31160,PASS,Home,0.3719,25.09,1
425,31190,SHOT,Home,0.9392,27.94,0
427,31546,PASS,Away,0.9919,102.09,1
428,31709,PASS,Away,0.5943,77.57,1
429,31738,BALL LOST,Away,0.3458,68.82,0
431,31743,BALL LOST,Home,0.3575,37.46,0
433,31900,CHALLENGE,Home,0.4291,43.12,0
434,31901,CHALLENGE,Away,0.378,83.01,0
437,32338,PASS,Away,0.9918,81.5,1
438,32434,PASS,Away,0.9915,78.47,1
439,32619,PASS,Away,0.5822,56.79,1
440,32739,PASS,Away,0.9635,60.48,1
443,33645,BALL LOST,Home,0.9921,101.76,0
445,33723,BALL LOST,Away,0.6532,65.19,0
447,33823,BALL LOST,Home,0.3457,56.06,0
449,33863,PASS,Away,0.5119,69.38,1
450,33880,BALL LOST,Away,0.4568,63.77,0
454,34161,PASS,Away,0.8971,61.57,1
455,34233,PASS,Away,0.9913,75.31,1
456,34298,PASS,Away,0.9573,72.09,1
457,34397,PASS,Away,0.7615,67.41,1
458,34515,PASS,Away,0.7335,46.6,1
459,34619,BALL LOST,Away,0.3696,22.99,0
461,34645,PASS,Home,0.6413,100.72,1
462,34821,PASS,Home,0.9688,96.48,1
463,34980,BALL LOST,Home,0.4261,83.46,0
465,35083,PASS,Away,0.4295,53.16,1
466,35188,PASS,Away,0.3843,40.0,1
467,35313,PASS,Away,0.3495,43.66,1
468,35439,PASS,Away,0.6186,46.08,1
469,35503,PASS,Away,0.9463,49.94,1
472,36212,BALL LOST,Home,0.9919,104.94,0
473,36335,CHALLENGE,Home,0.3879,48.41,0
474,36335,CHALLENGE,Away,0.3945,63.61,0
476,36335,BALL LOST,Away,0.3945,63.61,0
478,36410,CHALLENGE,Home,0.253,50.56,0
479,36410,BALL LOST,Home,0.253,50.56,0
480,36414,CHALLENGE,Away,0.6621,68.65,0
484,36535,PASS,Home,0.9595,66.23,1
485,36618,PASS,Home,0.3205,77.31,1
486,36691,PASS,Home,0.5951,71.13,1
489,36880,PASS,Away,0.9246,62.45,1
490,36956,PASS,Away,0.9647,66.96,1
491,37027,PASS,Away,0.9718,68.41,1
492,37127,PASS,Away,0.4315,61.54,1
493,37182,PASS,Away,0.5444,52.71,1
494,37215,PASS,Away,0.3443,52.73,1
495,37303,CHALLENGE,Away,0.453,33.64,0
496,37308,CHALLENGE,Home,0.2619,80.41,0
497,37341,CHALLENGE,Home,0.4019,88.25,0
498,37351,CHALLENGE,Away,0.2545,27.25,0
499,37382,BALL LOST,Away,0.2436,25.5,0
500,37382,CHALLENGE,Away,0.2436,25.5,0
501,37386,CHALLENGE,Home,0.5608,94.6,0
503,38142,BALL LOST,Home,0.9923,96.44,0
504,38232,CHALLENGE,Home,0.2934,35.63,0
505,38234,CHALLENGE,Away,0.4252,72.47,0
507,38234,PASS,Away,0.4252,72.47,1
508,38275,PASS,Away,0.3517,61.66,0
509,38313,CHALLENGE,Home,0.4083,44.1,0
511,38317,CHALLENGE,Away,0.2723,65.26,0
512,38317,BALL LOST,Away,0.2723,65.26,0
513,38324,PASS,Home,0.4681,43.05,1
514,38373,PASS,Home,0.3476,40.89,1
515,38419,PASS,Home,0.6595,49.14,0
517,38457,CHALLENGE,Away,0.4531,64.81,0
518,38461,CHALLENGE,Home,0.342,50.64,0
521,42476,PASS,Home,0.6954,49.19,1
522,42495,PASS,Home,0.8205,56.54,1
523,42539,PASS,Home,0.8851,63.65,1
524,42591,PASS,Home,0.9385,71.04,1
525,42660,BALL LOST,Home,0.5424,69.93,0
529,43113,PASS,Home,0.9655,50.78,1
530,43132,PASS,Home,0.3273,43.86,1
531,43171,CHALLENGE,Home,0.2882,51.03,0
532,43214,PASS,Home,0.2461,54.34,1
533,43270,BALL LOST,Home,0.5006,65.84,0
534,43307,CHALLENGE,Home,0.2947,35.81,0
535,43314,CHALLENGE,Away,0.6751,77.8,0
537,43325,PASS,Away,0.6083,80.57,0
538,43439,CHALLENGE,Home,0.4166,52.38,0
539,43455,CHALLENGE,Away,0.2448,67.42,0
540,43469,PASS,Away,0.3295,66.16,1
541,43485,BALL LOST,Away,0.2823,56.17,0
543,44270,BALL LOST,Home,0.7699,63.04,0
545,44354,BALL LOST,Away,0.8773,85.93,0
547,44426,CHALLENGE,Away,0.5767,87.24,0
549,44426,BALL LOST,Away,0.5767,87.24,0
550,44429,CHALLENGE,Home,0.1778,22.48,0
551,44429,BALL LOST,Home,0.1778,22.48,0
553,44574,PASS,Home,0.8739,37.98,1
554,44615,PASS,Home,0.4831,40.48,1
555,44665,PASS,Home,0.4955,45.71,1
556,44737,PASS,Home,0.3541,60.12,1
557,44823,PASS,Home,0.5863,68.42,1
558,44858,BALL LOST,Home,0.3019,71.83,0
562,45114,PASS,Home,0.8775,73.37,0
563,45132,CHALLENGE,Away,0.5865,54.91,0
564,45132,CHALLENGE,Home,0.2307,65.58,0
565,45132,PASS,Home,0.2307,65.58,1
566,45176,CHALLENGE,Home,0.3056,72.78,0
568,45184,CHALLENGE,Away,0.4706,50.18,0
570,45835,PASS,Home,0.9046,71.36,1
571,45904,CHALLENGE,Home,0.3738,36.08,0
572,45904,BALL LOST,Home,0.3738,36.08,0
573,45905,CHALLENGE,Away,0.3592,83.18,0
577,46485,PASS,Home,0.9256,44.3,1
580,47146,PASS,Away,0.9195,72.44,1
581,47204,PASS,Away,0.6518,68.02,1
582,47337,PASS,Away,0.9899,58.7,1
583,47434,PASS,Away,0.3807,44.78,1
584,47496,PASS,Away,0.8894,45.51,1
585,47627,PASS,Away,0.8446,48.19,1
586,47755,PASS,Away,0.3376,42.66,1
587,47801,PASS,Away,0.3381,49.55,1
588,47879,PASS,Away,0.6788,57.44,1
589,47979,CHALLENGE,Away,0.3834,53.43,0
590,47981,CHALLENGE,Home,0.3851,57.3,0
591,47995,PASS,Away,0.3672,55.07,1
592,48061,PASS,Away,0.4042,67.84,1
593,48137,PASS,Away,0.4955,73.71,1
594,48200,PASS,Away,0.3606,64.15,1
595,48239,PASS,Away,0.7673,57.21,0
598,48284,BALL LOST,Away,0.5493,47.38,0
600,48404,PASS,Away,0.9059,42.46,1
601,48478,PASS,Away,0.9167,44.83,1
602,48555,BALL LOST,Away,0.3059,22.96,0
604,48577,PASS,Home,0.3188,88.57,1
605,48613,PASS,Home,0.2167,84.84,1
606,48646,CHALLENGE,Home,0.2197,79.55,0
607,48671,PASS,Home,0.1791,78.49,0
608,48721,CHALLENGE,Away,0.7009,37.11,0
609,48730,CHALLENGE,Home,0.205,66.79,0
610,48767,PASS,Home,0.3775,65.46,1
611,48936,BALL LOST,Home,0.2934,29.34,0
612,48978,CHALLENGE,Home,0.3159,26.27,0
613,48982,CHALLENGE,Away,0.3177,101.41,0
617,50616,CHALLENGE,Away,0.399,50.64,0
618,50617,CHALLENGE,Home,0.3749,71.54,0
620,51082,PASS,Home,0.8803,71.51,1
621,51138,CHALLENGE,Home,0.3744,57.29,0
622,51166,CHALLENGE,Away,0.6167,56.88,0
623,51224,CHALLENGE,Home,0.2136,53.32,0
624,51224,BALL LOST,Home,0.2136,53.32,0
625,51225,CHALLENGE,Away,0.6023,65.45,0
627,51225,PASS,Away,0.6023,65.45,1
630,51461,PASS,Home,0.9189,59.84,1
631,51473,PASS,Home,0.3769,58.95,1
632,51514,PASS,Home,0.3863,60.32,1
633,51543,PASS,Home,0.348,63.72,1
634,51630,PASS,Home,0.9223,77.13,1
635,51672,BALL LOST,Home,0.8902,80.56,0
637,51755,CHALLENGE,Home,0.2916,69.06,0
639,51757,CHALLENGE,Away,0.5283,41.29,0
640,51757,BALL LOST,Away,0.5283,41.29,0
641,51853,PASS,Home,0.6475,61.66,1
642,51907,PASS,Home,0.7885,61.99,1
643,51979,PASS,Home,0.8558,52.25,1
644,52026,PASS,Home,0.9519,51.11,1
645,52048,PASS,Home,0.7889,46.36,1
646,52090,PASS,Home,0.5335,47.72,1
647,52293,PASS,Home,0.6632,38.88,0
648,52317,CHALLENGE,Away,0.4722,73.19,0
649,52319,CHALLENGE,Home,0.4047,41.39,0
652,53269,PASS,Home,0.6478,43.21,1
653,53322,PASS,Home,0.5324,38.53,1
654,53461,PASS,Home,0.2766,23.57,1
655,53502,PASS,Home,0.6585,29.87,1
656,53551,PASS,Home,0.3906,27.0,1
657,53604,PASS,Home,0.5688,18.63,0
658,53633,CHALLENGE,Away,0.5427,100.7,0
659,53634,PASS,Home,0.2791,5.3,1
660,53676,PASS,Home,0.4842,17.57,1
661,53695,CHALLENGE,Home,0.2948,6.5,0
662,53695,SHOT,Home,0.2948,6.5,0
664,53708,PASS,Away,0.9036,105.0,1
665,53724,BALL LOST,Away,0.4412,99.79,0
667,53775,SHOT,Home,0.3428,21.07,0
671,54288,PASS,Home,0.8875,42.39,1
672,54297,PASS,Home,0.2615,35.02,1
673,54373,CHALLENGE,Home,0.286,42.43,0
674,54373,BALL LOST,Home,0.286,42.43,0
675,54381,CHALLENGE,Away,0.5057,78.52,0
677,54381,PASS,Away,0.5057,78.52,1
678,54476,PASS,Away,0.3355,69.06,0
679,54505,CHALLENGE,Home,0.5237,52.1,0
680,54506,CHALLENGE,Away,0.3041,55.22,0
681,54542,CHALLENGE,Home,0.347,50.19,0
682,54546,CHALLENGE,Away,0.3063,56.38,0
683,54603,CHALLENGE,Away,0.3294,58.26,0
684,54603,BALL LOST,Away,0.3294,58.26,0
685,54604,CHALLENGE,Home,0.3919,50.85,0
687,54643,CHALLENGE,Away,0.4538,64.63,0
688,54647,CHALLENGE,Home,0.301,48.41,0
689,54647,PASS,Home,0.301,48.41,1
690,54839,PASS,Home,0.4909,34.8,1
691,54898,PASS,Home,0.5403,36.35,1
692,54934,PASS,Home,0.9342,42.29,1
693,54994,PASS,Home,0.4675,39.85,1
694,55079,PASS,Home,0.8313,48.01,1
695,55148,BALL LOST,Home,0.718,40.48,0
696,55187,CHALLENGE,Away,0.5059,98.64,0
698,55187,PASS,Away,0.5059,98.64,1
699,55332,PASS,Away,0.3192,90.15,1
700,55354,BALL LOST,Away,0.6496,99.2,0
702,55523,PASS,Home,0.4047,45.21,1
703,55612,PASS,Home,0.441,62.91,1
704,55670,PASS,Home,0.5488,66.96,1
705,55744,PASS,Home,0.3365,58.19,1
706,55799,PASS,Home,0.2053,51.12,0
707,55854,CHALLENGE,Away,0.471,74.91,0
708,55854,CHALLENGE,Home,0.1862,40.76,0
711,56425,PASS,Home,0.7293,43.6,1
712,56494,PASS,Home,0.7082,33.56,1
713,56649,PASS,Home,0.4723,33.4,1
714,56734,PASS,Home,0.3101,33.86,1
715,56757,PASS,Home,0.299,24.3,1
716,56804,CHALLENGE,Home,0.2698,19.61,0
717,56804,BALL LOST,Home,0.2698,19.61,0
718,56810,CHALLENGE,Away,0.665,99.92,0
722,57509,PASS,Home,0.9916,33.34,1
723,57569,CHALLENGE,Home,0.1943,9.2,0
724,57569,BALL LOST,Home,0.1943,9.2,0
725,57572,CHALLENGE,Away,0.7035,101.99,0
727,57606,PASS,Away,0.7133,105.0,1
728,57624,BALL LOST,Away,0.5549,101.53,0
730,57668,SHOT,Home,0.8918,25.5,0
732,59053,BALL LOST,Away,0.9922,101.78,0
733,59142,CHALLENGE,Home,0.4385,63.5,0
735,59142,PASS,Home,0.4385,63.5,0
736,59144,CHALLENGE,Away,0.372,52.73,0
737,59232,CHALLENGE,Home,0.2466,63.99,0
738,59232,PASS,Home,0.2466,63.99,1
739,59266,PASS,Home,0.4333,62.24,1
740,59329,PASS,Home,0.5651,76.91,1
741,59391,PASS,Home,0.5953,96.11,1
742,59463,PASS,Home,0.753,99.7,1
743,59511,PASS,Home,0.2818,95.78,1
744,59584,PASS,Home,0.2989,71.69,1
745,59640,PASS,Home,0.3837,76.75,1
746,59705,PASS,Home,0.6237,78.45,1
747,59773,PASS,Home,0.4092,74.07,1
748,59821,PASS,Home,0.3724,64.81,1
749,59861,PASS,Home,0.5971,64.31,1
750,59881,PASS,Home,0.8524,60.92,1
751,59923,PASS,Home,0.3153,50.41,1
752,59923,PASS,Home,0.9116,58.7,1
753,60000,PASS,Home,0.9576,53.26,1
756,60792,PASS,Away,0.9919,101.76,1
757,60882,PASS,Away,0.3879,57.72,1
758,60916,PASS,Away,0.4255,63.37,1
759,60971,PASS,Away,0.5979,57.11,1
760,61019,PASS,Away,0.6063,51.98,1
761,61099,BALL LOST,Away,0.6908,52.89,0
763,61178,PASS,Home,0.8028,91.62,1
764,61294,PASS,Home,0.4622,73.27,1
765,61420,PASS,Home,0.3416,45.51,1
766,61517,CHALLENGE,Home,0.6431,42.63,0
767,61524,CHALLENGE,Away,0.5229,81.25,0
770,62681,BALL LOST,Home,0.9597,39.95,0
772,62711,BALL LOST,Away,0.6028,91.16,0
774,62792,SHOT,Home,0.4607,30.77,0
776,63239,PASS,Away,0.9912,100.76,1
777,63333,PASS,Away,0.7139,83.95,1
778,63407,CHALLENGE,Away,0.3129,54.1,0
779,63428,CHALLENGE,Home,0.482,51.1,0
780,63469,CHALLENGE,Away,0.23,57.1,0
783,63542,BALL LOST,Home,0.9377,40.29,0
785,63718,PASS,Away,0.4559,61.27,1
786,63864,PASS,Away,0.4201,33.92,1
787,63931,CHALLENGE,Away,0.2362,29.8,0
788,63931,BALL LOST,Away,0.2362,29.8,0
789,63938,CHALLENGE,Home,0.5198,94.39,0
792,63994,PASS,Away,0.5051,31.51,0
793,63998,BALL LOST,Home,0.2997,94.94,0
794,64061,PASS,Away,0.6654,39.48,1
795,64205,PASS,Away,0.799,57.07,1
796,64294,BALL LOST,Away,0.4551,55.51,0
798,64324,PASS,Home,0.6571,79.94,1
799,64402,PASS,Home,0.7626,77.41,1
800,64487,BALL LOST,Home,0.4209,55.46,0
802,64567,PASS,Away,0.4076,84.55,1
803,64617,PASS,Away,0.9714,102.03,1
804,64793,PASS,Away,0.8314,57.82,1
805,64971,BALL LOST,Away,0.7074,41.05,0
806,64977,CHALLENGE,Home,0.6892,87.38,0
807,65001,CHALLENGE,Away,0.4298,20.92,0
808,65001,CHALLENGE,Home,0.3475,91.22,0
810,65001,PASS,Home,0.3475,91.22,1
811,65031,PASS,Home,0.771,84.65,1
812,65087,PASS,Home,0.2754,89.1,1
813,65130,PASS,Home,0.2785,82.53,1
814,65145,PASS,Home,0.4614,77.62,1
815,65201,PASS,Home,0.6906,74.38,1
816,65374,PASS,Home,0.5357,37.98,1
817,65408,CHALLENGE,Home,0.2542,26.72,0
818,65414,CHALLENGE,Away,0.601,83.02,0
819,65453,PASS,Home,0.2656,26.17,1
820,65505,PASS,Home,0.701,22.99,1
821,65688,BALL LOST,Home,0.4266,28.19,0
823,65722,BALL LOST,Away,0.6253,94.75,0
825,65833,PASS,Home,0.5488,59.01,1
826,65936,PASS,Home,0.5937,52.53,1
827,66162,PASS,Home,0.443,70.08,1
828,66209,BALL LOST,Home,0.3589,63.77,0
832,66702,PASS,Home,0.9047,66.02,1
833,66729,PASS,Home,0.2689,54.26,1
834,66747,CHALLENGE,Home,0.3685,50.25,0
835,66747,BALL LOST,Home,0.3685,50.25,0
836,66750,CHALLENGE,Away,0.393,71.93,0
838,66901,PASS,Away,0.8946,76.19,1
839,66958,PASS,Away,0.3746,67.8,1
840,67099,PASS,Away,0.9917,87.37,1
841,67159,BALL LOST,Away,0.295,62.57,0
843,67391,PASS,Home,0.6316,30.66,1
844,67459,PASS,Home,0.539,21.99,1
845,67502,SHOT,Home,0.4039,7.12,0
847,67514,PASS,Away,0.6541,104.98,1
848,67552,BALL LOST,Away,0.6968,96.46,0
850,67645,BALL LOST,Home,0.1839,20.51,0
852,67675,BALL LOST,Away,0.8596,94.34,0
853,67751,CHALLENGE,Away,0.4286,56.25,0
854,67752,CHALLENGE,Home,0.3584,49.86,0
856,67752,PASS,Home,0.3584,49.86,1
857,67776,PASS,Home,0.497,58.34,1
858,67883,PASS,Home,0.3748,64.06,1
859,68001,PASS,Home,0.5356,84.0,1
860,68138,BALL LOST,Home,0.8488,62.91,0
862,68200,PASS,Away,0.5919,60.8,1
863,68230,PASS,Away,0.4181,53.21,1
864,68288,PASS,Away,0.4757,54.27,1
865,68406,BALL LOST,Away,0.8377,49.79,0
867,68565,PASS,Home,0.3331,66.95,1
868,68666,PASS,Home,0.5947,75.31,1
869,68719,PASS,Home,0.324,74.79,1
870,68785,PASS,Home,0.3624,71.34,1
871,68880,BALL LOST,Home,0.8084,81.98,0
872,68920,CHALLENGE,Away,0.512,69.23,0
873,68945,CHALLENGE,Home,0.3238,42.31,0
875,69007,PASS,Away,0.4338,75.57,1
876,69030,BALL LOST,Away,0.9585,64.3,0
878,69071,PASS,Home,0.8745,54.87,1
879,69225,PASS,Home,0.5122,24.49,1
880,69260,BALL LOST,Home,0.934,23.14,0
882,69269,PASS,Away,0.8927,99.26,1
883,69357,PASS,Away,0.6298,95.41,1
884,69495,PASS,Away,0.7402,72.9,1
885,69563,PASS,Away,0.3046,58.9,1
886,69639,PASS,Away,0.4944,62.78,1
887,69687,PASS,Away,0.9074,63.27,1
890,70460,PASS,Home,0.9919,101.78,1
891,70578,BALL LOST,Home,0.8584,92.29,0
893,72135,PASS,Home,0.8497,51.94,1
894,72189,BALL LOST,Home,0.7437,64.66,0
896,72279,PASS,Away,0.6033,62.77,1
897,72315,PASS,Away,0.7531,54.4,1
898,72358,PASS,Away,0.6672,51.42,1
899,72415,BALL LOST,Away,0.3394,41.08,0
901,72465,PASS,Away,0.3759,40.84,1
902,72541,BALL LOST,Away,0.479,43.66,0
904,72602,BALL LOST,Home,0.4554,81.4,0
906,72730,CHALLENGE,Away,0.459,80.58,0
907,72734,CHALLENGE,Home,0.3174,39.35,0
908,72820,PASS,Away,0.9548,76.95,1
909,72895,PASS,Away,0.9043,70.43,1
910,73040,PASS,Away,0.3407,56.58,1
911,73135,PASS,Away,0.6556,48.53,1
912,73204,PASS,Away,0.8855,44.32,1
913,73312,PASS,Away,0.8092,35.05,1
914,73401,BALL LOST,Away,0.7008,36.78,0
918,73670,PASS,Away,0.9721,37.72,1
919,73770,PASS,Away,0.7187,44.62,1
920,73863,BALL LOST,Away,0.3779,35.55,0
924,74130,PASS,Away,0.914,46.34,1
925,74199,PASS,Away,0.848,57.69,1
926,74259,PASS,Away,0.9865,61.27,1
927,74373,PASS,Away,0.782,58.8,1
928,74530,PASS,Away,0.4453,48.75,1
929,74573,PASS,Away,0.3155,53.51,1
930,74638,PASS,Away,0.6248,64.22,1
931,74674,PASS,Away,0.435,53.07,1
932,74749,PASS,Away,0.8113,71.28,1
933,74853,PASS,Away,0.8547,57.3,1
934,74959,PASS,Away,0.6162,64.76,1
935,74979,PASS,Away,0.3515,52.99,1
936,75022,PASS,Away,0.2751,56.54,1
937,75101,PASS,Away,0.4527,53.4,1
938,75232,PASS,Away,0.3958,19.24,1
939,75262,SHOT,Away,0.2852,25.88,0
941,75343,PASS,Home,0.9518,100.71,1
942,75380,PASS,Home,0.3249,75.46,1
943,75474,PASS,Home,0.3582,65.22,1
944,75537,PASS,Home,0.4936,72.21,1
945,75598,PASS,Home,0.4156,63.79,1
946,75672,PASS,Home,0.7536,66.87,1
947,75760,PASS,Home,0.893,52.43,1
948,75859,PASS,Home,0.6777,47.66,1
949,75927,PASS,Home,0.951,48.89,1
950,75949,PASS,Home,0.4284,43.8,1
951,76055,PASS,Home,0.2916,38.89,1
952,76184,PASS,Home,0.7415,44.34,1
953,76217,PASS,Home,0.3355,41.66,1
954,76237,PASS,Home,0.4364,37.78,1
955,76292,BALL LOST,Home,0.3543,29.19,0
959,77011,PASS,Home,0.9908,33.39,1
960,77048,CHALLENGE,Home,0.2735,8.83,0
961,77048,SHOT,Home,0.2735,8.83,0
964,77581,BALL LOST,Home,0.374,56.12,0
965,77582,BALL LOST,Away,0.991,100.76,0
967,77626,BALL LOST,Away,0.5251,64.81,0
969,77927,PASS,Home,0.9846,95.64,1
970,77996,PASS,Home,0.8865,84.71,1
971,78077,PASS,Home,0.7897,93.65,1
972,78208,PASS,Home,0.7472,63.37,1
973,78265,CHALLENGE,Home,0.1852,54.24,0
974,78319,CHALLENGE,Away,0.3439,55.01,0
975,78321,CHALLENGE,Home,0.4359,52.93,0
976,78321,BALL LOST,Home,0.4359,52.93,0
978,78594,PASS,Away,0.4574,51.43,1
979,78645,PASS,Away,0.8154,55.66,1
980,78732,PASS,Away,0.8189,52.36,1
981,78797,PASS,Away,0.9701,62.84,1
982,78950,PASS,Away,0.7319,53.83,1
983,79101,PASS,Away,0.4396,53.93,1
984,79209,PASS,Away,0.7896,56.28,1
985,79224,PASS,Away,0.3739,50.6,1
988,79677,PASS,Home,0.9459,95.56,1
989,79699,PASS,Home,0.3281,86.93,1
990,79724,BALL LOST,Home,0.663,95.83,0
991,79781,CHALLENGE,Away,0.3373,44.96,0
993,79781,BALL LOST,Away,0.3373,44.96,0
995,79869,PASS,Home,0.3501,74.72,1
996,79894,PASS,Home,0.573,76.71,1
997,80000,PASS,Home,0.8634,90.65,1
998,80070,PASS,Home,0.4663,87.93,1
999,80085,CHALLENGE,Home,0.3981,83.27,0
1000,80090,CHALLENGE,Away,0.4582,34.72,0
1001,80166,PASS,Home,0.3681,70.46,1
1002,80220,CHALLENGE,Home,0.3447,49.42,0
1003,80341,PASS,Home,0.3927,26.81,1
1004,80402,BALL LOST,Home,0.2402,23.48,0
1006,80433,BALL LOST,Away,0.4951,93.44,0
1008,80543,PASS,Home,0.7702,40.26,1
1009,80631,PASS,Home,0.8389,37.29,1
1010,80703,PASS,Home,0.6583,40.97,1
1011,80771,PASS,Home,0.8839,56.88,1
1012,80857,PASS,Home,0.3121,57.5,1
1013,80917,PASS,Home,0.5323,47.76,1
1014,80972,PASS,Home,0.4093,40.49,1
1015,81122,PASS,Home,0.3322,28.05,1
1016,81194,PASS,Home,0.3221,33.8,1
1017,81262,PASS,Home,0.3045,45.88,1
1018,81327,PASS,Home,0.6897,57.39,1
1019,81424,PASS,Home,0.4074,54.64,1
1020,81459,PASS,Home,0.233,36.8,1
1021,81488,PASS,Home,0.6398,47.72,1
1022,81551,BALL LOST,Home,0.5143,29.19,0
1026,82394,PASS,Home,0.9908,33.39,1
1027,82470,PASS,Home,0.775,20.16,1
1028,82477,BALL LOST,Home,0.5529,16.42,0
1029,82522,CHALLENGE,Away,0.4228,98.98,0
1030,82526,CHALLENGE,Home,0.304,10.89,0
1032,82880,PASS,Away,0.9915,96.1,1
1033,82955,PASS,Away,0.9704,88.1,1
1034,83000,PASS,Away,0.9201,86.93,1
1035,83041,PASS,Away,0.9725,85.16,1
1036,83174,PASS,Away,0.2638,62.55,1
1037,83215,PASS,Away,0.2444,47.38,1
1038,83262,CHALLENGE,Away,0.3888,43.93,0
1039,83306,PASS,Away,0.355,43.01,1
1040,83425,PASS,Away,0.6007,37.2,1
1041,83485,PASS,Away,0.5866,39.29,1
1042,83575,PASS,Away,0.4718,38.88,1
1043,83684,PASS,Away,0.3473,41.78,1
1044,83733,PASS,Away,0.6187,55.87,1
1045,83823,PASS,Away,0.7479,51.96,1
1046,83862,PASS,Away,0.3916,33.98,1
1047,83901,PASS,Away,0.3786,36.25,1
1048,83951,BALL LOST,Away,0.6336,34.48,0
1049,83981,CHALLENGE,Home,0.5265,96.7,0
1051,83981,PASS,Home,0.5265,96.7,0
1052,83982,CHALLENGE,Away,0.2877,10.98,0
1053,84050,CHALLENGE,Away,0.4407,31.37,0
1054,84053,CHALLENGE,Home,0.3479,82.94,0
1057,84399,PASS,Home,0.9872,90.68,1
1058,84482,PASS,Home,0.7275,78.8,1
1059,84509,PASS,Home,0.2661,58.9,1
1060,84542,PASS,Home,0.2654,67.6,1
1061,84562,PASS,Home,0.3756,66.31,1
1062,84647,PASS,Home,0.5502,78.94,1
1063,84749,PASS,Home,0.9163,80.5,1
1064,84799,PASS,Home,0.8239,84.69,1
1065,84824,PASS,Home,0.527,76.48,0
1066,84920,CHALLENGE,Away,0.3357,51.0,0
1069,84924,CHALLENGE,Home,0.4506,73.08,0
1070,84924,BALL LOST,Home,0.4506,73.08,0
1072,85882,PASS,Home,0.9498,65.32,1
1073,85908,PASS,Home,0.2747,55.95,1
1074,85950,PASS,Home,0.325,65.23,1
1075,85980,BALL LOST,Home,0.5537,75.57,0
1077,86030,BALL LOST,Away,0.5958,65.18,0
1079,86061,BALL LOST,Home,0.5248,61.39,0
1081,86091,PASS,Away,0.5436,54.87,1
1082,86216,PASS,Away,0.8168,43.65,1
1083,86306,PASS,Away,0.7081,44.9,1
1084,86488,PASS,Away,0.461,36.54,1
1085,86631,PASS,Away,0.5002,37.49,1
1086,86703,PASS,Away,0.3523,35.07,1
1087,86808,BALL LOST,Away,0.7218,35.58,0
1091,87411,BALL LOST,Away,0.9917,32.24,0
1095,88792,PASS,Home,0.8947,51.94,1
1096,88820,PASS,Home,0.5441,59.67,0
1097,88886,CHALLENGE,Away,0.4327,47.94,0
1098,88912,CHALLENGE,Home,0.3193,59.42,0
1101,89270,PASS,Home,0.4487,57.3,1
1102,89349,PASS,Home,0.9581,54.52,1
1103,89486,PASS,Home,0.3186,32.38,1
1104,89622,PASS,Home,0.5095,33.77,1
1105,89691,PASS,Home,0.2889,23.35,1
1106,89726,PASS,Home,0.5204,33.77,1
1107,89802,BALL LOST,Home,0.5839,35.17,0
1109,89832,BALL LOST,Away,0.6135,97.58,0
1111,89875,PASS,Home,0.3435,27.59,1
1112,89955,PASS,Home,0.27,21.78,1
1113,89978,PASS,Home,0.2644,22.78,1
1114,90005,SHOT,Home,0.3125,15.45,0
1116,91705,PASS,Away,0.9293,53.0,1
1117,91815,PASS,Away,0.3596,57.39,1
1118,91885,PASS,Away,0.3199,62.4,1
1119,91908,BALL LOST,Away,0.3691,70.67,0
1121,91995,PASS,Home,0.32,44.94,1
1122,92072,CHALLENGE,Home,0.2107,24.62,0
1124,92073,CHALLENGE,Away,0.5944,95.2,0
1126,92578,PASS,Away,0.9914,100.71,1
1127,92648,BALL LOST,Away,0.4047,58.02,0
1129,92676,BALL LOST,Home,0.7236,64.92,0
1131,92703,BALL LOST,Away,0.3482,59.03,0
1132,92709,CHALLENGE,Home,0.5454,64.91,0
1134,92709,BALL LOST,Home,0.5454,64.91,0
1136,92749,BALL LOST,Away,0.5733,61.79,0
1137,92822,CHALLENGE,Home,0.3706,92.17,0
1139,92823,CHALLENGE,Away,0.3581,29.22,0
1140,92832,PASS,Home,0.2858,94.05,0
1141,92839,CHALLENGE,Away,0.4822,25.79,0
1142,92877,BALL LOST,Home,0.9516,101.87,0
1144,93567,BALL LOST,Home,0.9919,94.6,0
1145,93670,CHALLENGE,Home,0.4184,37.26,0
1146,93672,CHALLENGE,Away,0.3493,70.04,0
1148,93672,BALL LOST,Away,0.3493,70.04,0
1150,93716,PASS,Home,0.4379,47.13,1
1151,93775,BALL LOST,Home,0.4079,36.2,0
1153,93896,PASS,Away,0.9856,95.55,1
1154,94130,PASS,Away,0.3681,48.96,1
1155,94177,PASS,Away,0.5761,58.11,1
1156,94350,PASS,Away,0.3737,49.33,1
1157,94391,PASS,Away,0.3079,43.74,1
1158,94502,PASS,Away,0.8132,46.96,1
1159,94578,PASS,Away,0.9622,42.35,1
1160,94752,PASS,Away,0.3872,35.03,1
1161,94811,PASS,Away,0.6006,39.32,1
1162,94890,BALL LOST,Away,0.41,36.07,0
1164,94934,PASS,Home,0.5982,94.54,1
1165,95006,BALL LOST,Home,0.2925,105.49,0
1167,95165,PASS,Away,0.429,70.86,1
1168,95264,PASS,Away,0.9919,87.15,1
1169,95421,PASS,Away,0.3756,74.69,1
1170,95464,PASS,Away,0.4673,58.78,1
1171,95597,PASS,Away,0.5134,94.6,1
1172,95617,PASS,Away,0.5422,88.42,1
1173,95772,PASS,Away,0.9921,79.1,1
1174,95856,PASS,Away,0.7281,59.44,1
1175,95940,BALL LOST,Away,0.8932,41.41,0
1176,95972,CHALLENGE,Away,0.2031,13.38,0
1177,95974,CHALLENGE,Home,0.6467,95.64,0
1179,95974,PASS,Home,0.6467,95.64,1
1182,96359,PASS,Away,0.8655,49.74,1
1183,96433,CHALLENGE,Away,0.3671,45.19,0
1185,96445,CHALLENGE,Home,0.5254,66.22,0
1189,98069,BALL LOST,Home,0.992,101.78,0
1190,98139,CHALLENGE,Home,0.3245,39.93,0
1191,98140,CHALLENGE,Away,0.4211,67.28,0
1193,98140,PASS,Away,0.4211,67.28,0
1194,98195,CHALLENGE,Home,0.4366,61.85,0
1195,98198,CHALLENGE,Away,0.3394,46.19,0
1196,98198,BALL LOST,Away,0.3394,46.19,0
1198,98298,PASS,Home,0.7577,74.05,1
1199,98407,PASS,Home,0.8468,55.18,1
1200,98443,PASS,Home,0.838,55.2,1
1201,98530,PASS,Home,0.3353,57.42,1
1202,98615,PASS,Home,0.7754,42.67,1
1203,98782,BALL LOST,Home,0.4291,16.88,0
1205,98800,BALL LOST,Away,0.9766,106.08,0
1207,98931,PASS,Home,0.3996,22.17,1
1208,98958,PASS,Home,0.7582,26.95,1
1209,99005,SHOT,Home,0.2994,10.42,0
1211,99012,BALL LOST,Away,0.6995,103.89,0
1213,99032,SHOT,Home,0.4906,3.45,0
1215,100653,PASS,Away,0.9193,53.0,1
1216,100798,PASS,Away,0.3572,48.19,1
1217,100847,PASS,Away,0.5624,51.43,1
1218,100892,PASS,Away,0.5211,57.54,1
1219,100965,PASS,Away,0.9579,59.36,1
1220,101098,BALL LOST,Away,0.3608,50.91,0
1222,101128,BALL LOST,Home,0.4315,84.87,0
1224,101228,PASS,Away,0.5128,67.11,1
1225,101352,PASS,Away,0.9921,85.86,1
1226,101419,PASS,Away,0.9759,69.26,1
1227,101490,PASS,Away,0.9263,54.52,0
1228,101530,CHALLENGE,Home,0.4312,75.44,0
1229,101534,CHALLENGE,Away,0.3425,33.61,0
1232,102523,BALL LOST,Away,0.9863,35.44,0
1234,102715,PASS,Home,0.8538,93.28,1
1235,102793,PASS,Home,0.6622,65.81,1
1236,102915,BALL LOST,Home,0.7267,34.95,0
1238,102953,PASS,Away,0.3642,92.26,1
1239,102995,PASS,Away,0.5173,92.17,1
1240,103025,PASS,Away,0.9264,99.87,1
1241,103080,PASS,Away,0.452,89.79,1
1242,103169,BALL LOST,Away,0.4226,97.81,0
1244,103210,PASS,Home,0.43,44.75,0
1245,103261,CHALLENGE,Away,0.5052,82.25,0
1246,103262,CHALLENGE,Home,0.3559,40.18,0
1249,103550,PASS,Home,0.4803,38.91,1
1250,103604,PASS,Home,0.5535,41.75,1
1251,103673,PASS,Home,0.4771,48.76,1
1252,103776,PASS,Home,0.3893,54.76,0
1254,103917,PASS,Away,0.5176,90.18,0
1255,103918,BALL LOST,Home,0.2735,24.67,0
1256,103957,BALL LOST,Away,0.4997,94.7,0
1258,104039,BALL LOST,Home,0.4011,39.02,0
1260,104086,CHALLENGE,Away,0.2586,68.06,0
1261,104087,CHALLENGE,Home,0.6136,37.6,0
1262,104247,BALL LOST,Away,0.4091,26.98,0
1263,104252,CHALLENGE,Home,0.4689,84.44,0
1265,104252,PASS,Home,0.4689,84.44,1
1266,104465,PASS,Home,0.9947,101.53,1
1267,104554,PASS,Home,0.5257,76.33,1
1268,104662,PASS,Home,0.7218,60.77,1
1269,104710,PASS,Home,0.4258,58.83,1
1270,104758,CHALLENGE,Home,0.4129,64.45,0
1271,104851,PASS,Home,0.9791,69.26,1
1272,104906,PASS,Home,0.4117,63.26,1
1273,104951,PASS,Home,0.3323,50.99,1
1274,105103,PASS,Home,0.7372,52.36,1
1275,105150,PASS,Home,0.5644,53.1,1
1276,105202,PASS,Home,0.5543,45.71,1
1277,105228,PASS,Home,0.3252,51.84,1
1278,105335,PASS,Home,0.2195,62.08,1
1279,105419,PASS,Home,0.9904,73.0,1
1280,105477,PASS,Home,0.4863,75.1,1
1281,105538,CHALLENGE,Home,0.3246,79.51,0
1282,105545,CHALLENGE,Away,0.3818,43.54,0
1283,105620,BALL LOST,Home,0.2846,65.87,0
1285,105645,PASS,Away,0.6582,54.36,1
1286,105736,BALL LOST,Away,0.9775,61.17,0
1288,105794,PASS,Home,0.3278,80.56,1
1289,105840,CHALLENGE,Home,0.6531,78.69,0
1290,105840,PASS,Home,0.6531,78.69,0
1291,105842,CHALLENGE,Away,0.2124,30.73,0
1292,105869,PASS,Home,0.6731,89.97,1
1293,105943,PASS,Home,0.6564,77.57,1
1294,105987,PASS,Home,0.295,73.03,1
1295,106034,CHALLENGE,Home,0.24,72.34,0
1297,106036,CHALLENGE,Away,0.6253,35.51,0
1299,107299,PASS,Home,0.8208,74.4,1
1300,107350,PASS,Home,0.2618,65.81,1
1301,107400,PASS,Home,0.2654,64.05,1
1302,107485,PASS,Home,0.7391,81.29,1
1303,107585,PASS,Home,0.9746,77.31,1
1304,107694,BALL LOST,Home,0.4979,34.39,0
1305,107708,CHALLENGE,Away,0.4377,93.55,0
1307,107752,PASS,Away,0.573,96.67,1
1308,107787,PASS,Away,0.8906,99.34,1
1309,107805,BALL LOST,Away,0.3611,93.9,0
1311,107832,BALL LOST,Home,0.5375,44.97,0
1313,107890,BALL LOST,Away,0.3461,76.24,0
1315,107932,PASS,Home,0.4361,63.46,1
1316,107969,PASS,Home,0.3765,56.31,1
1317,108077,PASS,Home,0.4534,73.53,1
1318,108136,CHALLENGE,Home,0.2811,67.4,0
1319,108161,PASS,Home,0.3053,70.11,1
1320,108218,CHALLENGE,Home,0.3527,60.21,0
1321,108222,BALL LOST,Home,0.4261,60.52,0
1322,108227,CHALLENGE,Away,0.3757,57.69,0
1324,108232,PASS,Away,0.4109,58.35,1
1325,108253,PASS,Away,0.7899,53.64,1
1326,108326,PASS,Away,0.4019,50.01,1
1327,108488,PASS,Away,0.3838,30.87,1
1328,108611,SHOT,Away,0.4428,17.2,0
1330,108710,PASS,Home,0.7395,103.99,1
1331,108818,PASS,Home,0.6032,73.83,1
1332,109010,PASS,Home,0.4794,28.82,1
1333,109058,BALL LOST,Home,0.4254,18.54,0
1334,109083,CHALLENGE,Away,0.4632,85.93,0
1336,109085,PASS,Away,0.4537,85.93,1
1337,109124,PASS,Away,0.8298,83.31,1
1338,109194,PASS,Away,0.739,82.33,1
1339,109284,PASS,Away,0.9419,72.09,1
1340,109337,PASS,Away,0.5674,62.34,1
1341,109377,PASS,Away,0.6748,68.44,1
1342,109502,PASS,Away,0.3572,50.19,1
1343,109590,PASS,Away,0.9776,48.98,1
1344,109775,PASS,Away,0.2705,26.36,0
1345,109812,CHALLENGE,Home,0.4382,78.45,0
1347,109813,CHALLENGE,Away,0.3575,28.65,0
1348,109813,BALL LOST,Away,0.3575,28.65,0
1349,109815,PASS,Home,0.4391,78.44,0
1350,109858,CHALLENGE,Away,0.403,34.61,0
1351,109886,PASS,Home,0.4837,72.62,1
1352,110001,CHALLENGE,Home,0.3211,55.14,0
1354,110010,CHALLENGE,Away,0.4634,53.97,0
1356,113294,PASS,Home,0.9907,73.85,1
1357,113320,PASS,Home,0.4332,66.86,1
1358,113390,BALL LOST,Home,0.8792,81.72,0
1359,113447,CHALLENGE,Away,0.3867,56.32,0
1361,113448,CHALLENGE,Home,0.3421,52.18,0
1362,113452,PASS,Away,0.3975,56.46,1
1363,113498,PASS,Away,0.426,52.3,1
1364,113568,PASS,Away,0.796,69.17,1
1365,113631,PASS,Away,0.9707,69.55,1
1366,113726,PASS,Away,0.5847,55.67,1
1367,113816,BALL LOST,Away,0.9622,47.02,0
1369,113862,BALL LOST,Home,0.52,86.13,0
1371,113957,PASS,Away,0.3826,44.35,1
1372,114107,BALL LOST,Away,0.35,19.76,0
1373,114109,CHALLENGE,Home,0.4496,102.36,0
1377,114640,BALL LOST,Away,0.9921,30.17,0
1379,114676,BALL LOST,Home,0.629,99.72,0
1380,114770,CHALLENGE,Away,0.5346,27.64,0
1382,114777,PASS,Away,0.494,27.64,1
1383,114858,PASS,Away,0.9391,44.57,1
1384,114951,BALL LOST,Away,0.7898,45.57,0
1385,115012,CHALLENGE,Home,0.3082,96.52,0
1387,115016,BALL LOST,Home,0.3799,97.58,0
1389,115127,BALL LOST,Away,0.7573,28.05,0
1390,115132,CHALLENGE,Home,0.426,96.46,0
1392,115137,BALL LOST,Home,0.5027,96.46,0
1394,115258,PASS,Away,0.475,28.67,1
1395,115306,BALL LOST,Away,0.5752,28.74,0
1397,115814,BALL LOST,Home,0.9894,91.17,0
1399,115921,PASS,Away,0.6977,73.62,0
1400,115976,CHALLENGE,Home,0.4068,45.78,0
1402,115997,CHALLENGE,Away,0.298,69.38,0
1403,115997,BALL LOST,Away,0.298,69.38,0
1404,116016,PASS,Home,0.4008,52.0,1
1405,116062,PASS,Home,0.4004,53.4,1
1406,116103,PASS,Home,0.3225,39.68,1
1407,116156,PASS,Home,0.2901,44.52,1
1408,116206,PASS,Home,0.6403,52.15,1
1409,116246,PASS,Home,0.6234,46.93,1
1410,116289,PASS,Home,0.4673,51.27,1
1411,116401,BALL LOST,Home,0.3196,30.61,0
1413,116465,PASS,Away,0.5375,66.07,0
1414,116601,CHALLENGE,Home,0.6048,78.45,0
1416,116603,PASS,Home,0.6181,79.51,0
1417,116614,CHALLENGE,Away,0.24,25.45,0
1418,116614,BALL LOST,Away,0.24,25.45,0
1419,116648,PASS,Home,0.4699,78.49,1
1420,116832,PASS,Home,0.5152,57.09,1
1421,116875,PASS,Home,0.8633,60.53,1
1422,116915,PASS,Home,0.6192,63.22,1
1423,116945,PASS,Home,0.4267,59.73,1
1424,116995,PASS,Home,0.3565,65.98,1
1425,117030,PASS,Home,0.587,76.57,1
1426,117082,PASS,Home,0.758,84.84,1
1427,117240,PASS,Home,0.9491,86.19,1
1428,117274,PASS,Home,0.3201,62.59,1
1429,117354,PASS,Home,0.2918,61.93,1
1430,117385,PASS,Home,0.6759,71.54,1
1431,117480,PASS,Home,0.9655,77.63,1
1432,117545,PASS,Home,0.9822,83.75,1
1433,117633,PASS,Home,0.7499,78.53,1
1434,117686,PASS,Home,0.4778,74.03,1
1435,117754,PASS,Home,0.5449,80.8,1
1436,117826,PASS,Home,0.9805,92.38,1
1437,117984,PASS,Home,0.9335,73.27,1
1438,118033,PASS,Home,0.5334,56.59,1
1439,118084,PASS,Home,0.8916,45.39,1
1440,118124,PASS,Home,0.9909,49.64,1
1441,118223,BALL LOST,Home,0.9001,26.95,0
1443,118242,BALL LOST,Away,0.6282,90.68,0
1445,118322,PASS,Home,0.6507,33.09,1
1446,118372,PASS,Home,0.5965,32.97,1
1447,118436,PASS,Home,0.4261,45.15,1
1448,118509,BALL LOST,Home,0.4757,45.98,0
1449,118532,CHALLENGE,Away,0.4594,72.63,0
1451,118593,BALL LOST,Away,0.5132,73.38,0
1452,118628,CHALLENGE,Home,0.5948,56.44,0
1454,118634,PASS,Home,0.5942,57.38,1
1455,118676,PASS,Home,0.4338,61.79,1
1456,118721,PASS,Home,0.3485,56.58,1
1457,118799,PASS,Home,0.6578,50.88,1
1458,118911,SHOT,Home,0.4732,15.45,0
1460,119733,PASS,Away,0.9925,101.76,1
1461,119810,PASS,Away,0.9909,95.78,1
1462,119860,PASS,Away,0.3922,78.34,1
1463,119902,PASS,Away,0.6667,74.33,1
1464,120002,PASS,Away,0.399,62.21,1
1465,120073,PASS,Away,0.7852,68.25,1
1468,121704,BALL LOST,Home,0.9918,102.86,0
1470,121802,BALL LOST,Away,0.354,60.9,0
1472,121899,PASS,Home,0.541,81.62,1
1473,121953,BALL LOST,Home,0.7739,99.68,0
1474,122063,CHALLENGE,Away,0.3326,61.06,0
1476,122063,CHALLENGE,Home,0.5193,45.39,0
1477,122067,BALL LOST,Away,0.4567,60.01,0
1479,122144,CHALLENGE,Away,0.48,56.25,0
1480,122148,BALL LOST,Home,0.5558,50.12,0
1482,122240,PASS,Home,0.9031,57.54,1
1483,122282,PASS,Home,0.8745,63.12,1
1484,122308,PASS,Home,0.3385,57.28,1
1485,122337,PASS,Home,0.2155,50.12,1
1486,122384,PASS,Home,0.9872,66.41,1
1487,122474,PASS,Home,0.5025,61.79,1
1488,122539,PASS,Home,0.829,59.91,1
1489,122656,PASS,Home,0.6842,62.13,1
1490,122727,PASS,Home,0.3037,53.64,1
1491,122824,PASS,Home,0.2441,39.04,1
1492,122860,PASS,Home,0.8013,27.86,1
1493,122923,SHOT,Home,0.6463,26.51,0
1495,123070,PASS,Away,0.9914,101.94,1
1496,123136,BALL LOST,Away,0.2884,73.59,0
1498,123181,BALL LOST,Home,0.4772,50.58,0
1499,123213,CHALLENGE,Away,0.4184,75.58,0
1503,123284,PASS,Home,0.9423,51.91,1
1504,123349,PASS,Home,0.3386,41.8,1
1505,123409,PASS,Home,0.4638,46.55,1
1506,123414,PASS,Home,0.4362,52.71,1
1507,123435,PASS,Home,0.3586,54.15,1
1508,123446,PASS,Home,0.4321,56.02,1
1509,123556,PASS,Home,0.4033,78.93,1
1510,123693,PASS,Home,0.7516,91.25,1
1511,123805,PASS,Home,0.2129,67.77,1
1512,123879,BALL LOST,Home,0.323,59.92,0
1514,124005,PASS,Away,0.2499,91.69,1
1515,124051,BALL LOST,Away,0.8634,105.65,0
1517,124149,BALL LOST,Home,0.6272,45.63,0
1519,124219,PASS,Away,0.4127,72.11,1
1520,124324,PASS,Away,0.948,83.37,1
1521,124396,PASS,Away,0.9702,77.38,1
1522,124504,PASS,Away,0.5235,55.95,1
1523,124536,PASS,Away,0.5486,46.76,1
1524,124721,PASS,Away,0.3303,15.01,1
1525,124755,SHOT,Away,0.3998,17.04,0
1528,125558,PASS,Home,0.9916,103.9,0
1529,125622,BALL LOST,Away,0.9921,94.46,0
1530,125680,BALL LOST,Home,0.3804,46.47,0
1532,125792,CHALLENGE,Away,0.2318,63.97,0
1533,125792,BALL LOST,Away,0.2318,63.97,0
1534,125794,CHALLENGE,Home,0.5457,58.47,0
1536,125830,PASS,Home,0.4536,58.35,1
1537,125898,PASS,Home,0.4066,71.86,0
1538,125923,CHALLENGE,Away,0.5676,45.53,0
1539,125940,CHALLENGE,Home,0.3098,63.86,0
1543,126778,PASS,Home,0.716,62.21,1
1544,126839,PASS,Home,0.9283,73.14,1
1545,126915,PASS,Home,0.3529,69.14,1
1546,127007,PASS,Home,0.3174,60.54,1
1547,127062,BALL LOST,Home,0.309,68.24,0
1549,127189,PASS,Away,0.2612,43.99,1
1550,127385,PASS,Away,0.363,30.39,1
1551,127398,PASS,Away,0.5935,37.28,1
1552,127508,PASS,Away,0.8337,34.37,0
1553,127555,CHALLENGE,Home,0.4617,90.75,0
1555,127560,PASS,Home,0.4613,90.75,0
1556,127570,CHALLENGE,Away,0.3429,18.89,0
1557,127570,BALL LOST,Away,0.3429,18.89,0
1558,127678,CHALLENGE,Away,0.5608,45.9,0
1560,127680,CHALLENGE,Home,0.3221,61.62,0
1561,127680,BALL LOST,Home,0.3221,61.62,0
1562,127771,CHALLENGE,Home,0.4959,68.94,0
1563,127812,PASS,Away,0.5344,32.18,1
1564,127839,BALL LOST,Away,0.332,27.56,0
1566,127891,PASS,Home,0.3576,90.16,1
1567,127919,PASS,Home,0.3205,87.24,1
1568,127959,PASS,Home,0.4151,96.11,1
1569,128058,PASS,Home,0.5816,63.67,1
1570,128222,PASS,Home,0.3422,21.74,0
1571,128335,CHALLENGE,Away,0.6303,85.86,0
1573,128349,CHALLENGE,Away,0.5688,83.78,0
1575,128369,CHALLENGE,Home,0.2467,22.52,0
1576,128369,BALL LOST,Home,0.2467,22.52,0
1577,128377,CHALLENGE,Home,0.2818,23.57,0
1580,129235,PASS,Away,0.989,76.47,1
1581,129377,PASS,Away,0.3733,60.59,1
1582,129412,PASS,Away,0.5875,61.19,1
1583,129593,PASS,Away,0.8651,67.91,1
1584,129618,PASS,Away,0.3605,56.58,1
1585,129678,PASS,Away,0.3276,56.06,1
1586,129722,PASS,Away,0.5998,33.5,1
1587,129764,BALL LOST,Away,0.1966,26.36,0
1588,129778,CHALLENGE,Home,0.4014,87.44,0
1590,129788,PASS,Home,0.4896,89.48,1
1591,129810,BALL LOST,Home,0.6341,93.64,0
1593,129869,PASS,Away,0.5086,50.22,0
1594,129912,CHALLENGE,Home,0.2965,59.44,0
1595,129916,PASS,Away,0.5955,51.3,1
1596,129973,PASS,Away,0.5176,41.74,1
1597,130177,PASS,Away,0.2422,17.65,1
1598,130208,PASS,Away,0.2663,17.81,1
1599,130265,PASS,Away,0.4861,26.58,1
1600,130330,BALL LOST,Away,0.8339,26.01,0
1602,130403,PASS,Home,0.5023,96.7,1
1603,130510,PASS,Home,0.3923,73.62,1
1604,130565,PASS,Home,0.5855,62.54,1
1605,130643,PASS,Home,0.5827,45.34,1
1606,130763,PASS,Home,0.3284,25.78,1
1607,130839,PASS,Home,0.837,29.8,1
1608,131067,PASS,Home,0.8226,32.38,1
1609,131191,PASS,Home,0.7301,52.69,1
1610,131256,PASS,Home,0.6487,60.32,1
1611,131399,PASS,Home,0.9889,48.39,1
1612,131429,PASS,Home,0.4809,44.44,1
1613,131466,PASS,Home,0.7158,45.88,1
1614,131534,BALL LOST,Home,0.6575,38.3,0
1616,131562,BALL LOST,Away,0.59,84.93,0
1617,131651,CHALLENGE,Away,0.4715,60.8,0
1619,131681,PASS,Home,0.4427,47.6,1
1620,131800,PASS,Home,0.7728,53.08,1
1621,131850,PASS,Home,0.3882,48.89,1
1622,131905,PASS,Home,0.577,61.79,1
1623,131945,PASS,Home,0.8951,78.16,1
1624,132048,PASS,Home,0.6845,84.84,1
1625,132188,PASS,Home,0.6602,62.95,1
1626,132293,PASS,Home,0.9897,66.69,1
1627,132365,PASS,Home,0.9828,69.62,1
1628,132423,PASS,Home,0.3783,56.44,1
1629,132450,PASS,Home,0.3249,54.17,1
1630,132607,PASS,Home,0.5758,29.48,0
1631,132728,CHALLENGE,Away,0.3997,98.73,0
1633,132732,PASS,Away,0.3939,98.73,0
1634,132743,BALL LOST,Home,0.6209,26.82,0
1635,132875,CHALLENGE,Away,0.2577,74.27,0
1637,132881,CHALLENGE,Home,0.5274,36.3,0
1639,133242,PASS,Away,0.7911,73.52,1
1640,133317,PASS,Away,0.9708,65.26,1
1641,133403,PASS,Away,0.6979,55.28,1
1642,133495,PASS,Away,0.9564,52.22,1
1643,133625,PASS,Away,0.9316,40.74,1
1644,133782,PASS,Away,0.3616,37.28,1
1645,133892,PASS,Away,0.5967,35.46,1
1646,134012,PASS,Away,0.4966,33.32,1
1647,134041,SHOT,Away,0.5562,30.38,0
1649,134828,PASS,Home,0.9914,101.77,1
1650,134887,BALL LOST,Home,0.5043,48.69,0
1651,134915,CHALLENGE,Away,0.4122,69.9,0
1653,135092,PASS,Away,0.8832,68.75,1
1654,135125,BALL LOST,Away,0.9127,69.63,0
1656,135217,PASS,Away,0.6473,71.54,1
1657,135266,PASS,Away,0.3455,59.92,1
1658,135424,PASS,Away,0.6642,34.18,1
1659,135494,PASS,Away,0.5715,28.19,1
1660,135531,BALL LOST,Away,0.7207,28.91,0
1662,135585,PASS,Home,0.9243,93.22,1
1663,135727,PASS,Home,0.3412,54.72,1
1664,135957,SHOT,Home,0.1785,17.44,0
1666,136210,PASS,Away,0.9898,90.6,1
1667,136338,PASS,Away,0.3009,54.64,1
1668,136381,PASS,Away,0.4146,56.06,1
1669,136508,BALL LOST,Away,0.8134,35.55,0
1671,136522,PASS,Home,0.9397,80.97,1
1672,136555,PASS,Home,0.8939,87.69,1
1673,136627,PASS,Home,0.3186,74.2,1
1674,136724,PASS,Home,0.3196,77.68,1
1675,136763,PASS,Home,0.3514,61.78,1
1676,136789,PASS,Home,0.5833,66.9,1
1677,136906,PASS,Home,0.595,79.69,1
1678,136961,PASS,Home,0.3727,86.39,1
1679,137106,PASS,Home,0.8331,100.72,1
1680,137181,PASS,Home,0.3953,71.28,1
1681,137211,CHALLENGE,Home,0.3333,60.9,0
1683,137235,CHALLENGE,Away,0.686,49.79,0
1686,138545,PASS,Home,0.9746,65.49,1
1687,138647,PASS,Home,0.4248,70.29,1
1688,138684,PASS,Home,0.4056,57.55,1
1689,138761,PASS,Home,0.5709,60.23,1
1690,138846,PASS,Home,0.9901,66.73,1
1691,138929,PASS,Home,0.4878,60.56,1
1692,138986,PASS,Home,0.5768,71.13,1
1693,139029,PASS,Home,0.5069,68.67,1
1694,139089,PASS,Home,0.3724,66.22,0
1695,139110,CHALLENGE,Away,0.4256,58.95,0
1696,139133,CHALLENGE,Home,0.2509,62.72,0
1699,139571,PASS,Home,0.4096,58.54,1
1700,139629,PASS,Home,0.9146,71.84,1
1701,139724,PASS,Home,0.448,75.29,1
1702,139782,PASS,Home,0.643,83.18,1
1703,139824,PASS,Home,0.4646,76.91,0
1704,139851,CHALLENGE,Away,0.364,47.04,0
1706,139857,BALL LOST,Home,0.4046,64.69,0
1707,139867,PASS,Away,0.4575,49.23,1
1708,139898,PASS,Away,0.4075,48.65,1
1711,140478,PASS,Home,0.9914,101.77,1
1712,140619,BALL LOST,Home,0.267,80.8,0
1714,140729,PASS,Away,0.9862,68.98,0
1715,140893,CHALLENGE,Home,0.5063,59.67,0
1716,140912,CHALLENGE,Away,0.2956,42.54,0
1719,141140,PASS,Away,0.7349,41.61,1
1720,141185,PASS,Away,0.3223,36.45,0
1721,141404,CHALLENGE,Home,0.6853,95.96,0
1722,141436,PASS,Away,0.3245,35.24,1
1726,142394,CHALLENGE,Home,0.8049,57.43,0
1728,142526,PASS,Away,0.7501,64.23,1
1729,142615,PASS,Away,0.265,63.27,1
1730,142665,PASS,Away,0.961,72.62,1
1731,142715,PASS,Away,0.9726,63.6,1
1732,142886,BALL LOST,Away,0.5201,41.19,0
1734,142943,BALL LOST,Home,0.7113,90.93,0
1736,143130,PASS,Away,0.9819,53.73,1
1737,143229,BALL LOST,Away,0.4997,36.54,0
1739,143262,PASS,Home,0.2863,81.75,1
1740,143361,PASS,Home,0.7326,64.64,1
1741,143578,PASS,Home,0.8893,27.54,1
1742,143598,BALL LOST,Home,0.4554,18.89,0
