match_id,event_type,ball_dist_m,s_r_ball,s_r_top_attacker
3930158,Pressure,47.71,0.6071,0.6615
3930158,Pass,50.6,0.5988,0.6691
3930158,Ball Receipt*,49.32,0.6024,0.6503
3930158,Pass,49.32,0.6024,0.6503
3930158,Ball Receipt*,52.1,0.5946,0.6277
3930158,Pass,53.71,0.5902,0.6189
3930158,Ball Receipt*,39.4,0.6334,0.6612
3930158,Carry,39.4,0.6334,0.6612
3930158,Miscontrol,44.14,0.618,0.6607
3930158,Dispossessed,56.57,0.5826,0.6084
3930158,Ball Receipt*,41.58,0.6261,0.6342
3930158,Carry,41.58,0.6261,0.6342
3930158,Ball Receipt*,57.88,0.5792,0.615
3930158,Carry,57.88,0.5792,0.615
3930158,Pass,62.01,0.5689,0.6037
3930158,Pass,41.17,0.6275,0.6592
3930158,Ball Receipt*,39.26,0.6339,0.659
3930158,Carry,39.26,0.6339,0.659
3930158,Ball Receipt*,57.64,0.5798,0.5957
3930158,Carry,57.64,0.5798,0.5957
3930158,Pass,34.87,0.6494,0.6494
3930158,Pass,38.18,0.6376,0.697
3930158,Foul Won,66.82,0.5576,0.5929
3930158,Foul Won,59.26,0.5757,0.6642
3930158,Ball Receipt*,73.8,0.5422,0.6376
3930158,Pass,35.5,0.6471,0.7285
3930158,Pass,46.02,0.6122,0.618
3930158,Ball Receipt*,63.15,0.5662,0.6342
3930158,Duel,64.27,0.5635,0.6343
3930158,Interception,25.83,0.6863,0.7436
3930158,Ball Receipt*,40.75,0.6289,0.6817
3930158,Miscontrol,39.9,0.6317,0.6857
3930158,Foul Won,74.46,0.5408,0.636
3930158,Ball Receipt*,50.72,0.5985,0.6855
3930158,Carry,50.72,0.5985,0.6855
3930158,Ball Receipt*,57.25,0.5808,0.6079
3930158,Carry,57.25,0.5808,0.6079
3930158,Ball Receipt*,58.35,0.578,0.6211
3930158,Carry,58.35,0.578,0.6211
3930158,Pass,57.46,0.5803,0.6209
3930158,Ball Receipt*,51.52,0.5962,0.6476
3930158,Carry,51.52,0.5962,0.6476
3930158,Ball Receipt*,62.86,0.5669,0.633
3930158,Carry,62.86,0.5669,0.633
3930158,Foul Won,61.65,0.5698,0.609
3930158,Ball Receipt*,51.95,0.595,0.6269
3930158,Carry,51.95,0.595,0.6269
3930158,Ball Receipt*,66.18,0.5591,0.6995
3930158,Dispossessed,70.35,0.5496,0.6342
3930159,Ball Receipt*,39.93,0.6316,0.7357
3930159,Pass,39.93,0.6316,0.7357
3930159,Ball Receipt*,47.99,0.6063,0.6649
3930159,Carry,47.99,0.6063,0.6649
3930159,Pass,48.05,0.6061,0.6616
3930159,Pass,41.5,0.6264,0.6465
3930159,Duel,58.77,0.5769,0.6032
3930159,Ball Receipt*,57.9,0.5792,0.6392
3930159,Miscontrol,57.9,0.5792,0.6392
3930159,Ball Receipt*,68.62,0.5535,0.625
3930159,Ball Recovery,26.58,0.683,0.7482
3930159,Carry,26.58,0.683,0.7482
3930159,Pass,29.33,0.6711,0.7515
3930159,Ball Receipt*,44.22,0.6177,0.7644
3930159,Carry,44.22,0.6177,0.7644
3930159,Pass,45.58,0.6135,0.6347
3930159,Ball Receipt*,48.75,0.6041,0.6413
3930159,Carry,48.75,0.6041,0.6413
3930159,Pass,52.83,0.5926,0.6346
3930159,Ball Receipt*,53.72,0.5902,0.6122
3930159,Carry,53.72,0.5902,0.6122
3930159,Ball Receipt*,56.17,0.5836,0.6498
3930159,Pass,56.17,0.5836,0.6498
3930159,Pass,38.6,0.6361,0.6934
3930159,Ball Receipt*,38.44,0.6367,0.6483
3930159,Carry,38.44,0.6367,0.6483
3930159,Pass,39.45,0.6332,0.7119
3930159,Ball Receipt*,36.6,0.6431,0.6674
3930159,Pass,36.6,0.6431,0.6674
3930159,Ball Receipt*,32.1,0.6599,0.7213
3930159,Pass,31.69,0.6616,0.7231
3930159,Ball Receipt*,60.69,0.5722,0.6192
3930159,Duel,61.8,0.5694,0.6194
3930159,Pass,44.15,0.6179,0.6752
3930159,Ball Receipt*,54.75,0.5874,0.664
3930159,Pass,54.75,0.5874,0.664
3930159,Ball Receipt*,44.41,0.6172,0.6452
3930159,Carry,44.41,0.6172,0.6452
3930159,Pass,44.41,0.6172,0.6544
3930159,Ball Receipt*,43.34,0.6205,0.6877
3930159,Pass,43.34,0.6205,0.6877
3930159,Ball Receipt*,52.47,0.5936,0.6769
3930159,Pass,52.47,0.5936,0.6769
3930159,Pass,39.29,0.6338,0.6625
3930159,Duel,60.69,0.5722,0.6398
3930159,Ball Receipt*,34.38,0.6512,0.6795
3930159,Carry,34.38,0.6512,0.6795
3930159,Ball Receipt*,51.8,0.5954,0.6265
3930159,Carry,51.8,0.5954,0.6265
3930159,Pass,51.8,0.5954,0.631
3930159,Ball Receipt*,51.57,0.596,0.6347
3930159,Carry,51.57,0.596,0.6347
3930159,Pass,51.0,0.5977,0.6307
3930159,Ball Receipt*,42.49,0.6232,0.6337
3930159,Pass,42.49,0.6232,0.6337
3930159,Ball Receipt*,41.44,0.6266,0.6477
3930159,Carry,41.44,0.6266,0.6477
3930159,Pass,45.02,0.6152,0.6403
3930159,Ball Receipt*,54.41,0.5883,0.6219
3930159,Carry,54.41,0.5883,0.6219
3930159,Pass,52.34,0.5939,0.6238
3930159,Ball Receipt*,72.09,0.5459,0.6891
3930159,Pass,37.52,0.6399,0.7268
3930159,Pass,39.62,0.6327,0.6866
3930159,Ball Receipt*,45.35,0.6142,0.6932
3930159,Pass,45.33,0.6143,0.6934
3930159,Ball Receipt*,36.83,0.6423,0.6909
3930159,Carry,36.83,0.6423,0.6909
3930159,Pass,38.82,0.6354,0.6636
3930159,Pressure,47.95,0.6064,0.6379
3930159,Foul Committed,48.32,0.6053,0.633
3930159,Pass,28.98,0.6726,0.6895
3930159,Ball Receipt*,40.37,0.6301,0.6301
3930159,Carry,40.37,0.6301,0.6301
3930159,Pass,40.37,0.6301,0.6329
3930159,Ball Receipt*,47.82,0.6068,0.6437
3930159,Carry,47.82,0.6068,0.6437
3930159,Pass,52.23,0.5942,0.6546
3930159,Ball Receipt*,45.29,0.6144,0.6584
3930159,Carry,45.29,0.6144,0.6584
3930159,Ball Receipt*,37.51,0.6399,0.6557
3930159,Carry,37.51,0.6399,0.6557
3930159,Pass,37.51,0.6399,0.6566
3930159,Ball Receipt*,51.67,0.5958,0.6572
3930159,Pass,51.67,0.5958,0.6572
3930159,Ball Receipt*,46.86,0.6097,0.7158
3930159,Pass,46.86,0.6097,0.7158
3930159,Ball Receipt*,57.79,0.5794,0.6681
3930159,Carry,57.79,0.5794,0.6681
3930159,Foul Won,50.65,0.5986,0.6208
3930159,Carry,50.65,0.5986,0.6208
3930159,Pass,41.34,0.6269,0.6615
3930159,Interception,38.5,0.6365,0.6473
3930159,Carry,38.5,0.6365,0.6473
3930159,Ball Receipt*,70.96,0.5483,0.6659
3930159,Pass,10.57,0.7762,0.7762
3930159,Ball Receipt*,18.41,0.7238,0.7357
3930159,Carry,18.41,0.7238,0.7357
3930159,Pass,18.41,0.7238,0.7436
3930159,Ball Receipt*,18.75,0.722,0.7637
3930159,Carry,18.75,0.722,0.7637
3930159,Ball Receipt*,55.43,0.5856,0.6586
3930159,Pass,56.26,0.5834,0.6576
3930159,Ball Receipt*,51.57,0.5961,0.6687
3930159,Miscontrol,51.82,0.5954,0.6677
3930159,Pass,37.0,0.6417,0.6888
3930159,Ball Receipt*,48.05,0.6061,0.6643
3930159,Carry,48.05,0.6061,0.6643
3930159,Miscontrol,47.98,0.6063,0.6648
3930159,Pass,48.61,0.6045,0.6373
3930159,Pressure,37.82,0.6388,0.6921
3930159,Ball Receipt*,66.1,0.5592,0.7926
3930159,Pass,38.44,0.6367,0.6504
3930159,Pass,29.86,0.669,0.7455
3930159,Pass,35.44,0.6473,0.6885
3930159,Ball Receipt*,45.59,0.6135,0.661
3930159,Carry,45.59,0.6135,0.661
3930159,Ball Receipt*,59.68,0.5747,0.6407
3930159,Interception,42.27,0.6239,0.6414
3930159,Pressure,41.68,0.6258,0.6618
3930159,Pass,32.71,0.6576,0.6835
3930159,Ball Receipt*,54.37,0.5884,0.6182
3930159,Carry,54.37,0.5884,0.6182
3930159,Ball Receipt*,59.08,0.5762,0.6344
3930159,Carry,59.08,0.5762,0.6344
3930159,Miscontrol,59.23,0.5758,0.6324
3930159,Pass,58.32,0.5781,0.6062
3930159,Ball Receipt*,58.93,0.5765,0.6308
3930159,Pass,59.0,0.5764,0.6304
3930159,Block,57.49,0.5802,0.6274
3930159,Ball Receipt*,51.61,0.5959,0.6649
3930159,Carry,51.61,0.5959,0.6649
3930159,Pass,59.58,0.5749,0.6346
3930159,Ball Receipt*,60.1,0.5736,0.6323
3930159,Carry,60.1,0.5736,0.6323
3930159,Miscontrol,60.54,0.5725,0.6304
3930159,Pressure,63.74,0.5648,0.6252
3930159,Ball Receipt*,53.0,0.5921,0.6686
3930159,Carry,53.0,0.5921,0.6686
3930159,Ball Receipt*,54.85,0.5871,0.6462
3930159,Pass,54.85,0.5871,0.6462
3930159,Pressure,57.71,0.5797,0.6252
3930159,Duel,59.17,0.5759,0.618
3930159,Ball Receipt*,50.8,0.5982,0.6208
3930159,Carry,50.8,0.5982,0.6208
3930159,Ball Recovery,38.87,0.6352,0.6384
3930159,Carry,38.87,0.6352,0.6384
3930159,Pass,39.07,0.6345,0.6366
3930159,Pass,55.55,0.5853,0.6174
3930159,Foul Won,72.4,0.5452,0.6319
3930159,Pass,53.78,0.59,0.6177
3930159,Ball Receipt*,57.23,0.5809,0.6292
3930159,Pass,57.23,0.5809,0.6292
3930159,Pass,30.32,0.6671,0.6889
3930159,Ball Receipt*,41.52,0.6264,0.6696
3930159,Pass,41.52,0.6264,0.6696
3930159,Ball Receipt*,38.28,0.6372,0.6833
3930159,Carry,38.28,0.6372,0.6833
3930159,Pass,39.76,0.6322,0.6744
3930159,Pass,36.12,0.6449,0.6767
3930159,Ball Receipt*,47.12,0.6089,0.6795
3930159,Carry,47.12,0.6089,0.6795
3930159,Miscontrol,47.7,0.6072,0.6695
3930159,Ball Receipt*,57.66,0.5798,0.6507
3930159,Pass,57.66,0.5798,0.6505
3930159,Ball Receipt*,53.03,0.592,0.6564
3930159,Carry,53.03,0.592,0.6564
3930159,Pass,36.03,0.6452,0.6562
3930159,Ball Receipt*,52.84,0.5925,0.6158
3930159,Ball Receipt*,62.69,0.5673,0.6246
3930159,Duel,63.64,0.565,0.626
3930159,Ball Receipt*,48.44,0.605,0.6735
3930159,Carry,48.44,0.605,0.6735
3930159,Pass,53.69,0.5902,0.626
3930159,Pressure,58.3,0.5782,0.6461
3930159,Duel,56.65,0.5824,0.6475
3930159,Ball Receipt*,67.76,0.5554,0.613
3930159,Pass,67.83,0.5553,0.6132
3930159,Dispossessed,65.99,0.5595,0.6148
3930159,Ball Receipt*,52.99,0.5922,0.5957
3930159,Carry,52.99,0.5922,0.5957
3930159,Ball Receipt*,43.42,0.6202,0.6424
3930159,Carry,43.42,0.6202,0.6424
3930159,Pass,39.63,0.6326,0.6764
3930159,Ball Receipt*,49.81,0.601,0.6454
3930159,Carry,49.81,0.601,0.6454
3930159,Pass,49.81,0.601,0.6443
3930159,Ball Receipt*,46.04,0.6121,0.6406
3930159,Carry,46.04,0.6121,0.6406
3930159,Pass,46.04,0.6121,0.6397
3930159,Ball Receipt*,69.65,0.5512,0.6364
3930159,Pass,39.49,0.6331,0.6409
3930159,Dispossessed,70.85,0.5486,0.6128
3930159,Dispossessed,66.32,0.5587,0.6131
3930159,Dribble,48.57,0.6046,0.6673
3930159,Carry,48.57,0.6046,0.6673
3930159,Pass,46.93,0.6095,0.669
3930159,Ball Recovery,57.27,0.5808,0.6465
3930159,Carry,57.27,0.5808,0.6465
3930159,Pass,57.96,0.579,0.6329
3930159,Ball Receipt*,55.95,0.5842,0.6441
3930159,Carry,55.95,0.5842,0.6441
3930159,Foul Won,73.73,0.5423,0.6368
3930159,Ball Recovery,40.81,0.6287,0.6636
3930159,Carry,40.81,0.6287,0.6636
3930159,Pass,42.24,0.624,0.6644
3930159,Ball Receipt*,38.19,0.6376,0.6585
3930159,Carry,38.19,0.6376,0.6585
3930159,Ball Receipt*,45.24,0.6146,0.7047
3930159,Pass,45.24,0.6146,0.7047
3930159,Pass,48.52,0.6048,0.6593
3930159,Ball Receipt*,55.97,0.5842,0.6471
3930159,Carry,55.97,0.5842,0.6471
3930159,Ball Receipt*,50.59,0.5988,0.6619
3930159,Carry,50.59,0.5988,0.6619
3930160,Clearance,26.63,0.6827,0.6827
3930160,Pressure,48.92,0.6036,0.6764
3930160,Ball Recovery,27.89,0.6772,0.681
3930160,Carry,27.89,0.6772,0.681
3930160,Pass,27.41,0.6793,0.6841
3930160,Ball Receipt*,10.09,0.7802,0.7802
3930160,Carry,10.09,0.7802,0.7802
3930160,Ball Receipt*,16.65,0.7342,0.7465
3930160,Carry,16.65,0.7342,0.7465
3930160,Pass,20.07,0.7147,0.7553
3930160,Ball Receipt*,24.98,0.6903,0.6903
3930160,Carry,24.98,0.6903,0.6903
3930160,Ball Receipt*,16.27,0.7364,0.7364
3930160,Carry,16.27,0.7364,0.7364
3930160,Pass,18.99,0.7206,0.721
3930160,Ball Receipt*,34.47,0.6509,0.6654
3930160,Carry,34.47,0.6509,0.6654
3930160,Pass,40.0,0.6314,0.6322
3930160,Ball Receipt*,59.28,0.5757,0.6185
3930160,Carry,59.28,0.5757,0.6185
3930160,Ball Receipt*,16.81,0.7332,0.7332
3930160,Carry,16.81,0.7332,0.7332
3930160,Pass,14.55,0.7474,0.7474
3930160,Ball Receipt*,26.18,0.6848,0.7306
3930160,Carry,26.18,0.6848,0.7306
3930160,Pass,8.48,0.7941,0.7941
3930160,Ball Receipt*,14.62,0.7469,0.7703
3930160,Carry,14.62,0.7469,0.7703
3930160,Pass,14.95,0.7448,0.7857
3930160,Pass,28.97,0.6727,0.6849
3930160,Ball Receipt*,50.78,0.5983,0.6613
3930160,Pass,50.78,0.5983,0.6613
3930160,Ball Receipt*,56.82,0.5819,0.6407
3930160,Carry,56.82,0.5819,0.6407
3930160,Foul Won,54.87,0.5871,0.613
3930160,Pass,44.69,0.6163,0.6164
3930160,Ball Receipt*,16.86,0.7329,0.7329
3930160,Carry,16.86,0.7329,0.7329
3930160,Pass,18.62,0.7226,0.7226
3930160,Ball Receipt*,20.89,0.7104,0.7399
3930160,Carry,20.89,0.7104,0.7399
3930160,Pass,26.9,0.6816,0.6882
3930160,Ball Receipt*,24.12,0.6943,0.6943
3930160,Carry,24.12,0.6943,0.6943
3930160,Pass,29.82,0.6691,0.6691
3930160,Ball Receipt*,48.6,0.6045,0.6322
3930160,Carry,48.6,0.6045,0.6322
3930160,Ball Receipt*,57.94,0.5791,0.605
3930160,Carry,57.94,0.5791,0.605
3930160,Ball Receipt*,27.29,0.6799,0.6822
3930160,Carry,27.29,0.6799,0.6822
3930160,Pass,27.59,0.6786,0.6843
3930160,Ball Receipt*,44.93,0.6155,0.6402
3930160,Carry,44.93,0.6155,0.6402
3930160,Ball Receipt*,54.36,0.5884,0.6389
3930160,Carry,54.36,0.5884,0.6389
3930160,Ball Receipt*,19.07,0.7202,0.7202
3930160,Carry,19.07,0.7202,0.7202
3930160,Pass,16.59,0.7345,0.7442
3930160,Ball Receipt*,4.83,0.8332,0.8332
3930160,Pass,5.49,0.8251,0.8251
3930160,Pressure,49.5,0.6019,0.7251
3930160,Ball Receipt*,21.68,0.7063,0.7357
3930160,Carry,21.68,0.7063,0.7357
3930160,Pass,21.5,0.7072,0.7387
3930160,Ball Receipt*,18.63,0.7226,0.7226
3930160,Pass,18.63,0.7226,0.7226
3930160,Pass,27.4,0.6794,0.6797
3930160,Ball Receipt*,36.61,0.6431,0.6943
3930160,Pass,36.9,0.6421,0.6931
3930160,Ball Receipt*,70.44,0.5494,0.628
3930160,Ball Receipt*,66.79,0.5577,0.6249
3930160,Pass,35.91,0.6456,0.6538
3930160,Ball Receipt*,51.47,0.5963,0.6196
3930160,Carry,51.47,0.5963,0.6196
3930160,Pass,41.67,0.6259,0.6381
3930160,Ball Receipt*,58.97,0.5764,0.6137
3930160,Carry,58.97,0.5764,0.6137
3930160,Ball Receipt*,62.03,0.5689,0.6201
3930160,Ball Receipt*,35.09,0.6486,0.6614
3930160,Pass,33.91,0.653,0.6631
3930160,Pass,30.5,0.6664,0.6737
3930160,Dribble,69.47,0.5516,0.6092
3930160,Pass,10.68,0.7754,0.7754
3930160,Pass,39.25,0.6339,0.6578
3930160,Ball Receipt*,35.97,0.6454,0.6489
3930160,Carry,35.97,0.6454,0.6489
3930160,Pass,20.26,0.7137,0.7137
3930160,Ball Receipt*,25.38,0.6884,0.7053
3930160,Carry,25.38,0.6884,0.7053
3930160,Pass,28.44,0.6749,0.6951
3930160,Ball Receipt*,48.09,0.606,0.6495
3930160,Pass,48.39,0.6051,0.6471
3930160,Pressure,58.82,0.5768,0.6293
3930160,Ball Receipt*,16.72,0.7337,0.7337
3930160,Carry,16.72,0.7337,0.7337
3930160,Pass,17.17,0.731,0.731
3930160,Ball Receipt*,53.78,0.59,0.635
3930160,Carry,53.78,0.59,0.635
3930160,Pass,40.55,0.6295,0.6692
3930160,Pass,45.3,0.6144,0.668
3930160,Ball Receipt*,42.04,0.6246,0.6601
3930160,Pass,41.09,0.6278,0.6639
3930160,Ball Receipt*,30.38,0.6668,0.6773
3930160,Carry,30.38,0.6668,0.6773
3930160,Pass,17.15,0.7312,0.7324
3930160,Ball Receipt*,11.97,0.7654,0.7654
3930160,Carry,11.97,0.7654,0.7654
3930160,Ball Recovery,32.71,0.6576,0.6613
3930160,Pass,37.54,0.6398,0.6515
3930160,Ball Receipt*,62.83,0.5669,0.593
3930160,Duel,63.09,0.5663,0.594
3930160,Pass,36.4,0.6439,0.6439
3930160,Ball Receipt*,30.13,0.6678,0.6678
3930160,Carry,30.13,0.6678,0.6678
3930160,Pass,30.13,0.6678,0.6678
3930160,Pass,9.38,0.7861,0.7861
3930160,Ball Receipt*,50.52,0.599,0.7003
3930160,Foul Committed,50.27,0.5997,0.6992
3930160,Dribble,75.91,0.5378,0.6248
3930160,Pressure,46.41,0.611,0.644
3930160,Block,45.29,0.6144,0.6482
3930160,Ball Recovery,44.97,0.6154,0.6486
3930160,Carry,44.97,0.6154,0.6486
3930160,Pass,8.91,0.7902,0.7902
3930160,Ball Receipt*,15.7,0.74,0.7782
3930160,Carry,15.7,0.74,0.7782
3930160,Pass,17.87,0.7269,0.7269
3930160,Ball Receipt*,6.68,0.8117,0.8117
3930160,Pass,6.67,0.8119,0.8119
3930160,Ball Receipt*,21.71,0.7061,0.7099
3930160,Carry,21.71,0.7061,0.7099
3930160,Ball Receipt*,15.36,0.7421,0.7421
3930160,Carry,15.36,0.7421,0.7421
3930160,Pass,11.22,0.7711,0.7711
3930160,Ball Recovery,49.29,0.6025,0.634
3930160,Carry,49.29,0.6025,0.634
3930160,Pass,43.18,0.621,0.6415
3930160,Ball Receipt*,40.23,0.6306,0.6306
3930160,Carry,40.23,0.6306,0.6306
3930160,Pass,34.77,0.6498,0.6498
3930160,Ball Receipt*,22.1,0.7042,0.7042
3930160,Carry,22.1,0.7042,0.7042
3930160,Pass,32.25,0.6594,0.6742
3930160,Ball Receipt*,48.9,0.6036,0.6327
3930160,Carry,48.9,0.6036,0.6327
3930160,Pass,42.75,0.6224,0.6385
3930160,Ball Receipt*,9.08,0.7887,0.7887
3930160,Carry,9.08,0.7887,0.7887
3930160,Pass,8.92,0.7902,0.7902
3930160,Ball Receipt*,16.92,0.7325,0.7953
3930160,Carry,16.92,0.7325,0.7953
3930160,Ball Receipt*,20.04,0.7149,0.7302
3930160,Carry,20.04,0.7149,0.7302
3930160,Pass,27.48,0.679,0.7093
3930160,Ball Receipt*,54.19,0.5889,0.6361
3930160,Carry,54.19,0.5889,0.6361
3930160,Ball Receipt*,26.99,0.6812,0.7112
3930160,Carry,26.99,0.6812,0.7112
3930160,Pass,29.14,0.6719,0.6719
3930160,Ball Receipt*,38.38,0.6369,0.6734
3930160,Carry,38.38,0.6369,0.6734
3930160,Pass,28.77,0.6735,0.6823
3930160,Pass,35.34,0.6477,0.6678
3930160,Ball Receipt*,38.55,0.6363,0.6517
3930160,Carry,38.55,0.6363,0.6517
3930160,Pass,44.38,0.6172,0.6359
3930160,Ball Receipt*,48.42,0.605,0.6536
3930160,Carry,48.42,0.605,0.6536
3930160,Pass,48.82,0.6039,0.6456
3930160,Ball Receipt*,53.49,0.5908,0.6271
3930160,Carry,53.49,0.5908,0.6271
3930160,Pass,53.69,0.5902,0.6264
3930160,Ball Receipt*,42.12,0.6244,0.637
3930160,Carry,42.12,0.6244,0.637
3930160,Pass,42.35,0.6237,0.6371
3930160,Ball Receipt*,37.94,0.6384,0.6509
3930160,Carry,37.94,0.6384,0.6509
3930160,Pass,44.65,0.6164,0.6334
3930160,Ball Receipt*,51.84,0.5953,0.6373
3930160,Carry,51.84,0.5953,0.6373
3930160,Pass,49.71,0.6013,0.6367
3930160,Ball Receipt*,16.77,0.7334,0.788
3930160,Carry,16.77,0.7334,0.788
3930160,Pass,30.25,0.6673,0.6673
3930160,Ball Receipt*,44.46,0.617,0.6206
3930160,Carry,44.46,0.617,0.6206
3930160,Pass,43.73,0.6193,0.621
3930160,Ball Receipt*,39.71,0.6324,0.6525
3930160,Pass,39.71,0.6324,0.6525
3930160,Ball Receipt*,52.27,0.5941,0.6269
3930160,Carry,52.27,0.5941,0.6269
3930160,Pass,48.26,0.6055,0.6275
3930160,Ball Receipt*,38.21,0.6375,0.6818
3930160,Carry,38.21,0.6375,0.6818
3930160,Pass,46.77,0.6099,0.6223
3930160,Pass,35.94,0.6455,0.6455
3930160,Ball Receipt*,32.43,0.6587,0.6751
3930160,Carry,32.43,0.6587,0.6751
3930160,Foul Won,60.12,0.5736,0.6404
3930160,Ball Receipt*,27.23,0.6801,0.7172
3930160,Carry,27.23,0.6801,0.7172
3930160,Pass,27.33,0.6797,0.7056
3930160,Ball Receipt*,17.77,0.7275,0.7366
3930160,Carry,17.77,0.7275,0.7366
3930160,Pass,17.5,0.7291,0.7532
3930160,Ball Receipt*,25.49,0.6879,0.7489
3930160,Carry,25.49,0.6879,0.7489
3930160,Dispossessed,67.57,0.5559,0.6255
3930160,Ball Receipt*,21.58,0.7068,0.7068
3930160,Carry,21.58,0.7068,0.7068
3930160,Pass,19.55,0.7175,0.7175
3930160,Ball Receipt*,21.4,0.7077,0.7521
3930160,Carry,21.4,0.7077,0.7521
3930160,Pass,32.91,0.6568,0.6819
3930160,Ball Receipt*,47.98,0.6063,0.6878
3930160,Carry,47.98,0.6063,0.6878
3930160,Pass,48.99,0.6034,0.6263
3930160,Ball Receipt*,20.64,0.7117,0.7416
3930160,Pass,21.4,0.7077,0.7316
3930160,Ball Receipt*,34.17,0.652,0.6548
3930160,Carry,34.17,0.652,0.6548
3930160,Pass,37.98,0.6383,0.6529
3930160,Ball Receipt*,40.41,0.63,0.663
3930160,Carry,40.41,0.63,0.663
3930160,Ball Receipt*,29.18,0.6718,0.678
3930160,Carry,29.18,0.6718,0.678
3930160,Pass,29.18,0.6718,0.6765
3930160,Ball Receipt*,27.0,0.6811,0.7149
3930160,Carry,27.0,0.6811,0.7149
3930160,Pass,34.57,0.6505,0.696
3930160,Ball Receipt*,43.64,0.6195,0.6753
3930160,Carry,43.64,0.6195,0.6753
3930160,Pass,43.75,0.6192,0.6705
3930160,Ball Receipt*,47.04,0.6091,0.6283
3930160,Carry,47.04,0.6091,0.6283
3930160,Ball Receipt*,43.25,0.6208,0.6208
3930160,Carry,43.25,0.6208,0.6208
3930160,Pass,32.81,0.6572,0.6827
3930160,Ball Receipt*,40.33,0.6303,0.6682
3930160,Carry,40.33,0.6303,0.6682
3930160,Miscontrol,40.25,0.6306,0.669
3930160,Ball Recovery,39.53,0.633,0.6707
3930160,Carry,39.53,0.633,0.6707
3930160,Ball Receipt*,42.76,0.6223,0.665
3930160,Pass,42.76,0.6223,0.665
3930160,Ball Receipt*,35.69,0.6464,0.6584
3930160,Pass,36.22,0.6445,0.6562
3930160,Ball Receipt*,42.74,0.6224,0.635
3930160,Carry,42.74,0.6224,0.635
3930160,Pass,49.9,0.6008,0.6168
3930160,Pass,29.87,0.6689,0.7085
3930160,Ball Receipt*,40.16,0.6308,0.6456
3930160,Carry,40.16,0.6308,0.6456
3930160,Pass,40.16,0.6308,0.6459
3930160,Ball Receipt*,16.98,0.7322,0.7322
3930160,Carry,16.98,0.7322,0.7322
3930160,Pass,16.98,0.7322,0.7322
3930160,Ball Receipt*,30.2,0.6676,0.6967
3930160,Carry,30.2,0.6676,0.6967
3930160,Pressure,56.15,0.5837,0.6108
3930160,Duel,54.34,0.5885,0.6131
3930160,Pass,40.29,0.6304,0.6304
3930160,Ball Receipt*,42.11,0.6244,0.6453
3930160,Carry,42.11,0.6244,0.6453
3930160,Ball Receipt*,44.67,0.6163,0.633
3930160,Carry,44.67,0.6163,0.633
3930160,Pass,32.47,0.6585,0.6829
3930160,Ball Receipt*,11.39,0.7698,0.7698
3930160,Carry,11.39,0.7698,0.7698
3930160,Pass,12.18,0.7639,0.7708
3930160,Pass,32.59,0.658,0.6599
3930160,Ball Receipt*,48.16,0.6058,0.6652
3930160,Carry,48.16,0.6058,0.6652
3930160,Pass,48.16,0.6058,0.6652
3930160,Miscontrol,48.28,0.6055,0.6221
3930160,Pressure,51.43,0.5965,0.6154
3930160,Pass,40.14,0.6309,0.6456
3930160,Ball Receipt*,47.12,0.6089,0.6227
3930160,Miscontrol,47.01,0.6092,0.623
3930160,Pass,45.55,0.6136,0.618
3930160,Ball Receipt*,51.07,0.5975,0.6303
3930160,Pass,11.52,0.7688,0.7688
3930160,Ball Receipt*,43.93,0.6187,0.6521
3930160,Carry,43.93,0.6187,0.6521
3930160,Pass,46.51,0.6107,0.6424
3930160,Ball Receipt*,57.36,0.5805,0.6352
3930160,Carry,57.36,0.5805,0.6352
3930160,Ball Receipt*,56.82,0.582,0.6096
3930160,Duel,57.27,0.5808,0.6006
3930160,Miscontrol,39.43,0.6333,0.6422
3930160,Pass,21.88,0.7053,0.7053
3930160,Ball Receipt*,44.81,0.6159,0.6378
3930160,Carry,44.81,0.6159,0.6378
3930160,Pass,44.71,0.6162,0.6368
3930160,Ball Receipt*,43.86,0.6189,0.6612
3930160,Carry,43.86,0.6189,0.6612
3930160,Miscontrol,42.87,0.622,0.6608
3930160,Pressure,41.05,0.6279,0.6615
3930160,Foul Won,69.0,0.5526,0.6965
3930160,Carry,69.0,0.5526,0.6965
3930160,Pass,41.29,0.6271,0.6575
3930160,Pressure,56.71,0.5822,0.6465
3930160,Pressure,30.14,0.6678,0.6709
3930160,Pass,30.54,0.6662,0.6954
3930160,Ball Receipt*,36.22,0.6445,0.6755
3930160,Carry,36.22,0.6445,0.6755
3930160,Ball Receipt*,22.63,0.7015,0.707
3930160,Carry,22.63,0.7015,0.707
3930160,Pass,39.25,0.6339,0.6339
3930160,Ball Receipt*,12.26,0.7633,0.7633
3930160,Carry,12.26,0.7633,0.7633
3930160,Pass,9.85,0.7821,0.7821
3930160,Ball Receipt*,18.8,0.7216,0.7626
3930160,Carry,18.8,0.7216,0.7626
3930160,Pass,21.05,0.7095,0.7095
3930160,Ball Receipt*,44.1,0.6181,0.7163
3930160,Carry,44.1,0.6181,0.7163
3930160,Pass,39.93,0.6316,0.7009
3930160,Ball Receipt*,39.73,0.6323,0.6902
3930160,Carry,39.73,0.6323,0.6902
3930160,Pass,41.83,0.6253,0.6554
3930160,Ball Receipt*,66.26,0.5589,0.649
3930160,Carry,66.26,0.5589,0.649
3930160,Ball Receipt*,12.22,0.7636,0.7623
3930160,Pass,12.37,0.7625,0.7625
3930160,Ball Receipt*,54.4,0.5883,0.65
3930160,Carry,54.4,0.5883,0.65
3930160,Pass,55.03,0.5866,0.6468
3930160,Ball Receipt*,63.78,0.5647,0.5872
3930160,Carry,63.78,0.5647,0.5872
3930160,Pass,45.38,0.6141,0.6454
3930160,Ball Receipt*,57.6,0.5799,0.6227
3930160,Carry,57.6,0.5799,0.6227
3930160,Ball Receipt*,44.77,0.616,0.6655
3930160,Carry,44.77,0.616,0.6655
3930160,Pass,36.28,0.6443,0.6676
3930160,Pass,31.52,0.6623,0.6623
3930160,Ball Receipt*,10.12,0.7799,0.7799
3930160,Carry,10.12,0.7799,0.7799
3930160,Pass,8.3,0.7958,0.7958
3930160,Ball Receipt*,18.66,0.7224,0.7557
3930160,Carry,18.66,0.7224,0.7557
3930160,Pass,31.09,0.664,0.7059
3930160,Ball Receipt*,33.31,0.6553,0.7078
3930160,Carry,33.31,0.6553,0.7078
3930160,Pass,33.31,0.6553,0.6946
3930160,Ball Receipt*,54.53,0.588,0.6296
3930160,Carry,54.53,0.588,0.6296
3930160,Ball Receipt*,56.12,0.5838,0.6508
3930160,Carry,56.12,0.5838,0.6508
3930160,Pass,36.58,0.6432,0.6554
3930160,Ball Receipt*,48.15,0.6058,0.6197
3930160,Carry,48.15,0.6058,0.6197
3930160,Pass,48.84,0.6038,0.6244
3930160,Ball Receipt*,32.03,0.6602,0.6602
3930160,Carry,32.03,0.6602,0.6602
3930160,Ball Receipt*,19.45,0.7181,0.7181
3930160,Carry,19.45,0.7181,0.7181
3930160,Pass,22.43,0.7025,0.7025
3930160,Ball Receipt*,32.36,0.6589,0.6958
3930160,Carry,32.36,0.6589,0.6958
3930160,Pass,43.65,0.6195,0.6547
3930160,Ball Receipt*,14.18,0.7499,0.7499
3930160,Carry,14.18,0.7499,0.7499
3930160,Pass,14.18,0.7499,0.7499
3930160,Ball Receipt*,25.07,0.6898,0.7504
3930160,Carry,25.07,0.6898,0.7504
3930160,Pass,25.07,0.6898,0.7504
3930160,Ball Receipt*,23.54,0.697,0.697
3930160,Carry,23.54,0.697,0.697
3930160,Pass,27.79,0.6777,0.6777
3930160,Ball Receipt*,42.21,0.6241,0.6374
3930160,Carry,42.21,0.6241,0.6374
3930160,Ball Receipt*,8.83,0.791,0.791
3930160,Carry,8.83,0.791,0.791
3930160,Pass,8.59,0.7931,0.7931
3930160,Pass,41.28,0.6271,0.6404
3930160,Ball Receipt*,40.28,0.6304,0.6304
3930160,Carry,40.28,0.6304,0.6304
3930160,Pass,48.02,0.6062,0.6253
3930160,Ball Receipt*,56.48,0.5828,0.6065
3930160,Pass,55.77,0.5847,0.6083
3930160,Pressure,59.98,0.5739,0.6104
3930160,Pass,38.94,0.635,0.667
3930160,Ball Receipt*,32.26,0.6593,0.6717
3930160,Carry,32.26,0.6593,0.6717
3930160,Pass,26.32,0.6842,0.7013
3930160,Ball Receipt*,30.95,0.6645,0.7176
3930160,Pass,31.12,0.6638,0.7168
3930160,Ball Receipt*,39.02,0.6347,0.6734
3930160,Carry,39.02,0.6347,0.6734
3930160,Pass,39.75,0.6322,0.6775
3930160,Ball Receipt*,46.8,0.6099,0.6305
3930160,Carry,46.8,0.6099,0.6305
3930160,Pass,44.58,0.6166,0.6347
3930160,Ball Receipt*,39.24,0.634,0.6386
3930160,Pass,40.82,0.6286,0.6361
3930160,Ball Receipt*,42.52,0.6231,0.6552
3930160,Pass,42.52,0.6231,0.6552
3930160,Ball Receipt*,31.68,0.6616,0.666
3930160,Carry,31.68,0.6616,0.666
3930160,Pass,31.68,0.6616,0.6825
3930160,Ball Receipt*,21.17,0.7089,0.7089
3930160,Carry,21.17,0.7089,0.7089
3930160,Pass,42.23,0.624,0.6242
3930160,Ball Receipt*,53.73,0.5901,0.6063
3930160,Pass,53.73,0.5901,0.6059
3930160,Ball Receipt*,66.65,0.558,0.6615
3930160,Pass,15.42,0.7418,0.7418
3930160,Ball Receipt*,55.74,0.5848,0.6427
3930160,Ball Receipt*,46.06,0.6121,0.6907
3930160,Pass,46.06,0.6121,0.6907
3930160,Ball Receipt*,54.34,0.5885,0.6551
3930160,Carry,54.34,0.5885,0.6551
3930160,Pass,52.67,0.593,0.6428
3930160,Pressure,54.33,0.5885,0.6404
3930160,Ball Receipt*,29.63,0.6699,0.6699
3930160,Carry,29.63,0.6699,0.6699
3930160,Pass,28.21,0.6759,0.6759
3930160,Ball Receipt*,9.75,0.783,0.783
3930160,Carry,9.75,0.783,0.783
3930160,Pass,10.94,0.7733,0.7733
3930160,Ball Receipt*,58.83,0.5768,0.6311
3930160,Ball Receipt*,38.74,0.6357,0.6532
3930160,Carry,38.74,0.6357,0.6532
3930160,Ball Receipt*,44.2,0.6178,0.6898
3930160,Carry,44.2,0.6178,0.6898
3930160,Ball Receipt*,40.52,0.6296,0.6447
3930160,Carry,40.52,0.6296,0.6447
3930160,Pass,40.76,0.6288,0.6449
3930160,Ball Receipt*,55.19,0.5862,0.635
3930160,Pass,55.19,0.5862,0.635
3930160,Ball Receipt*,50.44,0.5992,0.6653
3930160,Carry,50.44,0.5992,0.6653
3930160,Pass,24.35,0.6932,0.7182
3930160,Ball Receipt*,41.77,0.6255,0.707
3930160,Carry,41.77,0.6255,0.707
3930160,Pass,38.15,0.6377,0.7143
3930160,Ball Receipt*,36.43,0.6437,0.667
3930160,Carry,36.43,0.6437,0.667
3930160,Pass,48.65,0.6044,0.6331
3930160,Ball Receipt*,56.45,0.5829,0.6616
3930160,Ball Recovery,37.94,0.6384,0.6784
3930160,Carry,37.94,0.6384,0.6784
3930160,Pass,39.03,0.6347,0.6727
3930160,Ball Receipt*,37.16,0.6412,0.6742
3930160,Carry,37.16,0.6412,0.6742
3930160,Pass,46.2,0.6117,0.6557
3930160,Ball Receipt*,44.92,0.6156,0.6549
3930160,Carry,44.92,0.6156,0.6549
3930160,Ball Receipt*,17.12,0.7314,0.7932
3930160,Pass,30.18,0.6677,0.7412
3930160,Ball Receipt*,58.88,0.5767,0.6386
3930160,Carry,58.88,0.5767,0.6386
3930160,Pass,27.55,0.6787,0.685
3930160,Ball Receipt*,23.24,0.6985,0.7042
3930160,Carry,23.24,0.6985,0.7042
3930160,Pass,25.72,0.6868,0.6868
3930160,Ball Receipt*,40.4,0.63,0.63
3930160,Carry,40.4,0.63,0.63
3930160,Pass,34.22,0.6519,0.6519
3930160,Ball Receipt*,11.53,0.7687,0.7687
3930160,Carry,11.53,0.7687,0.7687
3930160,Pass,8.05,0.7981,0.7981
3930160,Ball Receipt*,12.49,0.7616,0.787
3930160,Carry,12.49,0.7616,0.787
3930160,Pass,19.38,0.7185,0.7185
3930160,Ball Receipt*,31.65,0.6617,0.7206
3930160,Carry,31.65,0.6617,0.7206
3930160,Pass,41.05,0.6279,0.6279
3930160,Ball Receipt*,42.36,0.6236,0.7098
3930160,Carry,42.36,0.6236,0.7098
3930160,Pass,42.35,0.6237,0.704
3930160,Ball Receipt*,39.3,0.6337,0.697
3930160,Carry,39.3,0.6337,0.697
3930160,Pass,40.08,0.6311,0.6889
3930160,Ball Receipt*,36.0,0.6453,0.6809
3930160,Pass,36.0,0.6453,0.6809
3930160,Ball Receipt*,45.07,0.6151,0.6151
3930160,Carry,45.07,0.6151,0.6151
3930160,Pass,44.32,0.6174,0.6219
3930160,Ball Receipt*,23.3,0.6982,0.6982
3930160,Carry,23.3,0.6982,0.6982
3930160,Pass,28.93,0.6728,0.6728
3930160,Ball Receipt*,45.25,0.6145,0.6323
3930160,Carry,45.25,0.6145,0.6323
3930160,Pass,41.9,0.6251,0.6556
3930160,Ball Receipt*,20.81,0.7108,0.7443
3930160,Carry,20.81,0.7108,0.7443
3930160,Pass,15.08,0.7439,0.7992
3930160,Ball Receipt*,27.13,0.6805,0.7419
3930160,Carry,27.13,0.6805,0.7419
3930160,Ball Receipt*,44.41,0.6172,0.6352
3930160,Carry,44.41,0.6172,0.6352
3930160,Pass,31.8,0.6611,0.6687
3930160,Ball Receipt*,9.49,0.7852,0.7852
3930160,Carry,9.49,0.7852,0.7852
3930160,Ball Receipt*,40.91,0.6284,0.6606
3930160,Carry,40.91,0.6284,0.6606
3930160,Pass,7.06,0.8078,0.8078
3930160,Ball Receipt*,19.41,0.7183,0.7308
3930160,Carry,19.41,0.7183,0.7308
3930160,Pass,23.93,0.6952,0.6976
3930160,Ball Receipt*,42.83,0.6221,0.6439
3930160,Carry,42.83,0.6221,0.6439
3930160,Ball Receipt*,51.67,0.5958,0.6439
3930160,Carry,51.67,0.5958,0.6439
3930160,Pass,49.16,0.6029,0.6453
3930160,Ball Receipt*,44.88,0.6157,0.6427
3930160,Carry,44.88,0.6157,0.6427
3930160,Pass,44.57,0.6166,0.6435
3930160,Ball Receipt*,47.35,0.6082,0.6518
3930160,Carry,47.35,0.6082,0.6518
3930160,Pass,57.5,0.5802,0.6246
3930160,Ball Receipt*,58.34,0.578,0.6498
3930160,Pass,39.26,0.6339,0.6644
3930160,Ball Receipt*,37.42,0.6402,0.6875
3930160,Carry,37.42,0.6402,0.6875
3930160,Pass,37.72,0.6392,0.6863
3930160,Ball Receipt*,25.9,0.686,0.686
3930160,Carry,25.9,0.686,0.686
3930160,Pass,25.8,0.6865,0.6865
3930160,Ball Receipt*,10.0,0.7809,0.7809
3930160,Carry,10.0,0.7809,0.7809
3930160,Pass,10.69,0.7753,0.7753
3930160,Ball Receipt*,37.98,0.6383,0.6751
3930160,Carry,37.98,0.6383,0.6751
3930160,Pass,24.08,0.6945,0.6945
3930160,Ball Receipt*,32.39,0.6588,0.6874
3930160,Carry,32.39,0.6588,0.6874
3930160,Dribbled Past,66.21,0.559,0.6566
3930160,Pass,38.58,0.6362,0.6665
3930160,Ball Receipt*,53.52,0.5907,0.6503
3930160,Pass,53.52,0.5907,0.6503
3930160,Pass,37.05,0.6415,0.6426
3930160,Dispossessed,59.53,0.575,0.6275
3930160,Ball Receipt*,32.08,0.66,0.66
3930160,Carry,32.08,0.66,0.66
3930160,Pass,32.6,0.658,0.658
3930160,Ball Receipt*,45.85,0.6127,0.6554
3930160,Carry,45.85,0.6127,0.6554
3930160,Ball Receipt*,36.72,0.6427,0.6756
3930160,Carry,36.72,0.6427,0.6756
3930160,Ball Recovery,38.65,0.636,0.6726
3930160,Carry,38.65,0.636,0.6726
3930160,Pass,41.63,0.626,0.6653
3930160,Ball Receipt*,48.23,0.6056,0.6307
3930160,Carry,48.23,0.6056,0.6307
3930160,Pass,49.33,0.6024,0.6322
3930160,Pass,19.45,0.7181,0.7181
3930160,Ball Receipt*,31.5,0.6623,0.6894
3930160,Carry,31.5,0.6623,0.6894
3930160,Ball Receipt*,32.0,0.6604,0.6692
3930160,Carry,32.0,0.6604,0.6692
3930160,Pass,34.18,0.652,0.6569
3930160,Ball Receipt*,46.81,0.6098,0.6568
3930160,Carry,46.81,0.6098,0.6568
3930160,Pass,46.81,0.6098,0.6584
3930160,Ball Receipt*,40.72,0.629,0.665
3930160,Carry,40.72,0.629,0.665
3930160,Foul Won,60.47,0.5727,0.6182
3930160,Pass,17.38,0.7298,0.7298
3930160,Ball Receipt*,26.39,0.6838,0.6838
3930160,Carry,26.39,0.6838,0.6838
3930160,Ball Receipt*,35.97,0.6454,0.6579
3930160,Carry,35.97,0.6454,0.6579
3930160,Ball Receipt*,44.79,0.6159,0.6424
3930160,Carry,44.79,0.6159,0.6424
3930160,Pass,46.7,0.6101,0.6431
3930161,Ball Receipt*,34.45,0.651,0.6827
3930161,Carry,34.45,0.651,0.6827
3930161,Pass,30.49,0.6664,0.6762
3930161,Duel,59.7,0.5746,0.6358
3930161,Ball Receipt*,56.52,0.5827,0.6428
3930161,Carry,56.52,0.5827,0.6428
3930161,Pass,50.93,0.5979,0.6418
3930161,Ball Receipt*,45.45,0.6139,0.6434
3930161,Pass,45.45,0.6139,0.6434
3930161,Ball Receipt*,48.57,0.6046,0.6253
3930161,Carry,48.57,0.6046,0.6253
3930161,Pass,37.6,0.6396,0.6536
3930161,Ball Receipt*,46.93,0.6094,0.6581
3930161,Carry,46.93,0.6094,0.6581
3930161,Ball Receipt*,27.97,0.6769,0.6769
3930161,Carry,27.97,0.6769,0.6769
3930161,Ball Receipt*,27.56,0.6787,0.6787
3930161,Carry,27.56,0.6787,0.6787
3930161,Pass,27.63,0.6784,0.6784
3930161,Ball Receipt*,29.98,0.6685,0.6799
3930161,Pass,29.98,0.6685,0.6799
3930161,Ball Receipt*,33.2,0.6557,0.6581
3930161,Carry,33.2,0.6557,0.6581
3930161,Pass,34.74,0.6499,0.6613
3930161,Ball Receipt*,34.94,0.6492,0.6682
3930161,Carry,34.94,0.6492,0.6682
3930161,Pass,34.94,0.6492,0.6682
3930161,Ball Receipt*,38.2,0.6375,0.6726
3930161,Pass,37.02,0.6416,0.6748
3930161,Pass,37.58,0.6397,0.679
3930161,Pass,15.05,0.7441,0.7934
3930161,Ball Receipt*,48.08,0.6061,0.6365
3930161,Carry,48.08,0.6061,0.6365
3930161,Pass,48.35,0.6053,0.6349
3930161,Ball Receipt*,40.28,0.6304,0.6496
3930161,Carry,40.28,0.6304,0.6496
3930161,Ball Receipt*,32.66,0.6578,0.7109
3930161,Carry,32.66,0.6578,0.7109
3930161,Ball Receipt*,22.32,0.703,0.7541
3930161,Carry,22.32,0.703,0.7541
3930161,Ball Receipt*,23.27,0.6984,0.7137
3930161,Carry,23.27,0.6984,0.7137
3930161,Pass,23.9,0.6953,0.7143
3930161,Ball Receipt*,34.8,0.6497,0.673
3930161,Pass,37.33,0.6406,0.671
3930161,Ball Receipt*,44.82,0.6159,0.6639
3930161,Carry,44.82,0.6159,0.6639
3930161,Pass,46.7,0.6101,0.6562
3930161,Ball Receipt*,54.63,0.5877,0.6505
3930161,Pass,54.63,0.5877,0.6505
3930161,Pressure,67.69,0.5556,0.6005
3930161,Pass,51.87,0.5952,0.6313
3930161,Pass,34.86,0.6495,0.6565
3930161,Ball Receipt*,45.41,0.6141,0.631
3930161,Carry,45.41,0.6141,0.631
3930161,Pass,36.58,0.6432,0.6788
3930161,Ball Receipt*,50.51,0.599,0.6419
3930161,Carry,50.51,0.599,0.6419
3930161,Pass,34.43,0.6511,0.6556
3930161,Ball Receipt*,44.8,0.6159,0.6284
3930161,Carry,44.8,0.6159,0.6284
3930161,Ball Receipt*,26.59,0.6829,0.7224
3930161,Carry,26.59,0.6829,0.7224
3930161,Ball Receipt*,69.03,0.5526,0.6304
3930161,Pass,33.9,0.6531,0.6531
3930161,Ball Receipt*,53.58,0.5905,0.6294
3930161,Carry,53.58,0.5905,0.6294
3930161,Pass,53.08,0.5919,0.6308
3930161,Ball Receipt*,39.96,0.6315,0.6461
3930161,Carry,39.96,0.6315,0.6461
3930161,Ball Receipt*,51.84,0.5953,0.6814
3930161,Carry,51.84,0.5953,0.6814
3930161,Ball Receipt*,28.28,0.6756,0.7413
3930161,Carry,28.28,0.6756,0.7413
3930161,Pass,28.36,0.6752,0.7422
3930161,Ball Receipt*,35.1,0.6486,0.6838
3930161,Carry,35.1,0.6486,0.6838
3930161,Pass,34.07,0.6524,0.6818
3930161,Pass,37.13,0.6413,0.6582
3930161,Ball Receipt*,13.31,0.7558,0.7558
3930161,Carry,13.31,0.7558,0.7558
3930161,Ball Receipt*,32.75,0.6574,0.6946
3930161,Carry,32.75,0.6574,0.6946
3930161,Pass,40.53,0.6296,0.6678
3930161,Miscontrol,46.91,0.6095,0.6682
3930161,Pass,32.94,0.6567,0.6973
3930161,Ball Receipt*,46.54,0.6106,0.6511
3930161,Carry,46.54,0.6106,0.6511
3930161,Pass,47.1,0.6089,0.6496
3930161,Ball Receipt*,52.44,0.5936,0.6338
3930161,Carry,52.44,0.5936,0.6338
3930161,Ball Receipt*,60.37,0.5729,0.6584
3930161,Pass,29.25,0.6715,0.6715
3930161,Ball Receipt*,34.51,0.6508,0.6618
3930161,Carry,34.51,0.6508,0.6618
3930161,Pass,35.22,0.6481,0.6613
3930161,Ball Receipt*,32.51,0.6584,0.672
3930161,Carry,32.51,0.6584,0.672
3930161,Pass,32.11,0.6599,0.6957
3930161,Ball Receipt*,31.68,0.6616,0.7174
3930161,Carry,31.68,0.6616,0.7174
3930161,Pass,32.09,0.66,0.7048
3930161,Ball Receipt*,38.74,0.6356,0.687
3930161,Pass,39.07,0.6345,0.6856
3930161,Ball Receipt*,29.53,0.6703,0.6774
3930161,Carry,29.53,0.6703,0.6774
3930161,Pass,29.82,0.6691,0.6767
3930161,Ball Receipt*,39.73,0.6323,0.6492
3930161,Carry,39.73,0.6323,0.6492
3930161,Pass,44.26,0.6176,0.6478
3930161,Ball Receipt*,53.75,0.5901,0.6342
3930161,Carry,53.75,0.5901,0.6342
3930161,Pass,51.96,0.595,0.595
3930161,Ball Receipt*,32.73,0.6575,0.6575
3930161,Carry,32.73,0.6575,0.6575
3930161,Pass,31.0,0.6643,0.666
3930161,Ball Receipt*,32.82,0.6572,0.6572
3930161,Carry,32.82,0.6572,0.6572
3930161,Pass,33.58,0.6543,0.6597
3930161,Ball Receipt*,45.22,0.6146,0.6362
3930161,Pass,45.22,0.6146,0.6362
3930161,Ball Receipt*,50.8,0.5982,0.6526
3930161,Pass,50.96,0.5978,0.6518
3930161,Ball Receipt*,37.68,0.6393,0.6565
3930161,Carry,37.68,0.6393,0.6565
3930161,Pass,37.82,0.6389,0.6544
3930161,Dispossessed,70.65,0.549,0.6391
3930161,Pass,44.54,0.6167,0.6788
3930161,Pass,47.18,0.6087,0.6214
3930161,Ball Recovery,49.8,0.6011,0.6416
3930161,Carry,49.8,0.6011,0.6416
3930161,Pass,39.22,0.634,0.7156
3930161,Ball Receipt*,26.22,0.6846,0.7687
3930161,Carry,26.22,0.6846,0.7687
3930161,Pass,27.53,0.6788,0.6805
3930161,Ball Receipt*,33.25,0.6555,0.6789
3930161,Carry,33.25,0.6555,0.6789
3930161,Pass,33.25,0.6555,0.6775
3930161,Ball Receipt*,32.87,0.657,0.6727
3930161,Pass,32.87,0.657,0.6727
3930161,Ball Receipt*,12.57,0.761,0.761
3930161,Carry,12.57,0.761,0.761
3930161,Pass,13.41,0.7551,0.7551
3930161,Ball Receipt*,18.29,0.7246,0.7347
3930161,Carry,18.29,0.7246,0.7347
3930161,Pass,18.29,0.7246,0.7365
3930161,Ball Receipt*,31.56,0.6621,0.6777
3930161,Carry,31.56,0.6621,0.6777
3930161,Ball Recovery,52.14,0.5945,0.6936
3930161,Carry,52.14,0.5945,0.6936
3930161,Ball Receipt*,42.44,0.6234,0.6753
3930161,Carry,42.44,0.6234,0.6753
3930161,Pass,46.05,0.6121,0.6683
3930161,Dispossessed,68.72,0.5533,0.6698
3930161,Pass,39.93,0.6316,0.66
3930161,Ball Receipt*,30.09,0.668,0.6804
3930161,Carry,30.09,0.668,0.6804
3930161,Pass,33.89,0.6531,0.6709
3930161,Ball Receipt*,41.23,0.6273,0.6451
3930161,Carry,41.23,0.6273,0.6451
3930161,Pass,40.61,0.6293,0.6488
3930161,Ball Receipt*,52.85,0.5925,0.6296
3930161,Carry,52.85,0.5925,0.6296
3930161,Pass,52.52,0.5934,0.6302
3930161,Pass,51.52,0.5962,0.6363
3930161,Pass,27.94,0.677,0.677
3930161,Ball Receipt*,43.91,0.6187,0.647
3930161,Carry,43.91,0.6187,0.647
3930161,Pass,40.76,0.6289,0.6685
3930161,Ball Receipt*,25.06,0.6899,0.6899
3930161,Carry,25.06,0.6899,0.6899
3930161,Pass,23.98,0.695,0.695
3930161,Ball Receipt*,7.09,0.8076,0.8076
3930161,Carry,7.09,0.8076,0.8076
3930161,Pass,8.7,0.7922,0.7922
3930161,Ball Receipt*,25.67,0.6871,0.6993
3930161,Carry,25.67,0.6871,0.6993
3930161,Foul Won,70.18,0.55,0.6635
3930161,Ball Receipt*,51.11,0.5973,0.7279
3930161,Foul Won,57.89,0.5792,0.6422
3930161,Ball Receipt*,44.01,0.6184,0.6497
3930161,Carry,44.01,0.6184,0.6497
3930161,Ball Receipt*,35.32,0.6478,0.6747
3930161,Carry,35.32,0.6478,0.6747
3930161,Pass,38.08,0.6379,0.6701
3930161,Pass,25.99,0.6856,0.7497
3930161,Pass,38.46,0.6366,0.6982
3930161,Ball Receipt*,34.12,0.6522,0.6954
3930161,Carry,34.12,0.6522,0.6954
3930161,Pass,34.12,0.6522,0.6954
3930161,Pass,30.66,0.6657,0.678
3930161,Ball Receipt*,36.14,0.6448,0.6448
3930161,Carry,36.14,0.6448,0.6448
3930161,Pass,39.32,0.6337,0.6455
3930161,Ball Receipt*,56.7,0.5823,0.6258
3930161,Carry,56.7,0.5823,0.6258
3930161,Ball Receipt*,57.39,0.5805,0.6477
3930161,Carry,57.39,0.5805,0.6477
3930161,Pass,56.2,0.5836,0.6379
3930161,Ball Receipt*,41.6,0.6261,0.6389
3930161,Pass,41.19,0.6274,0.6404
3930161,Ball Receipt*,31.31,0.6631,0.6778
3930161,Carry,31.31,0.6631,0.6778
3930161,Pass,31.7,0.6615,0.682
3930161,Ball Receipt*,27.25,0.68,0.6869
3930161,Carry,27.25,0.68,0.6869
3930161,Pass,27.16,0.6804,0.6912
3930161,Ball Receipt*,35.03,0.6488,0.68
3930161,Carry,35.03,0.6488,0.68
3930161,Ball Receipt*,43.37,0.6204,0.6797
3930161,Carry,43.37,0.6204,0.6797
3930161,Ball Receipt*,23.37,0.6979,0.703
3930161,Carry,23.37,0.6979,0.703
3930161,Ball Receipt*,38.96,0.6349,0.6865
3930161,Carry,38.96,0.6349,0.6865
3930161,Pass,38.9,0.6351,0.6813
3930161,Ball Receipt*,42.9,0.6219,0.6504
3930161,Carry,42.9,0.6219,0.6504
3930161,Pass,38.55,0.6363,0.6612
3930161,Foul Won,57.49,0.5802,0.642
3930161,Ball Receipt*,44.9,0.6156,0.6399
3930161,Carry,44.9,0.6156,0.6399
3930161,Pass,43.51,0.62,0.6467
3930161,Ball Receipt*,43.21,0.6209,0.6633
3930161,Carry,43.21,0.6209,0.6633
3930161,Foul Won,59.69,0.5746,0.6728
3930161,Carry,59.69,0.5746,0.6728
3930161,Ball Recovery,33.32,0.6552,0.6838
3930161,Carry,33.32,0.6552,0.6838
3930161,Pass,31.47,0.6624,0.6911
3930161,Ball Receipt*,27.96,0.6769,0.6806
3930161,Carry,27.96,0.6769,0.6806
3930161,Pass,28.19,0.676,0.6796
3930161,Ball Receipt*,32.55,0.6582,0.6864
3930161,Pass,32.55,0.6582,0.6864
3930161,Ball Receipt*,43.93,0.6186,0.6638
3930161,Carry,43.93,0.6186,0.6638
3930161,Ball Receipt*,51.47,0.5963,0.6435
3930161,Carry,51.47,0.5963,0.6435
3930161,Dribble,57.24,0.5809,0.634
3930161,Ball Receipt*,28.71,0.6737,0.6737
3930161,Carry,28.71,0.6737,0.6737
3930161,Pass,22.88,0.7003,0.7516
3930161,Pass,12.74,0.7598,0.7598
3930161,Ball Receipt*,42.94,0.6218,0.65
3930161,Carry,42.94,0.6218,0.65
3930161,Ball Receipt*,68.64,0.5534,0.6541
3930161,Duel,69.13,0.5524,0.6537
3930161,Ball Receipt*,32.87,0.657,0.657
3930161,Carry,32.87,0.657,0.657
3930161,Pass,37.61,0.6396,0.6487
3930161,Foul Won,63.22,0.566,0.6737
3930161,Ball Receipt*,56.47,0.5829,0.6471
3930161,Carry,56.47,0.5829,0.6471
3930161,Ball Receipt*,42.92,0.6218,0.7011
3930161,Carry,42.92,0.6218,0.7011
3930161,Pass,43.3,0.6206,0.6987
3930162,Dispossessed,69.2,0.5522,0.6125
3930162,Ball Receipt*,67.83,0.5553,0.6367
3930162,Ball Receipt*,57.14,0.5811,0.6474
3930162,Dribble,61.92,0.5692,0.6222
3930162,Pass,43.98,0.6185,0.6543
3930162,Ball Receipt*,38.62,0.6361,0.6781
3930162,Carry,38.62,0.6361,0.6781
3930162,Ball Recovery,40.65,0.6292,0.6692
3930162,Carry,40.65,0.6292,0.6692
3930162,Pass,50.94,0.5978,0.6213
3930162,Ball Receipt*,51.65,0.5958,0.6506
3930162,Carry,51.65,0.5958,0.6506
3930162,Dispossessed,69.16,0.5523,0.6356
3930162,Ball Receipt*,34.13,0.6522,0.6807
3930162,Carry,34.13,0.6522,0.6807
3930162,Pass,45.3,0.6144,0.6144
3930162,Ball Receipt*,54.93,0.5869,0.6414
3930162,Dribble,53.04,0.592,0.6128
3930162,Carry,53.04,0.592,0.6128
3930162,Ball Receipt*,71.12,0.548,0.6361
3930162,Ball Receipt*,30.44,0.6666,0.7347
3930162,Carry,30.44,0.6666,0.7347
3930162,Pass,30.08,0.6681,0.723
3930162,Ball Receipt*,37.18,0.6411,0.6647
3930162,Carry,37.18,0.6411,0.6647
3930162,Pass,38.62,0.6361,0.6562
3930162,Pass,36.73,0.6427,0.6517
3930162,Ball Receipt*,45.79,0.6129,0.6298
3930162,Carry,45.79,0.6129,0.6298
3930162,Ball Receipt*,70.64,0.549,0.6559
3930162,Ball Recovery,38.86,0.6352,0.6708
3930162,Carry,38.86,0.6352,0.6708
3930162,Foul Committed,39.73,0.6323,0.6645
3930162,Ball Receipt*,70.39,0.5496,0.6451
3930162,Ball Receipt*,65.74,0.5601,0.6328
3930162,Ball Receipt*,36.92,0.642,0.6537
3930162,Carry,36.92,0.642,0.6537
3930162,Pass,35.54,0.647,0.6596
3930162,Ball Receipt*,56.26,0.5834,0.6372
3930162,Carry,56.26,0.5834,0.6372
3930162,Pass,48.63,0.6044,0.6504
3930162,Ball Receipt*,45.43,0.614,0.6589
3930162,Carry,45.43,0.614,0.6589
3930162,Ball Receipt*,56.54,0.5827,0.6359
3930162,Carry,56.54,0.5827,0.6359
3930162,Pressure,54.47,0.5881,0.6253
3930162,Pass,46.23,0.6116,0.657
3930162,Ball Receipt*,39.81,0.632,0.6784
3930162,Carry,39.81,0.632,0.6784
3930162,Pass,44.23,0.6177,0.6598
3930162,Dispossessed,65.77,0.56,0.6808
3930162,Ball Receipt*,49.34,0.6024,0.6352
3930162,Carry,49.34,0.6024,0.6352
3930162,Pass,46.73,0.6101,0.6274
3930162,Dispossessed,63.63,0.565,0.6359
3930162,Ball Receipt*,53.15,0.5917,0.6276
3930162,Pass,53.78,0.59,0.6254
3930162,Pass,48.37,0.6052,0.6053
3930162,Ball Receipt*,73.54,0.5428,0.6669
3930162,Pressure,54.91,0.587,0.6331
3930162,Ball Recovery,46.28,0.6114,0.6416
3930162,Carry,46.28,0.6114,0.6416
3930162,Pass,45.76,0.613,0.6465
3930163,Ball Receipt*,52.88,0.5924,0.6761
3930163,Pass,52.88,0.5924,0.6761
3930163,Ball Receipt*,45.88,0.6126,0.6733
3930163,Carry,45.88,0.6126,0.6733
3930163,Pass,45.88,0.6126,0.6733
3930163,Ball Receipt*,42.75,0.6224,0.6746
3930163,Carry,42.75,0.6224,0.6746
3930163,Ball Receipt*,27.95,0.677,0.7076
3930163,Carry,27.95,0.677,0.7076
3930163,Foul Won,68.17,0.5545,0.6836
3930163,Pass,44.91,0.6156,0.6156
3930163,Ball Receipt*,54.01,0.5894,0.6031
3930163,Pass,54.01,0.5894,0.6031
3930163,Ball Receipt*,30.03,0.6683,0.6946
3930163,Carry,30.03,0.6683,0.6946
3930163,Pass,29.66,0.6698,0.691
3930163,Ball Receipt*,53.76,0.5901,0.6099
3930163,Duel,55.5,0.5854,0.6102
3930163,Ball Receipt*,32.71,0.6576,0.6831
3930163,Carry,32.71,0.6576,0.6831
3930163,Pass,33.06,0.6562,0.6804
3930163,Ball Receipt*,45.09,0.615,0.6663
3930163,Carry,45.09,0.615,0.6663
3930163,Pass,45.09,0.615,0.6633
3930163,Ball Receipt*,37.27,0.6408,0.6658
3930163,Carry,37.27,0.6408,0.6658
3930163,Pass,38.83,0.6353,0.6933
3930163,Ball Receipt*,43.93,0.6186,0.654
3930163,Carry,43.93,0.6186,0.654
3930163,Ball Receipt*,60.08,0.5737,0.6123
3930163,Carry,60.08,0.5737,0.6123
3930163,Pass,58.72,0.5771,0.6163
3930163,Ball Receipt*,51.35,0.5967,0.6091
3930163,Carry,51.35,0.5967,0.6091
3930163,Ball Receipt*,59.43,0.5753,0.6575
3930163,Foul Won,73.1,0.5437,0.6397
3930163,Pass,21.18,0.7089,0.7089
3930163,Ball Receipt*,20.04,0.7149,0.7276
3930163,Carry,20.04,0.7149,0.7276
3930163,Pass,37.4,0.6403,0.693
3930163,Ball Receipt*,46.08,0.612,0.6468
3930163,Carry,46.08,0.612,0.6468
3930163,Pass,45.1,0.615,0.6553
3930163,Ball Receipt*,22.86,0.7004,0.7004
3930163,Carry,22.86,0.7004,0.7004
3930163,Pass,23.12,0.6991,0.6991
3930163,Ball Receipt*,31.97,0.6605,0.6772
3930163,Carry,31.97,0.6605,0.6772
3930163,Dispossessed,55.57,0.5852,0.6167
3930163,Ball Receipt*,35.03,0.6488,0.6488
3930163,Carry,35.03,0.6488,0.6488
3930163,Pass,35.31,0.6478,0.6478
3930163,Ball Receipt*,46.34,0.6112,0.6384
3930163,Carry,46.34,0.6112,0.6384
3930163,Pass,46.34,0.6112,0.6384
3930163,Pass,38.63,0.636,0.6558
3930163,Pressure,37.7,0.6393,0.671
3930163,Ball Recovery,44.12,0.6181,0.6498
3930163,Carry,44.12,0.6181,0.6498
3930163,Ball Receipt*,57.07,0.5813,0.6334
3930163,Carry,57.07,0.5813,0.6334
3930163,Pass,57.5,0.5802,0.6311
3930163,Ball Receipt*,63.99,0.5642,0.6234
3930163,Carry,63.99,0.5642,0.6234
3930163,Pass,63.99,0.5642,0.6234
3930163,Pass,51.78,0.5955,0.6216
3930163,Ball Receipt*,57.73,0.5796,0.6682
3930163,Carry,57.73,0.5796,0.6682
3930163,Pass,57.8,0.5794,0.6691
3930163,Ball Receipt*,51.9,0.5951,0.6632
3930163,Carry,51.9,0.5951,0.6632
3930163,Ball Receipt*,29.52,0.6703,0.6703
3930163,Carry,29.52,0.6703,0.6703
3930163,Ball Receipt*,20.19,0.7141,0.7299
3930163,Carry,20.19,0.7141,0.7299
3930163,Pass,20.69,0.7114,0.7436
3930163,Ball Receipt*,66.59,0.5581,0.65
3930163,Pass,37.16,0.6412,0.693
3930163,Ball Receipt*,44.55,0.6167,0.6596
3930163,Pass,44.91,0.6156,0.6589
3930163,Ball Receipt*,55.91,0.5843,0.6276
3930163,Ball Receipt*,48.17,0.6058,0.6711
3930163,Pass,48.53,0.6047,0.67
3930163,Ball Receipt*,37.49,0.64,0.6754
3930163,Carry,37.49,0.64,0.6754
3930163,Ball Receipt*,50.62,0.5987,0.6946
3930163,Carry,50.62,0.5987,0.6946
3930163,Pass,50.17,0.6,0.6972
3930163,Pass,39.03,0.6347,0.6569
3930163,Ball Receipt*,45.2,0.6147,0.6615
3930163,Carry,45.2,0.6147,0.6615
3930163,Pass,45.03,0.6152,0.6625
3930163,Ball Receipt*,28.53,0.6745,0.6745
3930163,Carry,28.53,0.6745,0.6745
3930163,Ball Receipt*,53.83,0.5899,0.6496
3930163,Carry,53.83,0.5899,0.6496
3930163,Pass,53.83,0.5899,0.6421
3930163,Ball Receipt*,30.58,0.666,0.6827
3930163,Carry,30.58,0.666,0.6827
3930163,Ball Receipt*,27.42,0.6793,0.7293
3930163,Carry,27.42,0.6793,0.7293
3930163,Pass,27.42,0.6793,0.7293
3930163,Ball Receipt*,27.46,0.6791,0.7025
3930163,Carry,27.46,0.6791,0.7025
3930163,Pass,27.66,0.6782,0.7013
3930163,Ball Receipt*,34.2,0.6519,0.7043
3930163,Carry,34.2,0.6519,0.7043
3930163,Pass,39.87,0.6318,0.6646
3930163,Pass,48.37,0.6052,0.6839
3930163,Pass,35.06,0.6487,0.6856
3930163,Ball Receipt*,29.72,0.6695,0.7197
3930163,Carry,29.72,0.6695,0.7197
3930163,Pass,31.61,0.6619,0.7173
3930163,Ball Receipt*,33.46,0.6547,0.6882
3930163,Carry,33.46,0.6547,0.6882
3930163,Pass,33.25,0.6555,0.6887
3930163,Ball Receipt*,49.98,0.6005,0.6354
3930163,Carry,49.98,0.6005,0.6354
3930163,Ball Receipt*,32.17,0.6597,0.6597
3930163,Carry,32.17,0.6597,0.6597
3930163,Pass,32.17,0.6597,0.6734
3930163,Ball Receipt*,20.14,0.7143,0.7143
3930163,Carry,20.14,0.7143,0.7143
3930163,Pass,21.63,0.7065,0.7065
3930163,Ball Receipt*,48.1,0.606,0.645
3930163,Pass,47.79,0.6069,0.646
3930163,Ball Receipt*,37.56,0.6397,0.6691
3930163,Carry,37.56,0.6397,0.6691
3930163,Pass,37.64,0.6395,0.6696
3930163,Ball Receipt*,35.37,0.6476,0.7033
3930163,Carry,35.37,0.6476,0.7033
3930163,Ball Receipt*,26.28,0.6843,0.695
3930163,Carry,26.28,0.6843,0.695
3930163,Pass,30.62,0.6659,0.6807
3930163,Ball Receipt*,49.5,0.6019,0.6185
3930163,Carry,49.5,0.6019,0.6185
3930163,Ball Receipt*,35.49,0.6472,0.6891
3930163,Carry,35.49,0.6472,0.6891
3930163,Pass,35.67,0.6465,0.6866
3930163,Ball Receipt*,23.07,0.6993,0.7494
3930163,Carry,23.07,0.6993,0.7494
3930163,Dribble,68.05,0.5548,0.678
3930163,Pass,18.4,0.7239,0.7239
3930163,Ball Receipt*,47.5,0.6078,0.6568
3930163,Carry,47.5,0.6078,0.6568
3930163,Ball Receipt*,36.03,0.6452,0.6452
3930163,Carry,36.03,0.6452,0.6452
3930163,Pass,35.97,0.6454,0.6563
3930163,Pass,42.63,0.6228,0.6905
3930163,Ball Receipt*,58.87,0.5767,0.6645
3930163,Carry,58.87,0.5767,0.6645
3930163,Pass,33.26,0.6555,0.7035
3930163,Ball Receipt*,22.59,0.7017,0.7017
3930163,Carry,22.59,0.7017,0.7017
3930163,Ball Receipt*,46.7,0.6101,0.6122
3930163,Carry,46.7,0.6101,0.6122
3930163,Pass,39.35,0.6336,0.6678
3930163,Ball Receipt*,53.58,0.5905,0.6756
3930163,Carry,53.58,0.5905,0.6756
3930163,Pass,53.58,0.5905,0.6747
3930163,Ball Receipt*,50.98,0.5977,0.6887
3930163,Carry,50.98,0.5977,0.6887
3930163,Ball Receipt*,45.84,0.6127,0.6328
3930163,Carry,45.84,0.6127,0.6328
3930163,Pass,42.79,0.6222,0.6607
3930163,Ball Receipt*,40.94,0.6283,0.6545
3930163,Carry,40.94,0.6283,0.6545
3930163,Pass,43.85,0.6189,0.6486
3930163,Ball Receipt*,45.45,0.6139,0.6727
3930163,Pass,44.97,0.6154,0.6747
3930163,Ball Receipt*,49.4,0.6022,0.6899
3930163,Carry,49.4,0.6022,0.6899
3930163,Pass,44.64,0.6164,0.6447
3930163,Pass,20.8,0.7108,0.7374
3930163,Ball Receipt*,31.3,0.6631,0.7384
3930163,Carry,31.3,0.6631,0.7384
3930163,Pass,27.13,0.6805,0.7337
3930163,Ball Receipt*,24.08,0.6945,0.7424
3930163,Carry,24.08,0.6945,0.7424
3930163,Pass,22.91,0.7001,0.7495
3930163,Ball Receipt*,45.94,0.6124,0.657
3930163,Pass,45.94,0.6124,0.657
3930163,Ball Receipt*,46.22,0.6116,0.6176
3930163,Carry,46.22,0.6116,0.6176
3930163,Pass,44.83,0.6158,0.6287
3930163,Pass,37.82,0.6388,0.6942
3930163,Ball Receipt*,46.84,0.6097,0.6765
3930163,Carry,46.84,0.6097,0.6765
3930163,Pass,46.23,0.6116,0.6722
3930163,Ball Receipt*,39.35,0.6336,0.6741
3930163,Carry,39.35,0.6336,0.6741
3930163,Pass,27.19,0.6803,0.7115
3930163,Pass,33.12,0.656,0.6901
3930163,Ball Receipt*,31.44,0.6626,0.6882
3930163,Carry,31.44,0.6626,0.6882
3930163,Ball Receipt*,51.16,0.5972,0.6418
3930163,Carry,51.16,0.5972,0.6418
3930163,Pass,52.85,0.5925,0.635
3930163,Pass,41.93,0.625,0.6747
3930163,Ball Receipt*,48.18,0.6058,0.6812
3930163,Pass,48.18,0.6058,0.6812
3930163,Pressure,39.6,0.6327,0.635
3930163,Pass,39.31,0.6337,0.6693
3930163,Ball Receipt*,45.1,0.615,0.6588
3930163,Carry,45.1,0.615,0.6588
3930163,Ball Receipt*,34.13,0.6522,0.6706
3930163,Carry,34.13,0.6522,0.6706
3930163,Pass,33.7,0.6538,0.6731
3930163,Ball Receipt*,46.97,0.6093,0.6328
3930163,Carry,46.97,0.6093,0.6328
3930163,Ball Receipt*,32.22,0.6595,0.6737
3930163,Carry,32.22,0.6595,0.6737
3930163,Pass,32.92,0.6568,0.6697
3930163,Ball Receipt*,61.61,0.5699,0.6321
3930163,Ball Receipt*,48.3,0.6054,0.6349
3930163,Pass,48.3,0.6054,0.6349
3930163,Ball Receipt*,44.5,0.6168,0.6609
3930163,Pass,44.32,0.6174,0.6614
3930163,Ball Receipt*,54.5,0.588,0.6687
3930163,Carry,54.5,0.588,0.6687
3930163,Pass,32.75,0.6574,0.6574
3930163,Ball Receipt*,36.4,0.6439,0.6846
3930163,Carry,36.4,0.6439,0.6846
3930163,Pass,36.4,0.6439,0.6513
3930163,Ball Receipt*,38.68,0.6359,0.6648
3930163,Pass,38.98,0.6348,0.6634
3930163,Ball Receipt*,53.36,0.5911,0.6593
3930163,Carry,53.36,0.5911,0.6593
3930163,Foul Won,67.05,0.5571,0.6639
3930163,Ball Receipt*,44.37,0.6173,0.6938
3930163,Pass,44.34,0.6174,0.6941
3930163,Pass,52.42,0.5937,0.677
3930163,Pass,52.79,0.5927,0.614
3930163,Ball Receipt*,54.62,0.5877,0.5877
3930163,Carry,54.62,0.5877,0.5877
3930163,Dribble,54.52,0.588,0.588
3930163,Carry,54.52,0.588,0.588
3930163,Ball Receipt*,66.77,0.5577,0.6454
3930163,Foul Won,72.84,0.5442,0.6339
3930163,Ball Receipt*,29.95,0.6686,0.6686
3930163,Carry,29.95,0.6686,0.6686
3930163,Ball Receipt*,39.99,0.6314,0.7115
3930163,Carry,39.99,0.6314,0.7115
3930163,Pass,35.55,0.6469,0.7
3930163,Ball Receipt*,38.8,0.6355,0.717
3930163,Carry,38.8,0.6355,0.717
3930163,Ball Receipt*,53.76,0.5901,0.6428
3930163,Pass,54.63,0.5877,0.6399
3930163,Block,59.99,0.5739,0.6332
3930163,Pass,36.79,0.6425,0.6425
3930163,Pass,36.63,0.6431,0.6431
3930163,Foul Won,66.53,0.5582,0.6558
3930163,Carry,66.53,0.5582,0.6558
3930163,Dispossessed,65.62,0.5604,0.6531
3930163,Pass,30.23,0.6674,0.6784
3930163,Ball Receipt*,54.55,0.5879,0.6786
3930163,Pass,55.16,0.5863,0.6756
3930163,Ball Receipt*,61.39,0.5704,0.6352
3930163,Carry,61.39,0.5704,0.6352
3930163,Foul Won,65.9,0.5597,0.6261
3930163,Ball Receipt*,44.66,0.6164,0.679
3930163,Carry,44.66,0.6164,0.679
3930164,Pass,28.14,0.6762,0.7642
3930164,Pass,22.65,0.7014,0.7014
3930164,Ball Receipt*,28.37,0.6752,0.6992
3930164,Carry,28.37,0.6752,0.6992
3930164,Pass,28.51,0.6746,0.7063
3930164,Ball Receipt*,46.53,0.6106,0.6314
3930164,Carry,46.53,0.6106,0.6314
3930164,Pass,45.17,0.6148,0.6386
3930164,Ball Receipt*,31.61,0.6619,0.6927
3930164,Carry,31.61,0.6619,0.6927
3930164,Ball Receipt*,51.99,0.5949,0.6353
3930164,Ball Receipt*,26.72,0.6823,0.6823
3930164,Carry,26.72,0.6823,0.6823
3930164,Pass,26.16,0.6849,0.6924
3930164,Ball Receipt*,13.74,0.7528,0.7528
3930164,Carry,13.74,0.7528,0.7528
3930164,Pass,14.5,0.7477,0.7477
3930164,Pass,33.77,0.6536,0.6703
3930164,Ball Receipt*,45.91,0.6125,0.6349
3930164,Carry,45.91,0.6125,0.6349
3930164,Pass,44.51,0.6168,0.6397
3930164,Dribble,46.14,0.6118,0.66
3930164,Carry,46.14,0.6118,0.66
3930164,Duel,68.83,0.553,0.6207
3930164,Pass,43.6,0.6197,0.6197
3930164,Ball Receipt*,43.82,0.619,0.6323
3930164,Carry,43.82,0.619,0.6323
3930164,Pass,44.54,0.6167,0.6295
3930164,Ball Receipt*,30.98,0.6644,0.693
3930164,Carry,30.98,0.6644,0.693
3930164,Pass,40.61,0.6293,0.6331
3930164,Ball Receipt*,47.32,0.6083,0.648
3930164,Carry,47.32,0.6083,0.648
3930164,Pass,47.52,0.6077,0.6475
3930164,Ball Receipt*,43.82,0.619,0.6221
3930164,Carry,43.82,0.619,0.6221
3930164,Pass,43.61,0.6196,0.6259
3930164,Ball Receipt*,47.51,0.6077,0.6416
3930164,Carry,47.51,0.6077,0.6416
3930164,Pass,51.1,0.5974,0.6389
3930164,Ball Receipt*,56.88,0.5818,0.6316
3930164,Carry,56.88,0.5818,0.6316
3930164,Ball Receipt*,10.69,0.7752,0.7752
3930164,Carry,10.69,0.7752,0.7752
3930164,Pass,44.71,0.6162,0.651
3930164,Pass,43.75,0.6192,0.6706
3930164,Ball Receipt*,46.93,0.6094,0.6293
3930164,Carry,46.93,0.6094,0.6293
3930164,Pass,42.49,0.6232,0.6458
3930164,Ball Receipt*,22.96,0.6999,0.6999
3930164,Carry,22.96,0.6999,0.6999
3930164,Pass,21.09,0.7093,0.7193
3930164,Ball Receipt*,52.52,0.5934,0.6374
3930164,Pass,53.0,0.5921,0.6358
3930164,Ball Receipt*,61.85,0.5693,0.6058
3930164,Carry,61.85,0.5693,0.6058
3930164,Ball Receipt*,33.39,0.655,0.655
3930164,Carry,33.39,0.655,0.655
3930164,Pass,26.62,0.6828,0.6828
3930164,Ball Receipt*,8.88,0.7905,0.7905
3930164,Carry,8.88,0.7905,0.7905
3930164,Pass,9.87,0.7819,0.7819
3930164,Ball Receipt*,55.63,0.585,0.6138
3930164,Carry,55.63,0.585,0.6138
3930164,Ball Recovery,59.17,0.5759,0.654
3930164,Carry,59.17,0.5759,0.654
3930164,Ball Receipt*,49.76,0.6012,0.737
3930164,Carry,49.76,0.6012,0.737
3930164,Ball Receipt*,68.7,0.5533,0.6202
3930164,Ball Receipt*,29.21,0.6717,0.6717
3930164,Carry,29.21,0.6717,0.6717
3930164,Ball Receipt*,46.51,0.6107,0.6107
3930164,Carry,46.51,0.6107,0.6107
3930164,Pass,46.72,0.6101,0.6101
3930164,Ball Receipt*,48.35,0.6053,0.6053
3930164,Carry,48.35,0.6053,0.6053
3930164,Ball Receipt*,29.05,0.6723,0.6723
3930164,Carry,29.05,0.6723,0.6723
3930164,Pass,32.83,0.6571,0.6571
3930164,Ball Receipt*,37.7,0.6393,0.6506
3930164,Carry,37.7,0.6393,0.6506
3930164,Pass,39.26,0.6339,0.6511
3930164,Ball Recovery,33.56,0.6543,0.6787
3930164,Carry,33.56,0.6543,0.6787
3930164,Ball Receipt*,8.63,0.7927,0.7927
3930164,Carry,8.63,0.7927,0.7927
3930164,Pass,31.51,0.6623,0.6636
3930164,Clearance,29.91,0.6688,0.6858
3930164,Pass,36.38,0.6439,0.6878
3930164,Pass,27.87,0.6773,0.6773
3930164,Ball Receipt*,22.75,0.7009,0.7248
3930164,Pass,29.37,0.671,0.7198
3930164,Ball Receipt*,56.23,0.5835,0.656
3930164,Carry,56.23,0.5835,0.656
3930164,Pass,53.16,0.5917,0.6439
3930164,Pass,21.66,0.7064,0.7064
3930164,Ball Receipt*,27.74,0.6779,0.7043
3930164,Carry,27.74,0.6779,0.7043
3930164,Pass,29.3,0.6713,0.696
3930164,Ball Receipt*,16.62,0.7343,0.7343
3930164,Carry,16.62,0.7343,0.7343
3930164,Pass,18.16,0.7253,0.7253
3930164,Ball Receipt*,44.61,0.6165,0.632
3930164,Carry,44.61,0.6165,0.632
3930164,Pass,45.86,0.6127,0.6284
3930164,Ball Receipt*,50.28,0.5997,0.6387
3930164,Carry,50.28,0.5997,0.6387
3930164,Miscontrol,50.3,0.5996,0.6311
3930164,Ball Receipt*,17.72,0.7278,0.7278
3930164,Carry,17.72,0.7278,0.7278
3930164,Pass,16.73,0.7337,0.7337
3930164,Ball Receipt*,26.3,0.6842,0.7137
3930164,Carry,26.3,0.6842,0.7137
3930164,Pass,26.3,0.6842,0.6842
3930164,Ball Receipt*,31.74,0.6614,0.6858
3930164,Carry,31.74,0.6614,0.6858
3930164,Ball Receipt*,44.21,0.6178,0.6461
3930164,Carry,44.21,0.6178,0.6461
3930164,Pass,44.32,0.6174,0.6452
3930164,Ball Receipt*,39.58,0.6328,0.6457
3930164,Carry,39.58,0.6328,0.6457
3930164,Pass,28.31,0.6754,0.6976
3930164,Ball Receipt*,32.61,0.658,0.658
3930164,Carry,32.61,0.658,0.658
3930164,Pass,32.32,0.6591,0.6591
3930164,Ball Receipt*,40.97,0.6282,0.6553
3930164,Carry,40.97,0.6282,0.6553
3930164,Ball Receipt*,72.58,0.5448,0.6225
3930164,Ball Receipt*,67.93,0.555,0.6638
3930164,Ball Receipt*,14.73,0.7462,0.7462
3930164,Carry,14.73,0.7462,0.7462
3930164,Pass,32.02,0.6603,0.6782
3930164,Ball Receipt*,46.89,0.6096,0.7031
3930164,Carry,46.89,0.6096,0.7031
3930164,Miscontrol,47.87,0.6067,0.6981
3930164,Ball Receipt*,12.69,0.7601,0.7601
3930164,Carry,12.69,0.7601,0.7601
3930164,Pass,11.81,0.7666,0.7666
3930164,Ball Receipt*,19.22,0.7193,0.7428
3930164,Carry,19.22,0.7193,0.7428
3930164,Pass,24.43,0.6928,0.6928
3930164,Ball Receipt*,25.82,0.6864,0.6864
3930164,Carry,25.82,0.6864,0.6864
3930164,Pass,31.67,0.6617,0.6771
3930164,Ball Receipt*,45.25,0.6145,0.6451
3930164,Carry,45.25,0.6145,0.6451
3930164,Pass,47.44,0.6079,0.6372
3930164,Ball Receipt*,61.83,0.5694,0.6414
3930164,Carry,61.83,0.5694,0.6414
3930164,Ball Receipt*,39.23,0.634,0.659
3930164,Carry,39.23,0.634,0.659
3930164,Pass,39.77,0.6322,0.6621
3930164,Ball Receipt*,39.5,0.6331,0.6402
3930164,Carry,39.5,0.6331,0.6402
3930164,Pass,40.93,0.6283,0.636
3930164,Pass,31.13,0.6638,0.6638
3930164,Ball Receipt*,31.8,0.6612,0.6628
3930164,Carry,31.8,0.6612,0.6628
3930164,Pass,36.15,0.6448,0.6529
3930164,Ball Receipt*,31.77,0.6612,0.6612
3930164,Carry,31.77,0.6612,0.6612
3930164,Ball Receipt*,31.31,0.6631,0.6799
3930164,Carry,31.31,0.6631,0.6799
3930164,Ball Receipt*,44.64,0.6164,0.7057
3930164,Carry,44.64,0.6164,0.7057
3930164,Pass,49.91,0.6008,0.6676
3930164,Ball Receipt*,39.91,0.6317,0.6502
3930164,Carry,39.91,0.6317,0.6502
3930164,Pass,39.14,0.6343,0.6532
3930164,Ball Receipt*,27.69,0.6781,0.6904
3930164,Carry,27.69,0.6781,0.6904
3930164,Pass,29.0,0.6725,0.6923
3930164,Ball Receipt*,36.59,0.6432,0.7251
3930164,Carry,36.59,0.6432,0.7251
3930164,Pass,36.58,0.6432,0.7153
3930164,Ball Receipt*,40.85,0.6285,0.6709
3930164,Carry,40.85,0.6285,0.6709
3930164,Pass,43.49,0.62,0.6553
3930164,Ball Receipt*,55.07,0.5865,0.6599
3930164,Pass,54.59,0.5878,0.6613
3930164,Pass,34.19,0.6519,0.7052
3930164,Pass,23.99,0.6949,0.6949
3930164,Ball Receipt*,46.97,0.6093,0.6553
3930164,Carry,46.97,0.6093,0.6553
3930164,Pass,49.64,0.6015,0.6264
3930164,Ball Receipt*,34.65,0.6503,0.6744
3930164,Carry,34.65,0.6503,0.6744
3930164,Pass,32.98,0.6565,0.6565
3930164,Ball Receipt*,26.61,0.6829,0.6829
3930164,Carry,26.61,0.6829,0.6829
3930164,Pass,31.94,0.6606,0.6651
3930164,Ball Receipt*,56.84,0.5819,0.641
3930164,Carry,56.84,0.5819,0.641
3930164,Miscontrol,56.84,0.5819,0.641
3930164,Ball Receipt*,35.88,0.6458,0.68
3930164,Carry,35.88,0.6458,0.68
3930164,Dribble,38.31,0.6372,0.6691
3930164,Carry,38.31,0.6372,0.6691
3930164,Pass,32.31,0.6592,0.6592
3930164,Ball Receipt*,36.61,0.6431,0.6496
3930164,Carry,36.61,0.6431,0.6496
3930164,Pass,39.66,0.6325,0.6521
3930164,Pass,26.74,0.6823,0.6979
3930164,Ball Receipt*,45.92,0.6125,0.6407
3930164,Carry,45.92,0.6125,0.6407
3930164,Pass,45.59,0.6135,0.6432
3930164,Ball Receipt*,29.56,0.6702,0.7115
3930164,Carry,29.56,0.6702,0.7115
3930164,Ball Receipt*,35.53,0.647,0.6721
3930164,Carry,35.53,0.647,0.6721
3930164,Pass,38.37,0.6369,0.6369
3930164,Ball Receipt*,57.81,0.5794,0.6031
3930164,Carry,57.81,0.5794,0.6031
3930164,Ball Receipt*,34.49,0.6508,0.6508
3930164,Carry,34.49,0.6508,0.6508
3930164,Pass,35.37,0.6476,0.6476
3930164,Ball Recovery,24.5,0.6925,0.7445
3930164,Carry,24.5,0.6925,0.7445
3930164,Pass,24.52,0.6924,0.7287
3930164,Pass,48.31,0.6054,0.638
3930164,Ball Receipt*,19.71,0.7166,0.7166
3930164,Carry,19.71,0.7166,0.7166
3930164,Pass,21.39,0.7077,0.7077
3930164,Ball Receipt*,28.72,0.6737,0.7113
3930164,Carry,28.72,0.6737,0.7113
3930164,Pass,32.66,0.6578,0.6755
3930164,Pass,43.73,0.6193,0.6658
3930164,Ball Receipt*,46.97,0.6093,0.6412
3930164,Carry,46.97,0.6093,0.6412
3930164,Ball Receipt*,54.09,0.5892,0.6419
3930164,Carry,54.09,0.5892,0.6419
3930164,Ball Receipt*,37.54,0.6398,0.6608
3930164,Carry,37.54,0.6398,0.6608
3930164,Pass,44.22,0.6177,0.6177
3930164,Ball Receipt*,20.36,0.7132,0.7132
3930164,Carry,20.36,0.7132,0.7132
3930164,Pass,20.92,0.7102,0.7102
3930164,Ball Receipt*,38.35,0.637,0.637
3930164,Carry,38.35,0.637,0.637
3930164,Pass,40.35,0.6302,0.6302
3930164,Ball Receipt*,49.86,0.6009,0.6235
3930164,Carry,49.86,0.6009,0.6235
3930164,Pass,48.63,0.6044,0.6351
3930164,Ball Receipt*,34.39,0.6512,0.6512
3930164,Carry,34.39,0.6512,0.6512
3930164,Pass,37.7,0.6392,0.6392
3930164,Ball Receipt*,51.06,0.5975,0.6244
3930164,Carry,51.06,0.5975,0.6244
3930164,Pass,51.28,0.5969,0.6279
3930164,Ball Receipt*,61.27,0.5707,0.6042
3930164,Carry,61.27,0.5707,0.6042
3930164,Pass,52.22,0.5943,0.6062
3930164,Pass,39.79,0.6321,0.6321
3930164,Ball Receipt*,34.62,0.6504,0.6512
3930164,Carry,34.62,0.6504,0.6512
3930164,Pass,34.62,0.6504,0.6546
3930164,Ball Receipt*,40.91,0.6283,0.6526
3930164,Pass,40.91,0.6283,0.6526
3930164,Ball Receipt*,32.15,0.6598,0.6604
3930164,Carry,32.15,0.6598,0.6604
3930164,Pass,26.95,0.6813,0.6813
3930164,Ball Receipt*,39.84,0.6319,0.6319
3930164,Carry,39.84,0.6319,0.6319
3930164,Pass,40.52,0.6296,0.6446
3930164,Pressure,51.37,0.5966,0.6711
3930164,Pressure,59.14,0.576,0.6524
3930164,Pass,35.15,0.6484,0.6725
3930164,Pass,29.84,0.669,0.6929
3930164,Ball Receipt*,27.94,0.677,0.7008
3930164,Carry,27.94,0.677,0.7008
3930164,Pass,33.54,0.6544,0.6746
3930164,Ball Receipt*,37.48,0.64,0.64
3930164,Carry,37.48,0.64,0.64
3930164,Dribble,70.53,0.5492,0.5987
3930164,Pass,32.64,0.6579,0.663
3930164,Pass,47.74,0.6071,0.6608
3930164,Ball Receipt*,39.13,0.6343,0.6928
3930164,Carry,39.13,0.6343,0.6928
3930164,Pass,41.15,0.6276,0.6709
3930164,Ball Receipt*,53.42,0.591,0.6765
3930164,Carry,53.42,0.591,0.6765
3930164,Pass,53.42,0.591,0.6765
3930164,Ball Receipt*,56.34,0.5832,0.6865
3930164,Carry,56.34,0.5832,0.6865
3930164,Pass,56.34,0.5832,0.6865
3930164,Ball Receipt*,48.65,0.6044,0.629
3930164,Carry,48.65,0.6044,0.629
3930164,Ball Recovery,36.42,0.6438,0.6875
3930164,Carry,36.42,0.6438,0.6875
3930164,Pass,26.85,0.6818,0.6896
3930164,Ball Receipt*,49.76,0.6012,0.6863
3930164,Carry,49.76,0.6012,0.6863
3930164,Pass,46.97,0.6093,0.6731
3930164,Ball Receipt*,47.3,0.6084,0.6701
3930164,Carry,47.3,0.6084,0.6701
3930164,Pass,46.77,0.6099,0.6716
3930164,Ball Receipt*,30.04,0.6682,0.6733
3930164,Carry,30.04,0.6682,0.6733
3930164,Pass,29.03,0.6724,0.6749
3930164,Ball Receipt*,36.83,0.6423,0.6561
3930164,Carry,36.83,0.6423,0.6561
3930164,Pass,41.2,0.6274,0.6408
3930164,Ball Receipt*,49.51,0.6019,0.6211
3930164,Carry,49.51,0.6019,0.6211
3930164,Pass,48.75,0.6041,0.624
3930164,Ball Receipt*,32.32,0.6591,0.6909
3930164,Carry,32.32,0.6591,0.6909
3930164,Pass,43.68,0.6194,0.6194
3930164,Ball Recovery,51.46,0.5964,0.6484
3930164,Carry,51.46,0.5964,0.6484
3930164,Dribble,53.32,0.5912,0.6408
3930164,Ball Receipt*,14.9,0.7451,0.7451
3930164,Carry,14.9,0.7451,0.7451
3930164,Pass,45.57,0.6136,0.6565
3930164,Ball Receipt*,47.78,0.6069,0.6329
3930164,Carry,47.78,0.6069,0.6329
3930164,Pass,49.66,0.6015,0.6366
3930164,Ball Receipt*,37.26,0.6408,0.6731
3930164,Carry,37.26,0.6408,0.6731
3930164,Ball Receipt*,57.74,0.5796,0.6956
3930164,Miscontrol,57.37,0.5805,0.6966
3930164,Ball Recovery,40.97,0.6282,0.6775
3930164,Pass,39.83,0.6319,0.6665
3930164,Ball Receipt*,52.53,0.5934,0.6624
3930164,Carry,52.53,0.5934,0.6624
3930164,Pass,51.45,0.5964,0.6587
3930164,Ball Receipt*,48.65,0.6044,0.6594
3930164,Carry,48.65,0.6044,0.6594
3930164,Pass,25.5,0.6878,0.6878
3930164,Ball Receipt*,9.34,0.7865,0.7865
3930164,Carry,9.34,0.7865,0.7865
3930164,Pass,10.95,0.7732,0.7732
3930164,Ball Receipt*,23.09,0.6993,0.6993
3930164,Carry,23.09,0.6993,0.6993
3930164,Ball Receipt*,22.65,0.7014,0.7037
3930164,Carry,22.65,0.7014,0.7037
3930164,Pass,27.26,0.68,0.684
3930164,Ball Receipt*,43.32,0.6206,0.6396
3930164,Carry,43.32,0.6206,0.6396
3930164,Pass,43.83,0.619,0.6392
3930164,Ball Receipt*,49.77,0.6011,0.6541
3930164,Carry,49.77,0.6011,0.6541
3930164,Dispossessed,68.95,0.5528,0.6477
3930164,Ball Receipt*,37.97,0.6383,0.6807
3930164,Carry,37.97,0.6383,0.6807
3930164,Pass,44.01,0.6184,0.6184
3930164,Ball Recovery,33.9,0.6531,0.6531
3930164,Carry,33.9,0.6531,0.6531
3930164,Pass,43.56,0.6198,0.65
3930164,Ball Receipt*,38.72,0.6357,0.6645
3930164,Carry,38.72,0.6357,0.6645
3930164,Pass,36.9,0.6421,0.6676
3930164,Pass,31.09,0.664,0.6789
3930164,Ball Receipt*,48.73,0.6042,0.6641
3930164,Carry,48.73,0.6042,0.6641
3930164,Ball Receipt*,24.47,0.6926,0.7059
3930164,Carry,24.47,0.6926,0.7059
3930164,Pass,30.54,0.6662,0.6857
3930164,Ball Receipt*,34.81,0.6497,0.6712
3930164,Carry,34.81,0.6497,0.6712
3930164,Pass,38.9,0.6351,0.6616
3930164,Dispossessed,58.88,0.5767,0.6281
3930164,Pass,49.8,0.6011,0.6215
3930164,Ball Receipt*,38.41,0.6368,0.6368
3930164,Carry,38.41,0.6368,0.6368
3930164,Pass,26.17,0.6848,0.6848
3930164,Ball Receipt*,24.65,0.6918,0.6918
3930164,Ball Receipt*,64.04,0.5641,0.6546
3930164,Carry,64.04,0.5641,0.6546
3930164,Pass,41.73,0.6257,0.6257
3930164,Pass,27.84,0.6774,0.7079
3930164,Ball Receipt*,44.73,0.6161,0.7033
3930164,Carry,44.73,0.6161,0.7033
3930164,Miscontrol,43.8,0.619,0.7054
3930164,Pressure,40.07,0.6312,0.6846
3930164,Block,40.26,0.6305,0.69
3930164,Ball Recovery,50.03,0.6004,0.6697
3930164,Carry,50.03,0.6004,0.6697
3930164,Dribble,50.44,0.5992,0.6479
3930164,Carry,50.44,0.5992,0.6479
3930164,Pass,38.45,0.6367,0.6695
3930164,Ball Recovery,48.61,0.6045,0.6386
3930164,Carry,48.61,0.6045,0.6386
3930164,Ball Receipt*,51.78,0.5955,0.6354
3930164,Carry,51.78,0.5955,0.6354
3930164,Pass,43.83,0.619,0.6392
3930164,Ball Receipt*,56.92,0.5817,0.6313
3930164,Carry,56.92,0.5817,0.6313
3930164,Pass,56.22,0.5835,0.6336
3930165,Ball Receipt*,73.08,0.5437,0.6451
3930165,Pass,39.62,0.6327,0.6525
3930165,Ball Receipt*,39.81,0.632,0.6441
3930165,Pass,39.81,0.632,0.6441
3930165,Ball Receipt*,31.04,0.6642,0.6642
3930165,Carry,31.04,0.6642,0.6642
3930165,Pass,50.04,0.6004,0.6235
3930165,Ball Receipt*,55.42,0.5856,0.6125
3930165,Pass,55.42,0.5856,0.6125
3930165,Dribble,64.43,0.5631,0.6247
3930165,Ball Receipt*,54.19,0.5889,0.6722
3930165,Carry,54.19,0.5889,0.6722
3930165,Pass,54.37,0.5884,0.6727
3930165,Ball Receipt*,54.96,0.5868,0.6682
3930165,Foul Committed,55.1,0.5865,0.6671
3930165,Pass,37.08,0.6414,0.6629
3930165,Ball Receipt*,48.88,0.6037,0.6351
3930165,Carry,48.88,0.6037,0.6351
3930165,Pass,55.92,0.5843,0.6274
3930165,Pass,34.2,0.6519,0.6519
3930165,Ball Recovery,37.99,0.6382,0.6829
3930165,Carry,37.99,0.6382,0.6829
3930165,Pass,40.16,0.6308,0.6646
3930165,Dispossessed,74.15,0.5414,0.6034
3930165,Ball Recovery,38.92,0.635,0.6781
3930165,Carry,38.92,0.635,0.6781
3930165,Pass,41.22,0.6273,0.6578
3930165,Ball Receipt*,57.31,0.5807,0.6251
3930165,Carry,57.31,0.5807,0.6251
3930165,Dribble,58.43,0.5778,0.6244
3930165,Carry,58.43,0.5778,0.6244
3930165,Pass,25.02,0.6901,0.7243
3930165,Ball Receipt*,34.78,0.6498,0.7157
3930165,Carry,34.78,0.6498,0.7157
3930165,Pass,34.78,0.6498,0.7098
3930165,Ball Receipt*,27.84,0.6775,0.7023
3930165,Carry,27.84,0.6775,0.7023
3930165,Pass,32.74,0.6575,0.6575
3930165,Ball Receipt*,38.92,0.635,0.6716
3930165,Pass,38.92,0.635,0.6716
3930165,Ball Receipt*,56.37,0.5831,0.6396
3930165,Carry,56.37,0.5831,0.6396
3930165,Pass,55.02,0.5867,0.6397
3930165,Pass,31.25,0.6633,0.6746
3930165,Ball Receipt*,35.35,0.6477,0.6822
3930165,Carry,35.35,0.6477,0.6822
3930165,Pass,36.93,0.642,0.6776
3930165,Ball Receipt*,49.87,0.6009,0.6641
3930165,Carry,49.87,0.6009,0.6641
3930165,Pass,46.31,0.6113,0.6592
3930165,Ball Receipt*,43.7,0.6194,0.6428
3930165,Pass,43.7,0.6194,0.6428
3930165,Ball Receipt*,56.76,0.5821,0.6151
3930165,Carry,56.76,0.5821,0.6151
3930165,Pass,35.87,0.6458,0.6766
3930165,Ball Receipt*,33.77,0.6535,0.6538
3930165,Pass,33.77,0.6535,0.6538
3930165,Block,53.92,0.5896,0.6571
3930165,Foul Won,67.18,0.5568,0.6565
3930165,Ball Receipt*,45.06,0.6151,0.721
3930165,Pass,34.17,0.652,0.6852
3930165,Ball Receipt*,44.39,0.6172,0.6559
3930165,Carry,44.39,0.6172,0.6559
3930165,Ball Receipt*,38.66,0.6359,0.6468
3930165,Carry,38.66,0.6359,0.6468
3930165,Pass,49.57,0.6017,0.612
3930165,Foul Won,70.77,0.5487,0.6723
3930165,Ball Receipt*,66.29,0.5588,0.6815
3930165,Pass,45.05,0.6152,0.6349
3930165,Ball Receipt*,50.03,0.6004,0.6395
3930165,Carry,50.03,0.6004,0.6395
3930165,Pass,45.13,0.6149,0.6655
3930165,Ball Receipt*,56.5,0.5828,0.5858
3930165,Carry,56.5,0.5828,0.5858
3930165,Pass,35.63,0.6466,0.6466
3930165,Ball Receipt*,34.92,0.6492,0.6567
3930165,Carry,34.92,0.6492,0.6567
3930165,Pass,31.79,0.6612,0.6623
3930165,Ball Receipt*,35.98,0.6454,0.7126
3930165,Carry,35.98,0.6454,0.7126
3930165,Pass,35.79,0.6461,0.7086
3930165,Ball Receipt*,26.65,0.6827,0.7091
3930165,Carry,26.65,0.6827,0.7091
3930165,Ball Receipt*,44.59,0.6166,0.6245
3930165,Carry,44.59,0.6166,0.6245
3930165,Pass,44.59,0.6166,0.6245
3930165,Ball Receipt*,55.34,0.5858,0.6263
3930165,Carry,55.34,0.5858,0.6263
3930165,Pass,55.22,0.5862,0.6265
3930165,Ball Receipt*,52.34,0.5939,0.6406
3930165,Carry,52.34,0.5939,0.6406
3930165,Pass,36.36,0.644,0.6898
3930165,Ball Receipt*,37.85,0.6387,0.665
3930165,Carry,37.85,0.6387,0.665
3930165,Pass,41.07,0.6278,0.6526
3930165,Interception,36.42,0.6438,0.7944
3930165,Carry,36.42,0.6438,0.7944
3930165,Pass,36.68,0.6429,0.8166
3930165,Ball Receipt*,30.21,0.6675,0.8284
3930165,Pass,31.29,0.6631,0.8147
3930165,Ball Receipt*,44.45,0.617,0.6728
3930165,Carry,44.45,0.617,0.6728
3930165,Pass,48.61,0.6045,0.6499
3930165,Ball Receipt*,41.51,0.6264,0.6517
3930165,Pass,41.51,0.6264,0.6517
3930165,Ball Receipt*,54.43,0.5883,0.6498
3930165,Carry,54.43,0.5883,0.6498
3930165,Interception,27.13,0.6805,0.6946
3930165,50/50,26.46,0.6835,0.7077
3930165,Ball Recovery,25.46,0.6881,0.7037
3930165,Carry,25.46,0.6881,0.7037
3930165,Ball Recovery,21.87,0.7053,0.7248
3930165,Carry,21.87,0.7053,0.7248
3930165,Pass,24.36,0.6931,0.7101
3930165,Ball Receipt*,32.31,0.6592,0.7058
3930165,Carry,32.31,0.6592,0.7058
3930165,Pass,24.77,0.6912,0.7087
3930165,Dribble,72.64,0.5447,0.6188
3930165,Pass,32.81,0.6572,0.6752
3930165,Ball Receipt*,11.19,0.7713,0.7713
3930165,Carry,11.19,0.7713,0.7713
3930165,Pass,32.84,0.6571,0.6735
3930165,Ball Receipt*,34.6,0.6504,0.6504
3930165,Carry,34.6,0.6504,0.6504
3930165,Ball Receipt*,44.24,0.6177,0.7233
3930165,Carry,44.24,0.6177,0.7233
3930165,Pass,48.73,0.6042,0.6883
3930165,Ball Receipt*,28.06,0.6765,0.6904
3930165,Pass,41.42,0.6267,0.6418
3930165,Ball Receipt*,51.71,0.5957,0.63
3930165,Carry,51.71,0.5957,0.63
3930165,Pass,49.71,0.6013,0.6498
3930165,Ball Receipt*,57.78,0.5795,0.6243
3930165,Pass,58.66,0.5772,0.6238
3930165,Pressure,59.09,0.5761,0.6123
3930165,Ball Receipt*,69.88,0.5507,0.657
3930165,Pass,50.96,0.5978,0.6234
3930165,Ball Receipt*,41.09,0.6278,0.6629
3930165,Carry,41.09,0.6278,0.6629
3930165,Pass,41.22,0.6273,0.6619
3930165,Ball Receipt*,43.84,0.6189,0.6626
3930165,Carry,43.84,0.6189,0.6626
3930165,Foul Won,73.86,0.5421,0.6021
3930165,Pass,23.89,0.6954,0.712
3930165,Ball Receipt*,50.41,0.5993,0.6949
3930165,Miscontrol,50.44,0.5992,0.6946
3930165,Pass,14.97,0.7447,0.8296
3930165,Dribble,72.76,0.5444,0.6098
3930165,Pass,41.91,0.6251,0.6664
3930165,Ball Receipt*,49.93,0.6007,0.6271
3930165,Carry,49.93,0.6007,0.6271
3930165,Miscontrol,49.42,0.6022,0.6892
3930165,Pass,21.71,0.7061,0.7305
3930165,Ball Receipt*,14.9,0.7451,0.7451
3930165,Carry,14.9,0.7451,0.7451
3930165,Pass,41.08,0.6278,0.6517
3930165,Ball Receipt*,44.28,0.6176,0.6576
3930165,Pass,44.25,0.6176,0.6588
3930165,Ball Receipt*,39.88,0.6318,0.6627
3930165,Carry,39.88,0.6318,0.6627
3930165,Ball Receipt*,34.0,0.6527,0.6527
3930165,Pass,34.0,0.6527,0.6527
3930165,Ball Receipt*,18.16,0.7253,0.7253
3930165,Carry,18.16,0.7253,0.7253
3930165,Pass,18.59,0.7228,0.7228
3930165,Pass,34.7,0.65,0.6881
3930165,Pass,39.33,0.6336,0.6711
3930165,Pass,47.18,0.6087,0.6698
3930165,Ball Recovery,47.98,0.6063,0.6437
3930165,Carry,47.98,0.6063,0.6437
3930165,Duel,56.65,0.5824,0.6886
3930165,Pass,34.17,0.6521,0.6787
3930165,Ball Receipt*,22.84,0.7005,0.7005
3930165,Carry,22.84,0.7005,0.7005
3930165,Pass,19.7,0.7167,0.7704
3930165,Ball Receipt*,34.91,0.6493,0.7114
3930165,Carry,34.91,0.6493,0.7114
3930165,Pass,26.16,0.6848,0.7331
3930165,Ball Receipt*,29.31,0.6712,0.7229
3930165,Carry,29.31,0.6712,0.7229
3930165,Pass,29.57,0.6702,0.7282
3930165,Ball Receipt*,56.71,0.5822,0.637
3930165,Carry,56.71,0.5822,0.637
3930165,Pass,50.45,0.5992,0.64
3930165,Ball Receipt*,30.77,0.6653,0.6786
3930165,Carry,30.77,0.6653,0.6786
3930165,Pass,33.69,0.6539,0.6955
3930165,Ball Receipt*,45.54,0.6137,0.65
3930165,Carry,45.54,0.6137,0.65
3930165,Pass,45.54,0.6137,0.65
3930165,Ball Receipt*,32.96,0.6566,0.6594
3930165,Carry,32.96,0.6566,0.6594
3930165,Pass,31.79,0.6612,0.6612
3930165,Ball Receipt*,50.53,0.599,0.6786
3930165,Carry,50.53,0.599,0.6786
3930165,Ball Recovery,45.57,0.6136,0.6589
3930165,Carry,45.57,0.6136,0.6589
3930165,Pass,45.77,0.613,0.6566
3930165,Ball Receipt*,54.57,0.5879,0.6605
3930165,Carry,54.57,0.5879,0.6605
3930165,Pass,55.16,0.5863,0.6159
3930165,Ball Receipt*,65.64,0.5603,0.7019
3930165,Ball Receipt*,60.06,0.5737,0.6208
3930165,Pass,60.06,0.5737,0.6208
3930165,Pass,49.88,0.6008,0.6365
3930165,Ball Receipt*,46.51,0.6107,0.6515
3930165,Pass,46.51,0.6107,0.6515
3930165,Pass,44.78,0.616,0.6203
3930165,Dispossessed,57.95,0.579,0.63
3930165,Ball Receipt*,72.39,0.5452,0.6538
3930165,Foul Won,73.42,0.543,0.6151
3930165,Pass,43.55,0.6198,0.6198
3930165,Ball Receipt*,29.17,0.6718,0.7214
3930165,Carry,29.17,0.6718,0.7214
3930165,Pass,30.59,0.666,0.7172
3930165,Ball Receipt*,24.23,0.6938,0.7006
3930165,Carry,24.23,0.6938,0.7006
3930165,Pass,33.43,0.6548,0.6813
3930165,Ball Receipt*,52.98,0.5922,0.6247
3930165,Carry,52.98,0.5922,0.6247
3930165,Foul Won,63.92,0.5643,0.6678
3930165,Carry,63.92,0.5643,0.6678
3930165,Ball Receipt*,19.49,0.7179,0.8165
3930165,Carry,19.49,0.7179,0.8165
3930165,Pass,23.48,0.6973,0.7437
3930165,Ball Receipt*,41.21,0.6274,0.703
3930165,Carry,41.21,0.6274,0.703
